{"items":[{"label":"539f737dec4f024411ecfd67","uri":"https://openei.org/apps/USURDB/rate/view/539f737dec4f024411ecfd67","approved":true,"basicinformationcomments":"(Other On Peak Periods available are 7:00 a.m. to 7:00 p.m., 9:00 a.m. to 9:00 p.m.Monday through Friday, excluding holidays)","demandrateunit":"kW","description":"Power Cost Adjustment Clause (varies monthly) is applicable.","startdate":1357002000,"eiaid":10056,"energycomments":"(Period 1: On Peak, Period 2: Off Peak) Adj = Renewable Energy Rider ($0.01) $3/300 kWh block.","energyratestructure":[[{"unit":"kWh","rate":0.196,"adj":0.01}],[{"unit":"kWh","rate":0.056,"adj":0.01}]],"energyweekdayschedule":[[1,1,1,1,1,1,1,1,0,0,0,0,0,0,0,0,0,0,0,0,1,1,1,1],[1,1,1,1,1,1,1,1,0,0,0,0,0,0,0,0,0,0,0,0,1,1,1,1],[1,1,1,1,1,1,1,1,0,0,0,0,0,0,0,0,0,0,0,0,1,1,1,1],[1,1,1,1,1,1,1,1,0,0,0,0,0,0,0,0,0,0,0,0,1,1,1,1],[1,1,1,1,1,1,1,1,0,0,0,0,0,0,0,0,0,0,0,0,1,1,1,1],[1,1,1,1,1,1,1,1,0,0,0,0,0,0,0,0,0,0,0,0,1,1,1,1],[1,1,1,1,1,1,1,1,0,0,0,0,0,0,0,0,0,0,0,0,1,1,1,1],[1,1,1,1,1,1,1,1,0,0,0,0,0,0,0,0,0,0,0,0,1,1,1,1],[1,1,1,1,1,1,1,1,0,0,0,0,0,0,0,0,0,0,0,0,1,1,1,1],[1,1,1,1,1,1,1,1,0,0,0,0,0,0,0,0,0,0,0,0,1,1,1,1],[1,1,1,1,1,1,1,1,0,0,0,0,0,0,0,0,0,0,0,0,1,1,1,1],[1,1,1,1,1,1,1,1,0,0,0,0,0,0,0,0,0,0,0,0,1,1,1,1]],"energyweekendschedule":[[1,1,1,1,1,1,1,1,1,1,1,1,1,1,1,1,1,1,1,1,1,1,1,1],[1,1,1,1,1,1,1,1,1,1,1,1,1,1,1,1,1,1,1,1,1,1,1,1],[1,1,1,1,1,1,1,1,1,1,1,1,1,1,1,1,1,1,1,1,1,1,1,1],[1,1,1,1,1,1,1,1,1,1,1,1,1,1,1,1,1,1,1,1,1,1,1,1],[1,1,1,1,1,1,1,1,1,1,1,1,1,1,1,1,1,1,1,1,1,1,1,1],[1,1,1,1,1,1,1,1,1,1,1,1,1,1,1,1,1,1,1,1,1,1,1,1],[1,1,1,1,1,1,1,1,1,1,1,1,1,1,1,1,1,1,1,1,1,1,1,1],[1,1,1,1,1,1,1,1,1,1,1,1,1,1,1,1,1,1,1,1,1,1,1,1],[1,1,1,1,1,1,1,1,1,1,1,1,1,1,1,1,1,1,1,1,1,1,1,1],[1,1,1,1,1,1,1,1,1,1,1,1,1,1,1,1,1,1,1,1,1,1,1,1],[1,1,1,1,1,1,1,1,1,1,1,1,1,1,1,1,1,1,1,1,1,1,1,1],[1,1,1,1,1,1,1,1,1,1,1,1,1,1,1,1,1,1,1,1,1,1,1,1]],"flatdemandunit":"kW","phasewiring":"3-Phase","name":"Residential Service- Optional Time-of-Day (Three Phase)","revisions":[1339507525,1339507543,1339507567,1342706673,1355012495,1406205576,1406205651,1406210550,1406211136,1427405189],"sector":"Residential","sourceparent":"http://www.kaukaunautilities.com/about_us/default.asp?CategoryNumber=5","source":"http://www.kaukaunautilities.com/media/Electric_Rate_Tariffs_as_of_January_1_2013.pdf","utility":"City of Kaukauna, Wisconsin (Utility Company)","usenetmetering":true,"fixedmonthlycharge":12}]}