{"items":[{"label":"539fb9fcec4f024bc1dc28b3","uri":"https://openei.org/apps/USURDB/rate/view/53bb07f7ec4f021fcbe248f6","approved":true,"demandrateunit":"kW","description":"This tariff is available to all domestic consumers of the Cooperative for all uses, subject to its established rules and regulations. Service under this schedule is based on consumers whose load requirements do not exceed 50 kVa of transformer capacity; consumer requiring transformer capacity in excess of 50 kVa shall be required to pay an additional customer charge of $0.50 per kVa for each one (1) kVa of transformer capacity required for an individual consumer's service above 50 kVa.\r\n  \r\n  \r\nMINIMUM CHARGE:\r\nThe minimum monthly charge shall be the Customer Charge plus $10.00 per month","startdate":1377993600,"eiaid":10170,"energyratestructure":[[{"unit":"kWh","rate":0.0936}],[{"max":1000,"unit":"kWh","rate":0.0755},{"unit":"kWh","rate":0.061}],[{"max":1000,"unit":"kWh","rate":0.078},{"unit":"kWh","rate":0.0635}]],"energyweekdayschedule":[[1,1,1,1,1,1,1,1,1,1,1,1,1,1,1,1,1,1,1,1,1,1,1,1],[1,1,1,1,1,1,1,1,1,1,1,1,1,1,1,1,1,1,1,1,1,1,1,1],[2,2,2,2,2,2,2,2,2,2,2,2,2,2,2,2,2,2,2,2,2,2,2,2],[2,2,2,2,2,2,2,2,2,2,2,2,2,2,2,2,2,2,2,2,2,2,2,2],[2,2,2,2,2,2,2,2,2,2,2,2,2,2,2,2,2,2,2,2,2,2,2,2],[0,0,0,0,0,0,0,0,0,0,0,0,0,0,0,0,0,0,0,0,0,0,0,0],[0,0,0,0,0,0,0,0,0,0,0,0,0,0,0,0,0,0,0,0,0,0,0,0],[0,0,0,0,0,0,0,0,0,0,0,0,0,0,0,0,0,0,0,0,0,0,0,0],[2,2,2,2,2,2,2,2,2,2,2,2,2,2,2,2,2,2,2,2,2,2,2,2],[2,2,2,2,2,2,2,2,2,2,2,2,2,2,2,2,2,2,2,2,2,2,2,2],[2,2,2,2,2,2,2,2,2,2,2,2,2,2,2,2,2,2,2,2,2,2,2,2],[1,1,1,1,1,1,1,1,1,1,1,1,1,1,1,1,1,1,1,1,1,1,1,1]],"energyweekendschedule":[[1,1,1,1,1,1,1,1,1,1,1,1,1,1,1,1,1,1,1,1,1,1,1,1],[1,1,1,1,1,1,1,1,1,1,1,1,1,1,1,1,1,1,1,1,1,1,1,1],[2,2,2,2,2,2,2,2,2,2,2,2,2,2,2,2,2,2,2,2,2,2,2,2],[2,2,2,2,2,2,2,2,2,2,2,2,2,2,2,2,2,2,2,2,2,2,2,2],[2,2,2,2,2,2,2,2,2,2,2,2,2,2,2,2,2,2,2,2,2,2,2,2],[0,0,0,0,0,0,0,0,0,0,0,0,0,0,0,0,0,0,0,0,0,0,0,0],[0,0,0,0,0,0,0,0,0,0,0,0,0,0,0,0,0,0,0,0,0,0,0,0],[0,0,0,0,0,0,0,0,0,0,0,0,0,0,0,0,0,0,0,0,0,0,0,0],[2,2,2,2,2,2,2,2,2,2,2,2,2,2,2,2,2,2,2,2,2,2,2,2],[2,2,2,2,2,2,2,2,2,2,2,2,2,2,2,2,2,2,2,2,2,2,2,2],[2,2,2,2,2,2,2,2,2,2,2,2,2,2,2,2,2,2,2,2,2,2,2,2],[1,1,1,1,1,1,1,1,1,1,1,1,1,1,1,1,1,1,1,1,1,1,1,1]],"flatdemandunit":"kW","phasewiring":"Single Phase","name":"Residential","revisions":[1401740648,1401740746,1406645210,1427405219],"sector":"Residential","sourceparent":"http://kiamichielectric.coopwebbuilder.com/content/rate-schedule","source":"http://kiamichielectric.coopwebbuilder.com/sites/kiamichielectric.coopwebbuilder.com/files/rsrate.pdf","supersedes":"53bb07f7ec4f021fcbe248f6","utility":"Kiamichi Electric Coop, Inc","voltagecategory":"Secondary","fixedmonthlycharge":22}]}