{"items":[{"label":"539fc8f5ec4f024d2f53ec28","uri":"https://openei.org/apps/USURDB/rate/view/539fc8f5ec4f024d2f53ec28","approved":true,"demandrateunit":"kW","description":"\"The Rate Adjustment applicable to the included rate schedules shall be $(.0001672) per kWh used per month. The rate is embedded in the base kilowatt hour charge.\"\r\n\r\nThis rate is also subject to the Fuel Cost Adjustment. \r\n\r\n\"Fuel Cost Adjustment: The fuel cost adjustment in dollars per kilowatt hour shall be the same as that most recently billed to the Avilla Municipal Electric Utility by its purchased power supplier.\"","startdate":1017622800,"eiaid":1028,"energyratestructure":[[{"max":500,"unit":"kWh","rate":0.057,"adj":0},{"max":1000,"unit":"kWh","rate":0.055,"adj":0},{"unit":"kWh","rate":0.054,"adj":0}]],"energyweekdayschedule":[[0,0,0,0,0,0,0,0,0,0,0,0,0,0,0,0,0,0,0,0,0,0,0,0],[0,0,0,0,0,0,0,0,0,0,0,0,0,0,0,0,0,0,0,0,0,0,0,0],[0,0,0,0,0,0,0,0,0,0,0,0,0,0,0,0,0,0,0,0,0,0,0,0],[0,0,0,0,0,0,0,0,0,0,0,0,0,0,0,0,0,0,0,0,0,0,0,0],[0,0,0,0,0,0,0,0,0,0,0,0,0,0,0,0,0,0,0,0,0,0,0,0],[0,0,0,0,0,0,0,0,0,0,0,0,0,0,0,0,0,0,0,0,0,0,0,0],[0,0,0,0,0,0,0,0,0,0,0,0,0,0,0,0,0,0,0,0,0,0,0,0],[0,0,0,0,0,0,0,0,0,0,0,0,0,0,0,0,0,0,0,0,0,0,0,0],[0,0,0,0,0,0,0,0,0,0,0,0,0,0,0,0,0,0,0,0,0,0,0,0],[0,0,0,0,0,0,0,0,0,0,0,0,0,0,0,0,0,0,0,0,0,0,0,0],[0,0,0,0,0,0,0,0,0,0,0,0,0,0,0,0,0,0,0,0,0,0,0,0],[0,0,0,0,0,0,0,0,0,0,0,0,0,0,0,0,0,0,0,0,0,0,0,0]],"energyweekendschedule":[[0,0,0,0,0,0,0,0,0,0,0,0,0,0,0,0,0,0,0,0,0,0,0,0],[0,0,0,0,0,0,0,0,0,0,0,0,0,0,0,0,0,0,0,0,0,0,0,0],[0,0,0,0,0,0,0,0,0,0,0,0,0,0,0,0,0,0,0,0,0,0,0,0],[0,0,0,0,0,0,0,0,0,0,0,0,0,0,0,0,0,0,0,0,0,0,0,0],[0,0,0,0,0,0,0,0,0,0,0,0,0,0,0,0,0,0,0,0,0,0,0,0],[0,0,0,0,0,0,0,0,0,0,0,0,0,0,0,0,0,0,0,0,0,0,0,0],[0,0,0,0,0,0,0,0,0,0,0,0,0,0,0,0,0,0,0,0,0,0,0,0],[0,0,0,0,0,0,0,0,0,0,0,0,0,0,0,0,0,0,0,0,0,0,0,0],[0,0,0,0,0,0,0,0,0,0,0,0,0,0,0,0,0,0,0,0,0,0,0,0],[0,0,0,0,0,0,0,0,0,0,0,0,0,0,0,0,0,0,0,0,0,0,0,0],[0,0,0,0,0,0,0,0,0,0,0,0,0,0,0,0,0,0,0,0,0,0,0,0],[0,0,0,0,0,0,0,0,0,0,0,0,0,0,0,0,0,0,0,0,0,0,0,0]],"phasewiring":"Single Phase","name":"Rate RS","revisions":[1343999856,1343999986,1344000166,1344000360,1344000448,1344000555,1344000689,1344000827,1344000925,1349194812,1354947959,1404898549,1427405185],"sector":"Residential","source":"ISU Archive","utility":"Town of Avilla, Indiana (Utility Company)","voltagecategory":"Secondary","fixedmonthlycharge":5}]}