{"items":[{"label":"54b684655357a3cf0d3893e1","uri":"https://openei.org/apps/USURDB/rate/view/54b684655357a3cf0d3893e1","approved":true,"demandcomments":"Energy Conservation Discount - Code E27\r\nWhere Customer notifies City and Customer's dwelling complies with the Thermal Requirements herein, the above-stated kWh charges will be discounted by 5% per kWh.\r\nSummer (Billing months July-October)\r\n$13.39 Basic Customer Charge\r\n13.589 cents per kWh for all kWh\r\nWinter (Billing months November through June)\r\n$13.39 Basic Customer Charge\r\n12.176 cents per kWh for all kWh\r\nPayments","demandrateunit":"kW","description":"Availability\r\n*This Schedule is available when electric service is used for domestic purposes in and about residential dwelling units, including electric service used on a farm and in the preparation of the farm's products for market. A residential house served under this Schedule may be used as a  boarding house, fraternity house, tourist home, or like establishment, provided such residential house is one which ordinarily would be used as a private residence.","startdate":1420070400,"eiaid":10345,"energyratestructure":[[{"unit":"kWh","rate":0.12817}],[{"unit":"kWh","rate":0.14304}]],"energyweekdayschedule":[[0,0,0,0,0,0,0,0,0,0,0,0,0,0,0,0,0,0,0,0,0,0,0,0],[0,0,0,0,0,0,0,0,0,0,0,0,0,0,0,0,0,0,0,0,0,0,0,0],[0,0,0,0,0,0,0,0,0,0,0,0,0,0,0,0,0,0,0,0,0,0,0,0],[0,0,0,0,0,0,0,0,0,0,0,0,0,0,0,0,0,0,0,0,0,0,0,0],[0,0,0,0,0,0,0,0,0,0,0,0,0,0,0,0,0,0,0,0,0,0,0,0],[0,0,0,0,0,0,0,0,0,0,0,0,0,0,0,0,0,0,0,0,0,0,0,0],[1,1,1,1,1,1,1,1,1,1,1,1,1,1,1,1,1,1,1,1,1,1,1,1],[1,1,1,1,1,1,1,1,1,1,1,1,1,1,1,1,1,1,1,1,1,1,1,1],[1,1,1,1,1,1,1,1,1,1,1,1,1,1,1,1,1,1,1,1,1,1,1,1],[1,1,1,1,1,1,1,1,1,1,1,1,1,1,1,1,1,1,1,1,1,1,1,1],[0,0,0,0,0,0,0,0,0,0,0,0,0,0,0,0,0,0,0,0,0,0,0,0],[0,0,0,0,0,0,0,0,0,0,0,0,0,0,0,0,0,0,0,0,0,0,0,0]],"energyweekendschedule":[[0,0,0,0,0,0,0,0,0,0,0,0,0,0,0,0,0,0,0,0,0,0,0,0],[0,0,0,0,0,0,0,0,0,0,0,0,0,0,0,0,0,0,0,0,0,0,0,0],[0,0,0,0,0,0,0,0,0,0,0,0,0,0,0,0,0,0,0,0,0,0,0,0],[0,0,0,0,0,0,0,0,0,0,0,0,0,0,0,0,0,0,0,0,0,0,0,0],[0,0,0,0,0,0,0,0,0,0,0,0,0,0,0,0,0,0,0,0,0,0,0,0],[0,0,0,0,0,0,0,0,0,0,0,0,0,0,0,0,0,0,0,0,0,0,0,0],[1,1,1,1,1,1,1,1,1,1,1,1,1,1,1,1,1,1,1,1,1,1,1,1],[1,1,1,1,1,1,1,1,1,1,1,1,1,1,1,1,1,1,1,1,1,1,1,1],[1,1,1,1,1,1,1,1,1,1,1,1,1,1,1,1,1,1,1,1,1,1,1,1],[1,1,1,1,1,1,1,1,1,1,1,1,1,1,1,1,1,1,1,1,1,1,1,1],[0,0,0,0,0,0,0,0,0,0,0,0,0,0,0,0,0,0,0,0,0,0,0,0],[0,0,0,0,0,0,0,0,0,0,0,0,0,0,0,0,0,0,0,0,0,0,0,0]],"flatdemandunit":"kW","name":"Residential Service (General) E21","revisions":[1421222389,1421222484,1423747564,1427405188],"sector":"Residential","sourceparent":"http://www.kinstonpublicservices.com/currentfeesandrates.html","source":"http://www.kinstonpublicservices.com/Kinston.ResidentialandEnergyDisc.April2010.pdf","supersedes":"539f6d5dec4f024411ecb4f5","utility":"City of Kinston, North Carolina (Utility Company)","fixedmonthlycharge":13.39}]}