{"items":[{"label":"5400ab875257a3382999cb9c","uri":"https://openei.org/apps/USURDB/rate/view/5400ab875257a3382999cb9c","approved":true,"demandrateunit":"kW","description":"To all electric service provided to single family homes, mobile homes, or apartments where such energy usage\r\nis exclusively for residential purposes. Also, for energy used to service commonly-owned facilities in\r\ncondominium and cooperative apartment buildings subject to the following requirements.\r\n1. 100% of the energy used is exclusively for the co-owners' benefit.\r\n2. None of the energy is used in any endeavor which sells or rents a commodity or provides service for a\r\nfee.\r\n3. Each point of delivery will be separately metered and billed.\r\n4. A responsible legal entity is established as the Customer to whom a bill can be rendered.\r\n\r\nAdjustments:\r\nFuel charge, as contained in Schedule BA-1\r\n\r\nFlorida Gross Receipts and Regulatory Tax Adjustment, as contained in Schedule BA-2\r\n\r\n10% Utility Tax inside City limits, as contained in Schedule BA-2\r\n\r\n10% Surcharge outside City limits, as contained in Schedule BA-2\r\n\r\nEnvironmental Compliance Cost Charge as contained in Schedule BA-3\r\n\r\nSmart Grid Project Implementation as contained in Schedule BA-5\r\n\r\nPolk County Public Service Tax as adopted by Polk County\r\n\r\nFlorida Sales Tax, as adopted by The State of Florida.","startdate":1406851200,"eiaid":10623,"energyratestructure":[[{"unit":"kWh","rate":0.01746,"adj":0.048673}],[{"unit":"kWh","rate":0.11504,"adj":0.048673}]],"energyweekdayschedule":[[0,0,0,0,0,0,1,1,1,1,1,1,0,0,0,0,0,1,1,1,1,1,0,0],[0,0,0,0,0,0,1,1,1,1,1,1,0,0,0,0,0,1,1,1,1,1,0,0],[0,0,0,0,0,0,1,1,1,1,1,1,0,0,0,0,0,1,1,1,1,1,0,0],[0,0,0,0,0,0,0,0,0,0,0,0,0,1,1,1,1,1,1,1,1,1,0,0],[0,0,0,0,0,0,0,0,0,0,0,0,0,1,1,1,1,1,1,1,1,1,0,0],[0,0,0,0,0,0,0,0,0,0,0,0,0,1,1,1,1,1,1,1,1,1,0,0],[0,0,0,0,0,0,0,0,0,0,0,0,0,1,1,1,1,1,1,1,1,1,0,0],[0,0,0,0,0,0,0,0,0,0,0,0,0,1,1,1,1,1,1,1,1,1,0,0],[0,0,0,0,0,0,0,0,0,0,0,0,0,1,1,1,1,1,1,1,1,1,0,0],[0,0,0,0,0,0,0,0,0,0,0,0,0,1,1,1,1,1,1,1,1,1,0,0],[0,0,0,0,0,0,1,1,1,1,1,1,0,0,0,0,0,1,1,1,1,1,0,0],[0,0,0,0,0,0,1,1,1,1,1,1,0,0,0,0,0,1,1,1,1,1,0,0]],"energyweekendschedule":[[0,0,0,0,0,0,0,0,0,0,0,0,0,0,0,0,0,0,0,0,0,0,0,0],[0,0,0,0,0,0,0,0,0,0,0,0,0,0,0,0,0,0,0,0,0,0,0,0],[0,0,0,0,0,0,0,0,0,0,0,0,0,0,0,0,0,0,0,0,0,0,0,0],[0,0,0,0,0,0,0,0,0,0,0,0,0,0,0,0,0,0,0,0,0,0,0,0],[0,0,0,0,0,0,0,0,0,0,0,0,0,0,0,0,0,0,0,0,0,0,0,0],[0,0,0,0,0,0,0,0,0,0,0,0,0,0,0,0,0,0,0,0,0,0,0,0],[0,0,0,0,0,0,0,0,0,0,0,0,0,0,0,0,0,0,0,0,0,0,0,0],[0,0,0,0,0,0,0,0,0,0,0,0,0,0,0,0,0,0,0,0,0,0,0,0],[0,0,0,0,0,0,0,0,0,0,0,0,0,0,0,0,0,0,0,0,0,0,0,0],[0,0,0,0,0,0,0,0,0,0,0,0,0,0,0,0,0,0,0,0,0,0,0,0],[0,0,0,0,0,0,0,0,0,0,0,0,0,0,0,0,0,0,0,0,0,0,0,0],[0,0,0,0,0,0,0,0,0,0,0,0,0,0,0,0,0,0,0,0,0,0,0,0]],"flatdemandunit":"kW","name":"Residential Service Time of Day Pre-Smart Meter","revisions":[1409308455,1409308590,1409909244,1409910299,1427405186],"sector":"Residential","sourceparent":"http://www.lakelandgov.net/citygovernment/atozservicedirectory.aspx","source":"http://www.lakelandelectric.com/Portals/0/docs/pdf/Rates%20&%20Pricing/Electric%20Rate%20Tariffs-Effective%20Sep%2020,%202010.pdf","supersedes":"539f6accec4f024411ec9463","utility":"City of Lakeland, Florida (Utility Company)","fixedmonthlycharge":15}]}