{"items":[{"label":"53fca89d5257a3764cdbd602","uri":"https://openei.org/apps/USURDB/rate/view/53fca89d5257a3764cdbd602","approved":true,"demandrateunit":"kW","description":"To all service provided to single family homes, mobile homes, or apartments where such energy usage is exclusively for residential purposes. Also, for energy used to service commonly-owned facilities in condominium and cooperative apartment buildings subject to the following requirements:\r\n1. 100% of the energy used is exclusively for the co-owners' benefit.\r\n2. None of the energy is used in any endeavor which sells or rents a commodity or provides\r\nservice for a fee.\r\n3. Each point of delivery will be separately metered and billed.\r\n4. A responsible legal entity is established as the Customer to whom a bill can be rendered.\r\nAll service hereunder will be supplied at one location through one point of delivery and measured\r\nthrough one meter.\r\n\r\n\r\nAdjustments:\r\nFuel charge, as contained in Schedule BA-1\r\n\r\nFlorida Gross Receipts and Regulatory Tax Adjustment, as contained in Schedule BA-2\r\n\r\n10% Utility Tax inside City limits, as contained in Schedule BA-2\r\n\r\n10% Surcharge outside City limits, as contained in Schedule BA-2\r\n\r\nEnvironmental Compliance Cost Charge as contained in Schedule BA-3\r\n\r\nSmart Grid Project Implementation as contained in Schedule BA-5\r\n\r\nPolk County Service Tax, as adopted by Polk County","startdate":1406851200,"eiaid":10623,"energyratestructure":[[{"max":1000,"unit":"kWh","rate":0.04882,"adj":0.048673},{"max":1500,"unit":"kWh","rate":0.05382,"adj":0.048673},{"unit":"kWh","rate":0.05882,"adj":0.048673}]],"energyweekdayschedule":[[0,0,0,0,0,0,0,0,0,0,0,0,0,0,0,0,0,0,0,0,0,0,0,0],[0,0,0,0,0,0,0,0,0,0,0,0,0,0,0,0,0,0,0,0,0,0,0,0],[0,0,0,0,0,0,0,0,0,0,0,0,0,0,0,0,0,0,0,0,0,0,0,0],[0,0,0,0,0,0,0,0,0,0,0,0,0,0,0,0,0,0,0,0,0,0,0,0],[0,0,0,0,0,0,0,0,0,0,0,0,0,0,0,0,0,0,0,0,0,0,0,0],[0,0,0,0,0,0,0,0,0,0,0,0,0,0,0,0,0,0,0,0,0,0,0,0],[0,0,0,0,0,0,0,0,0,0,0,0,0,0,0,0,0,0,0,0,0,0,0,0],[0,0,0,0,0,0,0,0,0,0,0,0,0,0,0,0,0,0,0,0,0,0,0,0],[0,0,0,0,0,0,0,0,0,0,0,0,0,0,0,0,0,0,0,0,0,0,0,0],[0,0,0,0,0,0,0,0,0,0,0,0,0,0,0,0,0,0,0,0,0,0,0,0],[0,0,0,0,0,0,0,0,0,0,0,0,0,0,0,0,0,0,0,0,0,0,0,0],[0,0,0,0,0,0,0,0,0,0,0,0,0,0,0,0,0,0,0,0,0,0,0,0]],"energyweekendschedule":[[0,0,0,0,0,0,0,0,0,0,0,0,0,0,0,0,0,0,0,0,0,0,0,0],[0,0,0,0,0,0,0,0,0,0,0,0,0,0,0,0,0,0,0,0,0,0,0,0],[0,0,0,0,0,0,0,0,0,0,0,0,0,0,0,0,0,0,0,0,0,0,0,0],[0,0,0,0,0,0,0,0,0,0,0,0,0,0,0,0,0,0,0,0,0,0,0,0],[0,0,0,0,0,0,0,0,0,0,0,0,0,0,0,0,0,0,0,0,0,0,0,0],[0,0,0,0,0,0,0,0,0,0,0,0,0,0,0,0,0,0,0,0,0,0,0,0],[0,0,0,0,0,0,0,0,0,0,0,0,0,0,0,0,0,0,0,0,0,0,0,0],[0,0,0,0,0,0,0,0,0,0,0,0,0,0,0,0,0,0,0,0,0,0,0,0],[0,0,0,0,0,0,0,0,0,0,0,0,0,0,0,0,0,0,0,0,0,0,0,0],[0,0,0,0,0,0,0,0,0,0,0,0,0,0,0,0,0,0,0,0,0,0,0,0],[0,0,0,0,0,0,0,0,0,0,0,0,0,0,0,0,0,0,0,0,0,0,0,0],[0,0,0,0,0,0,0,0,0,0,0,0,0,0,0,0,0,0,0,0,0,0,0,0]],"flatdemandunit":"kW","phasewiring":"Single and 3-Phase","name":"Residential Service","revisions":[1409045565,1409045675,1409659837,1427405196],"sector":"Residential","sourceparent":"http://www.lakelandelectric.com/Customers/RateInformation.aspx","source":"http://www.lakelandelectric.com/Customers/RateInformation.aspx","supersedes":"539f6e0cec4f024411ecbdd1","utility":"City of Lakeland, Florida (Utility Company)","fixedmonthlycharge":8}]}