{"items":[{"label":"539fc91dec4f024d2f53ee20","uri":"https://openei.org/apps/USURDB/rate/view/539fc91dec4f024d2f53ee20","approved":true,"basicinformationcomments":"All kWhs billed for the Heat Plus rate will be billed from October billing through the May billing.","demandrateunit":"kW","description":"Energy Adjustment Clause - Rider No. 5\nApplicable to Rates for Heat Plus Rate Code 8.\nThe energy adjustment clause shall provide for potential changes in the wholesale rate the Cooperative is charged for qualifying purchases of dual fuel heating service. Following any change in its wholesale power supplier's rates, the Cooperative shall determine the adjustment amount, if any, to be charged for each energy unit consumed under the dual fuel rate set forth by the Iowa Utilities Board. The calculation shall be:\nEAC = CR - BR\n*EAC is the energy cost adjustment to be used and will be rounded on a consistent basis to the nearest $0.0001 per kWh.\n*CR is the Current wholesale rate charged by the Cooperative's power supplier applicable to qualifying dual fuel energy (kWh) sales.\n*BR is the Base wholesale rate charged by the Cooperative's power supplier applicable to\nqualifying dual fuel energy (kWh) sales. The base wholesale rate as determined for the adjusted Test Year ending December 2000 is $0.0210 per kWh.","startdate":1363845600,"eiaid":11053,"energyratestructure":[[{"rate":0.05344}]],"energyweekdayschedule":[[0,0,0,0,0,0,0,0,0,0,0,0,0,0,0,0,0,0,0,0,0,0,0,0],[0,0,0,0,0,0,0,0,0,0,0,0,0,0,0,0,0,0,0,0,0,0,0,0],[0,0,0,0,0,0,0,0,0,0,0,0,0,0,0,0,0,0,0,0,0,0,0,0],[0,0,0,0,0,0,0,0,0,0,0,0,0,0,0,0,0,0,0,0,0,0,0,0],[0,0,0,0,0,0,0,0,0,0,0,0,0,0,0,0,0,0,0,0,0,0,0,0],[0,0,0,0,0,0,0,0,0,0,0,0,0,0,0,0,0,0,0,0,0,0,0,0],[0,0,0,0,0,0,0,0,0,0,0,0,0,0,0,0,0,0,0,0,0,0,0,0],[0,0,0,0,0,0,0,0,0,0,0,0,0,0,0,0,0,0,0,0,0,0,0,0],[0,0,0,0,0,0,0,0,0,0,0,0,0,0,0,0,0,0,0,0,0,0,0,0],[0,0,0,0,0,0,0,0,0,0,0,0,0,0,0,0,0,0,0,0,0,0,0,0],[0,0,0,0,0,0,0,0,0,0,0,0,0,0,0,0,0,0,0,0,0,0,0,0],[0,0,0,0,0,0,0,0,0,0,0,0,0,0,0,0,0,0,0,0,0,0,0,0]],"energyweekendschedule":[[0,0,0,0,0,0,0,0,0,0,0,0,0,0,0,0,0,0,0,0,0,0,0,0],[0,0,0,0,0,0,0,0,0,0,0,0,0,0,0,0,0,0,0,0,0,0,0,0],[0,0,0,0,0,0,0,0,0,0,0,0,0,0,0,0,0,0,0,0,0,0,0,0],[0,0,0,0,0,0,0,0,0,0,0,0,0,0,0,0,0,0,0,0,0,0,0,0],[0,0,0,0,0,0,0,0,0,0,0,0,0,0,0,0,0,0,0,0,0,0,0,0],[0,0,0,0,0,0,0,0,0,0,0,0,0,0,0,0,0,0,0,0,0,0,0,0],[0,0,0,0,0,0,0,0,0,0,0,0,0,0,0,0,0,0,0,0,0,0,0,0],[0,0,0,0,0,0,0,0,0,0,0,0,0,0,0,0,0,0,0,0,0,0,0,0],[0,0,0,0,0,0,0,0,0,0,0,0,0,0,0,0,0,0,0,0,0,0,0,0],[0,0,0,0,0,0,0,0,0,0,0,0,0,0,0,0,0,0,0,0,0,0,0,0],[0,0,0,0,0,0,0,0,0,0,0,0,0,0,0,0,0,0,0,0,0,0,0,0],[0,0,0,0,0,0,0,0,0,0,0,0,0,0,0,0,0,0,0,0,0,0,0,0]],"name":"Rate Code 8 - Heat Plus(separate meter)","revisions":[1338297834,1338297942,1354890777,1374682289,1374682303,1374870428,1374870498,1374871323,1427405220],"sector":"Residential","source":"http://www.linncountyrec.com/files/tariff/Sheet91.pdf","utility":"Linn County Rural E C A"}]}