{"items":[{"label":"539f74d3ec4f024411ed0cc9","uri":"https://openei.org/apps/USURDB/rate/view/539f74d3ec4f024411ed0cc9","approved":true,"demandrateunit":"kW","description":"This schedule is applicable to single-phase domestic power service in single-family and multi-family dwellings separately metered by the City.\n\n\n*Qualifying residential customers on Schedule EA are entitled to a discount of 25% from the total bill. Qualifying residential customers on Schedule ED are entitled to a discount of 5% from the total bill. Master-metered customers with qualifying tenant(s) on Schedule ED are entitled to a discount of 5% per billing cycle (monthly bill) for each qualifying household or mobile home unit.  If a customer or full-time resident in the home or mobile home unit has one or more of the medical conditions listed below, contact the Electric Utility Department to request a City application, \"Declaration of Eligibility for Medical Discount.\" Only one medical discount adjustment per household or mobile home unit is available. \n\n*For those customers who are on fixed incomes below $45,000 annually and who are over 62 years of age, and do not qualify for any other discount, a discount of 5% shall apply to the electric bill. Procedures as to qualification will be established by the Electric Utility Department.\n\n*Flat Rate Adjustment = California Solar Initiative Surcharge","startdate":1183701600,"eiaid":11124,"energyratestructure":[[{"max":481,"rate":0.142,"adj":0.00125,"unit":"kWh"},{"max":625,"rate":0.145,"adj":0.00125,"unit":"kWh"},{"max":962,"rate":0.2235,"adj":0.00125,"unit":"kWh"},{"max":1443,"rate":0.318,"adj":0.00125,"unit":"kWh"},{"rate":0.33,"adj":0.00125,"unit":"kWh"}],[{"max":391,"rate":0.142,"adj":0.00125,"unit":"kWh"},{"max":508,"rate":0.145,"adj":0.00125,"unit":"kWh"},{"max":782,"rate":0.2235,"adj":0.00125,"unit":"kWh"},{"max":1173,"rate":0.318,"adj":0.00125,"unit":"kWh"},{"rate":0.33,"adj":0.00125,"unit":"kWh"}]],"energyweekdayschedule":[[1,1,1,1,1,1,1,1,1,1,1,1,1,1,1,1,1,1,1,1,1,1,1,1],[0,0,0,0,0,0,0,0,0,0,0,0,0,0,0,0,0,0,0,0,0,0,0,0],[1,1,1,1,1,1,1,1,1,1,1,1,1,1,1,1,1,1,1,1,1,1,1,1],[1,1,1,1,1,1,1,1,1,1,1,1,1,1,1,1,1,1,1,1,1,1,1,1],[0,0,0,0,0,0,0,0,0,0,0,0,0,0,0,0,0,0,0,0,0,0,0,0],[0,0,0,0,0,0,0,0,0,0,0,0,0,0,0,0,0,0,0,0,0,0,0,0],[0,0,0,0,0,0,0,0,0,0,0,0,0,0,0,0,0,0,0,0,0,0,0,0],[0,0,0,0,0,0,0,0,0,0,0,0,0,0,0,0,0,0,0,0,0,0,0,0],[0,0,0,0,0,0,0,0,0,0,0,0,0,0,0,0,0,0,0,0,0,0,0,0],[0,0,0,0,0,0,0,0,0,0,0,0,0,0,0,0,0,0,0,0,0,0,0,0],[1,1,1,1,1,1,1,1,1,1,1,1,1,1,1,1,1,1,1,1,1,1,1,1],[1,1,1,1,1,1,1,1,1,1,1,1,1,1,1,1,1,1,1,1,1,1,1,1]],"energyweekendschedule":[[1,1,1,1,1,1,1,1,1,1,1,1,1,1,1,1,1,1,1,1,1,1,1,1],[0,0,0,0,0,0,0,0,0,0,0,0,0,0,0,0,0,0,0,0,0,0,0,0],[1,1,1,1,1,1,1,1,1,1,1,1,1,1,1,1,1,1,1,1,1,1,1,1],[1,1,1,1,1,1,1,1,1,1,1,1,1,1,1,1,1,1,1,1,1,1,1,1],[0,0,0,0,0,0,0,0,0,0,0,0,0,0,0,0,0,0,0,0,0,0,0,0],[0,0,0,0,0,0,0,0,0,0,0,0,0,0,0,0,0,0,0,0,0,0,0,0],[0,0,0,0,0,0,0,0,0,0,0,0,0,0,0,0,0,0,0,0,0,0,0,0],[0,0,0,0,0,0,0,0,0,0,0,0,0,0,0,0,0,0,0,0,0,0,0,0],[0,0,0,0,0,0,0,0,0,0,0,0,0,0,0,0,0,0,0,0,0,0,0,0],[0,0,0,0,0,0,0,0,0,0,0,0,0,0,0,0,0,0,0,0,0,0,0,0],[1,1,1,1,1,1,1,1,1,1,1,1,1,1,1,1,1,1,1,1,1,1,1,1],[1,1,1,1,1,1,1,1,1,1,1,1,1,1,1,1,1,1,1,1,1,1,1,1]],"name":"Residential Services","revisions":[1333739397,1333739604,1342448943,1342449209,1342449332,1342449670,1354871162,1427405219],"sector":"Residential","source":"http://lodielectric.com/residential/rateform.asp?id=1","utility":"City of Lodi, California (Utility Company)","fixedmonthlycharge":5}]}