{"items":[{"label":"539fbaadec4f024bc1dc3075","uri":"https://openei.org/apps/USURDB/rate/view/539fbaadec4f024bc1dc3075","approved":true,"demandrateunit":"kW","description":"*Applicable for residential secondary service through one meter for each family unit in a residence or apartment.\n*Tiered charges are the sum of energy charge and delivery charges.\n*Subject to Power Cost Adjustment and Ohio kWh Tax.\n*State of Ohio Kilowatt-Hour Tax\nTax rates are applied to all kWH usage:\n**$0.00465 per kWH first 2000 kWh\n**$0.00419 per kWH next 13000 kWh\n**$0.00363 per kWH over 15000 kWh","startdate":1173938400,"eiaid":11126,"energyratestructure":[[{"max":750,"rate":0.098,"adj":0.00465,"unit":"kWh"},{"max":1500,"rate":0.084,"adj":0.00465,"unit":"kWh"},{"max":2000,"rate":0.07,"adj":0.00465,"unit":"kWh"},{"max":15000,"rate":0.07,"adj":0.00419,"unit":"kWh"},{"rate":0.07,"adj":0.00363,"unit":"kWh"}]],"energyweekdayschedule":[[0,0,0,0,0,0,0,0,0,0,0,0,0,0,0,0,0,0,0,0,0,0,0,0],[0,0,0,0,0,0,0,0,0,0,0,0,0,0,0,0,0,0,0,0,0,0,0,0],[0,0,0,0,0,0,0,0,0,0,0,0,0,0,0,0,0,0,0,0,0,0,0,0],[0,0,0,0,0,0,0,0,0,0,0,0,0,0,0,0,0,0,0,0,0,0,0,0],[0,0,0,0,0,0,0,0,0,0,0,0,0,0,0,0,0,0,0,0,0,0,0,0],[0,0,0,0,0,0,0,0,0,0,0,0,0,0,0,0,0,0,0,0,0,0,0,0],[0,0,0,0,0,0,0,0,0,0,0,0,0,0,0,0,0,0,0,0,0,0,0,0],[0,0,0,0,0,0,0,0,0,0,0,0,0,0,0,0,0,0,0,0,0,0,0,0],[0,0,0,0,0,0,0,0,0,0,0,0,0,0,0,0,0,0,0,0,0,0,0,0],[0,0,0,0,0,0,0,0,0,0,0,0,0,0,0,0,0,0,0,0,0,0,0,0],[0,0,0,0,0,0,0,0,0,0,0,0,0,0,0,0,0,0,0,0,0,0,0,0],[0,0,0,0,0,0,0,0,0,0,0,0,0,0,0,0,0,0,0,0,0,0,0,0]],"energyweekendschedule":[[0,0,0,0,0,0,0,0,0,0,0,0,0,0,0,0,0,0,0,0,0,0,0,0],[0,0,0,0,0,0,0,0,0,0,0,0,0,0,0,0,0,0,0,0,0,0,0,0],[0,0,0,0,0,0,0,0,0,0,0,0,0,0,0,0,0,0,0,0,0,0,0,0],[0,0,0,0,0,0,0,0,0,0,0,0,0,0,0,0,0,0,0,0,0,0,0,0],[0,0,0,0,0,0,0,0,0,0,0,0,0,0,0,0,0,0,0,0,0,0,0,0],[0,0,0,0,0,0,0,0,0,0,0,0,0,0,0,0,0,0,0,0,0,0,0,0],[0,0,0,0,0,0,0,0,0,0,0,0,0,0,0,0,0,0,0,0,0,0,0,0],[0,0,0,0,0,0,0,0,0,0,0,0,0,0,0,0,0,0,0,0,0,0,0,0],[0,0,0,0,0,0,0,0,0,0,0,0,0,0,0,0,0,0,0,0,0,0,0,0],[0,0,0,0,0,0,0,0,0,0,0,0,0,0,0,0,0,0,0,0,0,0,0,0],[0,0,0,0,0,0,0,0,0,0,0,0,0,0,0,0,0,0,0,0,0,0,0,0],[0,0,0,0,0,0,0,0,0,0,0,0,0,0,0,0,0,0,0,0,0,0,0,0]],"flatdemandunit":"kW","name":"Residential Service Rate","revisions":[1337705061,1337705732,1337709338,1337710907,1347390053,1347390672,1347390807,1354885656,1386776014,1427405181],"sector":"Residential","source":"http://www.villageoflodi.com/BPA/Electric/Lodi_2007_Bond_Study.pdf","utility":"Village of Lodi, Ohio (Utility Company)","fixedmonthlycharge":5}]}