{"items":[{"label":"539fca38ec4f024d2f53f96a","uri":"https://openei.org/apps/USURDB/rate/view/539fca38ec4f024d2f53f96a","approved":true,"demandrateunit":"kW","description":"At any point on the City's interconnected system where there are facilities of adequate capacity.\nThis schedule is for alternating current electric service at approximately 120 or 240 volts through one Kilowatt-hour meter at a single point of delivery for all service required on the premises for residential purposes.\n\nWhen a portion of a dwelling is used regularly for business, professional or other gainful purposes, the premises will be classified as non-residential and the appropriate schedule applied. However, if the wiring is so arranged that the service for residential purposes can be metered separately this schedule will be applied to such service.\n\nThe customer shall adhere to all service and billing requirements including the installation of approved metering equipment as per Logan City Electric Service Requirements.","startdate":1309500000,"eiaid":11135,"energyratestructure":[[{"max":400,"rate":0.0949,"unit":"kWh"},{"max":1000,"rate":0.1162,"unit":"kWh"},{"rate":0.1302,"unit":"kWh"}]],"energyweekdayschedule":[[0,0,0,0,0,0,0,0,0,0,0,0,0,0,0,0,0,0,0,0,0,0,0,0],[0,0,0,0,0,0,0,0,0,0,0,0,0,0,0,0,0,0,0,0,0,0,0,0],[0,0,0,0,0,0,0,0,0,0,0,0,0,0,0,0,0,0,0,0,0,0,0,0],[0,0,0,0,0,0,0,0,0,0,0,0,0,0,0,0,0,0,0,0,0,0,0,0],[0,0,0,0,0,0,0,0,0,0,0,0,0,0,0,0,0,0,0,0,0,0,0,0],[0,0,0,0,0,0,0,0,0,0,0,0,0,0,0,0,0,0,0,0,0,0,0,0],[0,0,0,0,0,0,0,0,0,0,0,0,0,0,0,0,0,0,0,0,0,0,0,0],[0,0,0,0,0,0,0,0,0,0,0,0,0,0,0,0,0,0,0,0,0,0,0,0],[0,0,0,0,0,0,0,0,0,0,0,0,0,0,0,0,0,0,0,0,0,0,0,0],[0,0,0,0,0,0,0,0,0,0,0,0,0,0,0,0,0,0,0,0,0,0,0,0],[0,0,0,0,0,0,0,0,0,0,0,0,0,0,0,0,0,0,0,0,0,0,0,0],[0,0,0,0,0,0,0,0,0,0,0,0,0,0,0,0,0,0,0,0,0,0,0,0]],"energyweekendschedule":[[0,0,0,0,0,0,0,0,0,0,0,0,0,0,0,0,0,0,0,0,0,0,0,0],[0,0,0,0,0,0,0,0,0,0,0,0,0,0,0,0,0,0,0,0,0,0,0,0],[0,0,0,0,0,0,0,0,0,0,0,0,0,0,0,0,0,0,0,0,0,0,0,0],[0,0,0,0,0,0,0,0,0,0,0,0,0,0,0,0,0,0,0,0,0,0,0,0],[0,0,0,0,0,0,0,0,0,0,0,0,0,0,0,0,0,0,0,0,0,0,0,0],[0,0,0,0,0,0,0,0,0,0,0,0,0,0,0,0,0,0,0,0,0,0,0,0],[0,0,0,0,0,0,0,0,0,0,0,0,0,0,0,0,0,0,0,0,0,0,0,0],[0,0,0,0,0,0,0,0,0,0,0,0,0,0,0,0,0,0,0,0,0,0,0,0],[0,0,0,0,0,0,0,0,0,0,0,0,0,0,0,0,0,0,0,0,0,0,0,0],[0,0,0,0,0,0,0,0,0,0,0,0,0,0,0,0,0,0,0,0,0,0,0,0],[0,0,0,0,0,0,0,0,0,0,0,0,0,0,0,0,0,0,0,0,0,0,0,0],[0,0,0,0,0,0,0,0,0,0,0,0,0,0,0,0,0,0,0,0,0,0,0,0]],"name":"Residential-Single phase","revisions":[1339186746,1339186941,1354945374,1375800166,1427405183],"sector":"Residential","source":"http://www.loganutah.org/Light%20and%20Power/Rates/residential.cfm?CFTREEITEMKEY=Res","utility":"City of Logan, Utah (Utility Company)"}]}