{"items":[{"label":"539fbdffec4f024c27d881b3","uri":"https://openei.org/apps/USURDB/rate/view/539fc3c6ec4f024c27d8c007","revisions":[1400248722,1400248801,1406627975,1427405180,1497969673],"approved":true,"utility":"City of Longmont, Colorado (Utility Company)","eiaid":11187,"name":"Residential Energy Rate","startdate":1388538000,"enddate":1483146000,"supersedes":"539fc3c6ec4f024c27d8c007","sector":"Residential","description":"The Residential Energy Rate (RE) shall be applicable to all residential meters for all\r\ndomestic use in single-family dwellings and individually metered multi-family dwellings.\r\n\r\nIf annual energy usage exceeds 15,000 kWh, the customer may elect to be served under\r\nthe Residential Demand (RD) rate schedule.","source":"http://www.ci.longmont.co.us/lpc/gen/rate_study/documents/Electric_BroadbandRatesandRegs2014.pdf","sourceparent":"http://www.ci.longmont.co.us/LPC/gen/rate_study/index.htm","peakkwhusagemax":15000,"flatdemandunit":"kW","demandrateunit":"kW","energyratestructure":[[{"max":750,"unit":"kWh","rate":0.0755},{"max":1500,"unit":"kWh","rate":0.0823},{"unit":"kWh","rate":0.093}]],"energyweekdayschedule":[[0,0,0,0,0,0,0,0,0,0,0,0,0,0,0,0,0,0,0,0,0,0,0,0],[0,0,0,0,0,0,0,0,0,0,0,0,0,0,0,0,0,0,0,0,0,0,0,0],[0,0,0,0,0,0,0,0,0,0,0,0,0,0,0,0,0,0,0,0,0,0,0,0],[0,0,0,0,0,0,0,0,0,0,0,0,0,0,0,0,0,0,0,0,0,0,0,0],[0,0,0,0,0,0,0,0,0,0,0,0,0,0,0,0,0,0,0,0,0,0,0,0],[0,0,0,0,0,0,0,0,0,0,0,0,0,0,0,0,0,0,0,0,0,0,0,0],[0,0,0,0,0,0,0,0,0,0,0,0,0,0,0,0,0,0,0,0,0,0,0,0],[0,0,0,0,0,0,0,0,0,0,0,0,0,0,0,0,0,0,0,0,0,0,0,0],[0,0,0,0,0,0,0,0,0,0,0,0,0,0,0,0,0,0,0,0,0,0,0,0],[0,0,0,0,0,0,0,0,0,0,0,0,0,0,0,0,0,0,0,0,0,0,0,0],[0,0,0,0,0,0,0,0,0,0,0,0,0,0,0,0,0,0,0,0,0,0,0,0],[0,0,0,0,0,0,0,0,0,0,0,0,0,0,0,0,0,0,0,0,0,0,0,0]],"energyweekendschedule":[[0,0,0,0,0,0,0,0,0,0,0,0,0,0,0,0,0,0,0,0,0,0,0,0],[0,0,0,0,0,0,0,0,0,0,0,0,0,0,0,0,0,0,0,0,0,0,0,0],[0,0,0,0,0,0,0,0,0,0,0,0,0,0,0,0,0,0,0,0,0,0,0,0],[0,0,0,0,0,0,0,0,0,0,0,0,0,0,0,0,0,0,0,0,0,0,0,0],[0,0,0,0,0,0,0,0,0,0,0,0,0,0,0,0,0,0,0,0,0,0,0,0],[0,0,0,0,0,0,0,0,0,0,0,0,0,0,0,0,0,0,0,0,0,0,0,0],[0,0,0,0,0,0,0,0,0,0,0,0,0,0,0,0,0,0,0,0,0,0,0,0],[0,0,0,0,0,0,0,0,0,0,0,0,0,0,0,0,0,0,0,0,0,0,0,0],[0,0,0,0,0,0,0,0,0,0,0,0,0,0,0,0,0,0,0,0,0,0,0,0],[0,0,0,0,0,0,0,0,0,0,0,0,0,0,0,0,0,0,0,0,0,0,0,0],[0,0,0,0,0,0,0,0,0,0,0,0,0,0,0,0,0,0,0,0,0,0,0,0],[0,0,0,0,0,0,0,0,0,0,0,0,0,0,0,0,0,0,0,0,0,0,0,0]],"fixedmonthlycharge":10.4}]}