<measure>
  <schema_version>3.0</schema_version>
  <name>process_constructions_foundations_floors_slab</name>
  <uid>4fd36916-5b69-43d2-a7bb-e7fad34508db</uid>
  <version_id>f762370f-9be5-4cdb-be7e-9c60ac3a7ad4</version_id>
  <version_modified>20170831T031751Z</version_modified>
  <xml_checksum>1E963D9C</xml_checksum>
  <class_name>ProcessConstructionsFoundationsFloorsSlab</class_name>
  <display_name>Set Residential Foundations/Floors - Slab Construction</display_name>
  <description>This measure assigns a construction to slabs-on-grade. See https://github.com/NREL/OpenStudio-BEopt#workflows for supported workflows using this measure.</description>
  <modeler_description>Calculates and assigns material layer properties of slab constructions for floors between above-grade finished space and the ground.</modeler_description>
  <arguments>
    <argument>
      <name>surface</name>
      <display_name>Surface(s)</display_name>
      <description>Select the surface(s) to assign constructions.</description>
      <type>Choice</type>
      <required>false</required>
      <model_dependent>false</model_dependent>
      <default_value>auto</default_value>
      <choices>
        <choice>
          <value>auto</value>
          <display_name>auto</display_name>
        </choice>
      </choices>
    </argument>
    <argument>
      <name>perim_r</name>
      <display_name>Perimeter Insulation Nominal R-value</display_name>
      <description>Perimeter insulation is placed horizontally below the perimeter of the slab.</description>
      <type>Double</type>
      <units>hr-ft^2-R/Btu</units>
      <required>true</required>
      <model_dependent>false</model_dependent>
      <default_value>0</default_value>
    </argument>
    <argument>
      <name>perim_width</name>
      <display_name>Perimeter Insulation Width</display_name>
      <description>The distance from the perimeter of the house where the perimeter insulation ends.</description>
      <type>Double</type>
      <units>ft</units>
      <required>true</required>
      <model_dependent>false</model_dependent>
      <default_value>0</default_value>
    </argument>
    <argument>
      <name>whole_r</name>
      <display_name>Whole Slab Insulation Nominal R-value</display_name>
      <description>Whole slab insulation is placed horizontally below the entire slab.</description>
      <type>Double</type>
      <units>hr-ft^2-R/Btu</units>
      <required>true</required>
      <model_dependent>false</model_dependent>
      <default_value>0</default_value>
    </argument>
    <argument>
      <name>gap_r</name>
      <display_name>Gap Insulation Nominal R-value</display_name>
      <description>Gap insulation is placed vertically between the edge of the slab and the foundation wall.</description>
      <type>Double</type>
      <units>hr-ft^2-R/Btu</units>
      <required>true</required>
      <model_dependent>false</model_dependent>
      <default_value>0</default_value>
    </argument>
    <argument>
      <name>ext_r</name>
      <display_name>Exterior Insulation Nominal R-value</display_name>
      <description>Exterior insulation is placed vertically on the exterior of the foundation wall.</description>
      <type>Double</type>
      <units>hr-ft^2-R/Btu</units>
      <required>true</required>
      <model_dependent>false</model_dependent>
      <default_value>0</default_value>
    </argument>
    <argument>
      <name>ext_depth</name>
      <display_name>Exterior Insulation Depth</display_name>
      <description>The depth of the exterior foundation insulation.</description>
      <type>Double</type>
      <units>ft</units>
      <required>true</required>
      <model_dependent>false</model_dependent>
      <default_value>0</default_value>
    </argument>
    <argument>
      <name>mass_thick_in</name>
      <display_name>Mass Thickness</display_name>
      <description>Thickness of the slab foundation mass.</description>
      <type>Double</type>
      <units>in</units>
      <required>true</required>
      <model_dependent>false</model_dependent>
      <default_value>4</default_value>
    </argument>
    <argument>
      <name>mass_conductivity</name>
      <display_name>Mass Conductivity</display_name>
      <description>Conductivity of the slab foundation mass.</description>
      <type>Double</type>
      <units>Btu-in/h-ft^2-R</units>
      <required>true</required>
      <model_dependent>false</model_dependent>
      <default_value>9.1</default_value>
    </argument>
    <argument>
      <name>mass_density</name>
      <display_name>Mass Density</display_name>
      <description>Density of the slab foundation mass.</description>
      <type>Double</type>
      <units>lb/ft^3</units>
      <required>true</required>
      <model_dependent>false</model_dependent>
      <default_value>140</default_value>
    </argument>
    <argument>
      <name>mass_specific_heat</name>
      <display_name>Mass Specific Heat</display_name>
      <description>Specific heat of the slab foundation mass.</description>
      <type>Double</type>
      <units>Btu/lb-R</units>
      <required>true</required>
      <model_dependent>false</model_dependent>
      <default_value>0.2</default_value>
    </argument>
    <argument>
      <name>exposed_perim</name>
      <display_name>Exposed Perimeter</display_name>
      <description>Total length of the slab's perimeter that is on the exterior of the building's footprint.</description>
      <type>String</type>
      <units>ft</units>
      <required>true</required>
      <model_dependent>false</model_dependent>
      <default_value>auto</default_value>
    </argument>
  </arguments>
  <outputs/>
  <provenances/>
  <tags>
    <tag>Envelope.Opaque</tag>
  </tags>
  <attributes>
    <attribute>
      <name>Measure Type</name>
      <value>ModelMeasure</value>
      <datatype>string</datatype>
    </attribute>
    <attribute>
      <name>Uses SketchUp API</name>
      <value>false</value>
      <datatype>boolean</datatype>
    </attribute>
  </attributes>
  <files>
    <file>
      <filename>Slab_Test.rb</filename>
      <filetype>rb</filetype>
      <usage_type>test</usage_type>
      <checksum>E6E7DBDE</checksum>
    </file>
    <file>
      <filename>geometry.rb</filename>
      <filetype>rb</filetype>
      <usage_type>resource</usage_type>
      <checksum>20190C86</checksum>
    </file>
    <file>
      <filename>util.rb</filename>
      <filetype>rb</filetype>
      <usage_type>resource</usage_type>
      <checksum>64BC6389</checksum>
    </file>
    <file>
      <version>
        <software_program>OpenStudio</software_program>
        <identifier>1.3.0</identifier>
        <min_compatible>2.0.4</min_compatible>
      </version>
      <filename>measure.rb</filename>
      <filetype>rb</filetype>
      <usage_type>script</usage_type>
      <checksum>1490529B</checksum>
    </file>
    <file>
      <filename>constants.rb</filename>
      <filetype>rb</filetype>
      <usage_type>resource</usage_type>
      <checksum>B34275B6</checksum>
    </file>
    <file>
      <filename>SFD_2000sqft_2story_CS_GRG_UA.osm</filename>
      <filetype>osm</filetype>
      <usage_type>test</usage_type>
      <checksum>FB11CA18</checksum>
    </file>
    <file>
      <filename>SFD_2000sqft_2story_CS_UA.osm</filename>
      <filetype>osm</filetype>
      <usage_type>test</usage_type>
      <checksum>0263E334</checksum>
    </file>
    <file>
      <filename>SFD_2000sqft_2story_FB_GRG_UA.osm</filename>
      <filetype>osm</filetype>
      <usage_type>test</usage_type>
      <checksum>4A4369FC</checksum>
    </file>
    <file>
      <filename>SFD_2000sqft_2story_UB_GRG_UA.osm</filename>
      <filetype>osm</filetype>
      <usage_type>test</usage_type>
      <checksum>1C9B29DB</checksum>
    </file>
    <file>
      <filename>SFD_2000sqft_2story_UB_UA.osm</filename>
      <filetype>osm</filetype>
      <usage_type>test</usage_type>
      <checksum>3F3B3675</checksum>
    </file>
    <file>
      <filename>SFD_2000sqft_2story_FB_UA.osm</filename>
      <filetype>osm</filetype>
      <usage_type>test</usage_type>
      <checksum>5D72AA62</checksum>
    </file>
    <file>
      <filename>SFD_2000sqft_2story_PB_UA.osm</filename>
      <filetype>osm</filetype>
      <usage_type>test</usage_type>
      <checksum>73D070F0</checksum>
    </file>
    <file>
      <filename>SFD_2000sqft_2story_SL_GRG_UA_Windows_Doors.osm</filename>
      <filetype>osm</filetype>
      <usage_type>test</usage_type>
      <checksum>27CE567C</checksum>
    </file>
    <file>
      <filename>SFD_2000sqft_2story_SL_UA.osm</filename>
      <filetype>osm</filetype>
      <usage_type>test</usage_type>
      <checksum>A6433770</checksum>
    </file>
    <file>
      <filename>SFD_2000sqft_2story_SL_GRG_UA.osm</filename>
      <filetype>osm</filetype>
      <usage_type>test</usage_type>
      <checksum>4805C9B4</checksum>
    </file>
  </files>
</measure>
