<measure>
  <schema_version>3.0</schema_version>
  <name>process_constructions_uninsulated_surfaces</name>
  <uid>ffe06b80-3296-436e-98b2-fe79b4c936de</uid>
  <version_id>8acc0d4d-855a-4709-b937-aa0bbd889bdb</version_id>
  <version_modified>20170831T031751Z</version_modified>
  <xml_checksum>1E963D9C</xml_checksum>
  <class_name>ProcessConstructionsUninsulatedSurfaces</class_name>
  <display_name>Set Residential Uninsulated Surfaces</display_name>
  <description>This measure assigns an uninsulated constructions to 1) exterior surfaces adjacent to unfinished space, 2) surfaces between two unfinished (or two finished) spaces, or 3) adiabatic surfaces.</description>
  <modeler_description>Calculates and assigns material layer properties of uninsulated constructions for surfaces that are not typically insulated.</modeler_description>
  <arguments>
    <argument>
      <name>surface</name>
      <display_name>Surface(s)</display_name>
      <description>Select the surface(s) to assign constructions.</description>
      <type>Choice</type>
      <required>false</required>
      <model_dependent>false</model_dependent>
      <default_value>auto</default_value>
      <choices>
        <choice>
          <value>auto</value>
          <display_name>auto</display_name>
        </choice>
      </choices>
    </argument>
  </arguments>
  <outputs/>
  <provenances/>
  <tags>
    <tag>Envelope.Opaque</tag>
  </tags>
  <attributes>
    <attribute>
      <name>Measure Type</name>
      <value>ModelMeasure</value>
      <datatype>string</datatype>
    </attribute>
    <attribute>
      <name>Uses SketchUp API</name>
      <value>false</value>
      <datatype>boolean</datatype>
    </attribute>
  </attributes>
  <files>
    <file>
      <filename>geometry.rb</filename>
      <filetype>rb</filetype>
      <usage_type>resource</usage_type>
      <checksum>20190C86</checksum>
    </file>
    <file>
      <filename>util.rb</filename>
      <filetype>rb</filetype>
      <usage_type>resource</usage_type>
      <checksum>64BC6389</checksum>
    </file>
    <file>
      <filename>constants.rb</filename>
      <filetype>rb</filetype>
      <usage_type>resource</usage_type>
      <checksum>B34275B6</checksum>
    </file>
    <file>
      <filename>SFD_2000sqft_2story_SL_UA.osm</filename>
      <filetype>osm</filetype>
      <usage_type>test</usage_type>
      <checksum>A6433770</checksum>
    </file>
    <file>
      <version>
        <software_program>OpenStudio</software_program>
        <identifier>1.3.0</identifier>
        <min_compatible>2.0.4</min_compatible>
      </version>
      <filename>measure.rb</filename>
      <filetype>rb</filetype>
      <usage_type>script</usage_type>
      <checksum>CDCB003E</checksum>
    </file>
    <file>
      <filename>UninsulatedSurfaces_Test.rb</filename>
      <filetype>rb</filetype>
      <usage_type>test</usage_type>
      <checksum>3D7710FF</checksum>
    </file>
    <file>
      <filename>MF_8units_1story_SL_Inset.osm</filename>
      <filetype>osm</filetype>
      <usage_type>test</usage_type>
      <checksum>5A06961A</checksum>
    </file>
    <file>
      <filename>SFA_4units_1story_SL_UA_Offset.osm</filename>
      <filetype>osm</filetype>
      <usage_type>test</usage_type>
      <checksum>FE482FC4</checksum>
    </file>
    <file>
      <filename>SFD_1000sqft_1story_FB_GRG_UA_DoorArea.osm</filename>
      <filetype>osm</filetype>
      <usage_type>test</usage_type>
      <checksum>940F10DE</checksum>
    </file>
    <file>
      <filename>SFD_2000sqft_2story_SL_GRG_UA.osm</filename>
      <filetype>osm</filetype>
      <usage_type>test</usage_type>
      <checksum>4805C9B4</checksum>
    </file>
  </files>
</measure>
