<measure>
  <schema_version>3.0</schema_version>
  <name>process_power_outage</name>
  <uid>6b822ead-80f5-4d8d-9642-25a4e0d74304</uid>
  <version_id>3d5092bd-79fb-4eb5-87ef-835e6fc1b98d</version_id>
  <version_modified>20180823T223011Z</version_modified>
  <xml_checksum>D8922A73</xml_checksum>
  <class_name>ProcessPowerOutage</class_name>
  <display_name>Set Residential Outages</display_name>
  <description>This measures allows building power outages to be modeled. The user specifies the start time of the outage and the duration of the outage. During an outage, all energy consumption is set to 0, although occupants are still simulated in the home.</description>
  <modeler_description>This measure zeroes out the schedule for anything that consumes energy for the duration of the power outage.</modeler_description>
  <arguments>
    <argument>
      <name>otg_date</name>
      <display_name>Outage Start Date</display_name>
      <description>Date of the start of the outage.</description>
      <type>String</type>
      <required>true</required>
      <model_dependent>false</model_dependent>
      <default_value>April 1</default_value>
    </argument>
    <argument>
      <name>otg_hr</name>
      <display_name>Outage Start Hour</display_name>
      <description>Hour of the day when the outage starts.</description>
      <type>Double</type>
      <units>hours</units>
      <required>true</required>
      <model_dependent>false</model_dependent>
      <default_value>0</default_value>
    </argument>
    <argument>
      <name>otg_len</name>
      <display_name>Outage Duration</display_name>
      <description>Duration of the power outage in hours.</description>
      <type>Double</type>
      <units>hours</units>
      <required>true</required>
      <model_dependent>false</model_dependent>
      <default_value>24</default_value>
    </argument>
  </arguments>
  <outputs/>
  <provenances/>
  <tags>
    <tag>Whole Building.Space Types</tag>
  </tags>
  <attributes>
    <attribute>
      <name>Measure Type</name>
      <value>ModelMeasure</value>
      <datatype>string</datatype>
    </attribute>
    <attribute>
      <name>Intended Software Tool</name>
      <value>Apply Measure Now</value>
      <datatype>string</datatype>
    </attribute>
    <attribute>
      <name>Intended Software Tool</name>
      <value>OpenStudio Application</value>
      <datatype>string</datatype>
    </attribute>
    <attribute>
      <name>Intended Software Tool</name>
      <value>Parametric Analysis Tool</value>
      <datatype>string</datatype>
    </attribute>
  </attributes>
  <files>
    <file>
      <filename>psychrometrics.rb</filename>
      <filetype>rb</filetype>
      <usage_type>resource</usage_type>
      <checksum>208441EA</checksum>
    </file>
    <file>
      <filename>materials.rb</filename>
      <filetype>rb</filetype>
      <usage_type>resource</usage_type>
      <checksum>82D32FEE</checksum>
    </file>
    <file>
      <filename>constants.rb</filename>
      <filetype>rb</filetype>
      <usage_type>resource</usage_type>
      <checksum>3BCB1148</checksum>
    </file>
    <file>
      <filename>geometry.rb</filename>
      <filetype>rb</filetype>
      <usage_type>resource</usage_type>
      <checksum>3A649817</checksum>
    </file>
    <file>
      <filename>unit_conversions.rb</filename>
      <filetype>rb</filetype>
      <usage_type>resource</usage_type>
      <checksum>9EB3D10A</checksum>
    </file>
    <file>
      <filename>util.rb</filename>
      <filetype>rb</filetype>
      <usage_type>resource</usage_type>
      <checksum>B8804B95</checksum>
    </file>
    <file>
      <filename>weather.rb</filename>
      <filetype>rb</filetype>
      <usage_type>resource</usage_type>
      <checksum>AA9588B3</checksum>
    </file>
    <file>
      <version>
        <software_program>OpenStudio</software_program>
        <identifier>1.11.5</identifier>
        <min_compatible>2.1.2</min_compatible>
      </version>
      <filename>measure.rb</filename>
      <filetype>rb</filetype>
      <usage_type>script</usage_type>
      <checksum>B2D89512</checksum>
    </file>
  </files>
</measure>
