<measure>
  <schema_version>3.0</schema_version>
  <name>process_electric_baseboard</name>
  <uid>3ed9f2f9-5d0a-4115-ac5b-b11db9a5b02d</uid>
  <version_id>d1afb2ec-9789-4964-bc2a-c51d9483ca61</version_id>
  <version_modified>20181113T060900Z</version_modified>
  <xml_checksum>0DA5C9E6</xml_checksum>
  <class_name>ProcessElectricBaseboard</class_name>
  <display_name>Set Residential Electric Baseboard</display_name>
  <description>This measure removes any existing electric baseboards from the building and adds electric baseboards. For multifamily buildings, the electric baseboard can be set for all units of the building. See https://github.com/NREL/OpenStudio-BEopt#workflows for supported workflows using this measure.</description>
  <modeler_description>Any heating components or baseboard convective electrics/waters are removed from any existing air/plant loops or zones. An HVAC baseboard convective electric is added to the living zone, as well as to the finished basement if it exists.</modeler_description>
  <arguments>
    <argument>
      <name>efficiency</name>
      <display_name>Efficiency</display_name>
      <description>The efficiency of the electric baseboard.</description>
      <type>Double</type>
      <units>Btu/Btu</units>
      <required>true</required>
      <model_dependent>false</model_dependent>
      <default_value>1</default_value>
    </argument>
    <argument>
      <name>capacity</name>
      <display_name>Heating Capacity</display_name>
      <description>The output heating capacity of the electric baseboard. If using 'autosize', the autosizing algorithm will use ACCA Manual S to set the capacity.</description>
      <type>String</type>
      <units>kBtu/hr</units>
      <required>true</required>
      <model_dependent>false</model_dependent>
      <default_value>autosize</default_value>
    </argument>
  </arguments>
  <outputs/>
  <provenances/>
  <tags>
    <tag>HVAC.Heating</tag>
  </tags>
  <attributes>
    <attribute>
      <name>Measure Type</name>
      <value>ModelMeasure</value>
      <datatype>string</datatype>
    </attribute>
    <attribute>
      <name>Uses SketchUp API</name>
      <value>false</value>
      <datatype>boolean</datatype>
    </attribute>
  </attributes>
  <files>
    <file>
      <filename>process_electric_baseboard_test.rb</filename>
      <filetype>rb</filetype>
      <usage_type>test</usage_type>
      <checksum>706F921B</checksum>
    </file>
    <file>
      <version>
        <software_program>OpenStudio</software_program>
        <identifier>1.4.0</identifier>
        <min_compatible>2.0.4</min_compatible>
      </version>
      <filename>measure.rb</filename>
      <filetype>rb</filetype>
      <usage_type>script</usage_type>
      <checksum>37D8BBD5</checksum>
    </file>
  </files>
</measure>
