<measure>
  <schema_version>3.0</schema_version>
  <name>process_constructions_doors</name>
  <uid>b78f10fa-b38d-4de2-86e9-344a78e68847</uid>
  <version_id>f424873d-f853-4b5a-81ff-0b475dc719e4</version_id>
  <version_modified>20190103T214658Z</version_modified>
  <xml_checksum>6FAFA9DE</xml_checksum>
  <class_name>ProcessConstructionsDoors</class_name>
  <display_name>Set Residential Door Construction</display_name>
  <description>This measure assigns a construction to exterior doors. See https://github.com/NREL/OpenStudio-BEopt#workflows for supported workflows using this measure.</description>
  <modeler_description>Calculates material layer properties of constructions for exterior door sub-surfaces. Any existing constructions for these sub-surfaces will be removed.</modeler_description>
  <arguments>
    <argument>
      <name>ufactor</name>
      <display_name>U-Factor</display_name>
      <description>The heat transfer coefficient of the doors adjacent to finished space.</description>
      <type>Double</type>
      <units>Btu/hr-ft^2-R</units>
      <required>true</required>
      <model_dependent>false</model_dependent>
      <default_value>0.2</default_value>
    </argument>
  </arguments>
  <outputs/>
  <provenances/>
  <tags>
    <tag>Envelope.Fenestration</tag>
  </tags>
  <attributes>
    <attribute>
      <name>Measure Type</name>
      <value>ModelMeasure</value>
      <datatype>string</datatype>
    </attribute>
    <attribute>
      <name>Uses SketchUp API</name>
      <value>false</value>
      <datatype>boolean</datatype>
    </attribute>
  </attributes>
  <files>
    <file>
      <filename>process_constructions_door_test.rb</filename>
      <filetype>rb</filetype>
      <usage_type>test</usage_type>
      <checksum>CBB9B915</checksum>
    </file>
    <file>
      <version>
        <software_program>OpenStudio</software_program>
        <identifier>1.4.0</identifier>
        <min_compatible>2.0.4</min_compatible>
      </version>
      <filename>measure.rb</filename>
      <filetype>rb</filetype>
      <usage_type>script</usage_type>
      <checksum>4F2CD5EA</checksum>
    </file>
  </files>
</measure>
