<measure>
  <schema_version>3.0</schema_version>
  <name>process_vrf_minisplit</name>
  <uid>402b168f-ed99-46bb-b367-103937011e91</uid>
  <version_id>7efa0489-3a69-4b9a-ba43-025f9406a622</version_id>
  <version_modified>20181113T060900Z</version_modified>
  <xml_checksum>470FC630</xml_checksum>
  <class_name>ProcessVRFMinisplit</class_name>
  <display_name>Set Residential Mini-Split Heat Pump</display_name>
  <description>This measure removes any existing HVAC components from the building and adds a mini-split heat pump. For multifamily buildings, the mini-split heat pump can be set for all units of the building. See https://github.com/NREL/OpenStudio-BEopt#workflows for supported workflows using this measure.</description>
  <modeler_description>Any supply components or baseboard convective electrics/waters are removed from any existing air/plant loops or zones. Any existing air/plant loops are also removed. A heating DX coil, cooling DX coil, and an on/off supply fan are added to a variable refrigerant flow terminal unit.</modeler_description>
  <arguments>
    <argument>
      <name>seer</name>
      <display_name>Rated SEER</display_name>
      <description>Seasonal Energy Efficiency Ratio (SEER) is a measure of equipment energy efficiency over the cooling season.</description>
      <type>Double</type>
      <units>Btu/W-h</units>
      <required>true</required>
      <model_dependent>false</model_dependent>
      <default_value>14.5</default_value>
    </argument>
    <argument>
      <name>hspf</name>
      <display_name>Rated HSPF</display_name>
      <description>The Heating Seasonal Performance Factor (HSPF) is a measure of a heat pump's energy efficiency over one heating season.</description>
      <type>Double</type>
      <units>Btu/W-h</units>
      <required>true</required>
      <model_dependent>false</model_dependent>
      <default_value>8.2</default_value>
    </argument>
    <argument>
      <name>shr</name>
      <display_name>Rated SHR</display_name>
      <description>The sensible heat ratio (ratio of the sensible portion of the load to the total load) at the nominal rated capacity.</description>
      <type>Double</type>
      <required>true</required>
      <model_dependent>false</model_dependent>
      <default_value>0.73</default_value>
    </argument>
    <argument>
      <name>min_cooling_capacity</name>
      <display_name>Minimum Cooling Capacity</display_name>
      <description>Minimum cooling capacity as a fraction of the nominal cooling capacity at rated conditions.</description>
      <type>Double</type>
      <units>frac</units>
      <required>true</required>
      <model_dependent>false</model_dependent>
      <default_value>0.4</default_value>
    </argument>
    <argument>
      <name>max_cooling_capacity</name>
      <display_name>Maximum Cooling Capacity</display_name>
      <description>Maximum cooling capacity as a fraction of the nominal cooling capacity at rated conditions.</description>
      <type>Double</type>
      <units>frac</units>
      <required>true</required>
      <model_dependent>false</model_dependent>
      <default_value>1.2</default_value>
    </argument>
    <argument>
      <name>min_cooling_airflow_rate</name>
      <display_name>Minimum Cooling Airflow</display_name>
      <description>Minimum cooling cfm divided by the nominal rated cooling capacity.</description>
      <type>Double</type>
      <units>cfm/ton</units>
      <required>true</required>
      <model_dependent>false</model_dependent>
      <default_value>200</default_value>
    </argument>
    <argument>
      <name>max_cooling_airflow_rate</name>
      <display_name>Maximum Cooling Airflow</display_name>
      <description>Maximum cooling cfm divided by the nominal rated cooling capacity.</description>
      <type>Double</type>
      <units>cfm/ton</units>
      <required>true</required>
      <model_dependent>false</model_dependent>
      <default_value>425</default_value>
    </argument>
    <argument>
      <name>min_heating_capacity</name>
      <display_name>Minimum Heating Capacity</display_name>
      <description>Minimum heating capacity as a fraction of nominal heating capacity at rated conditions.</description>
      <type>Double</type>
      <units>frac</units>
      <required>true</required>
      <model_dependent>false</model_dependent>
      <default_value>0.3</default_value>
    </argument>
    <argument>
      <name>max_heating_capacity</name>
      <display_name>Maximum Heating Capacity</display_name>
      <description>Maximum heating capacity as a fraction of nominal heating capacity at rated conditions.</description>
      <type>Double</type>
      <units>frac</units>
      <required>true</required>
      <model_dependent>false</model_dependent>
      <default_value>1.2</default_value>
    </argument>
    <argument>
      <name>min_heating_airflow_rate</name>
      <display_name>Minimum Heating Airflow</display_name>
      <description>Minimum heating cfm divided by the nominal rated heating capacity.</description>
      <type>Double</type>
      <units>cfm/ton</units>
      <required>true</required>
      <model_dependent>false</model_dependent>
      <default_value>200</default_value>
    </argument>
    <argument>
      <name>max_heating_airflow_rate</name>
      <display_name>Maximum Heating Airflow</display_name>
      <description>Maximum heating cfm divided by the nominal rated heating capacity.</description>
      <type>Double</type>
      <units>cfm/ton</units>
      <required>true</required>
      <model_dependent>false</model_dependent>
      <default_value>400</default_value>
    </argument>
    <argument>
      <name>heating_capacity_offset</name>
      <display_name>Heating Capacity Offset</display_name>
      <description>The difference between the nominal rated heating capacity and the nominal rated cooling capacity.</description>
      <type>Double</type>
      <units>Btu/hr</units>
      <required>true</required>
      <model_dependent>false</model_dependent>
      <default_value>2300</default_value>
    </argument>
    <argument>
      <name>cap_retention_frac</name>
      <display_name>Heating Capacity Retention Fraction</display_name>
      <description>The maximum heating capacity at X degrees divided by the maximum heating capacity at 47 degrees F.</description>
      <type>Double</type>
      <units>frac</units>
      <required>true</required>
      <model_dependent>false</model_dependent>
      <default_value>0.25</default_value>
    </argument>
    <argument>
      <name>cap_retention_temp</name>
      <display_name>Heating Capacity Retention Temperature</display_name>
      <description>The outdoor drybulb temperature at which the heating capacity retention fraction is defined.</description>
      <type>Double</type>
      <units>degrees F</units>
      <required>true</required>
      <model_dependent>false</model_dependent>
      <default_value>-5</default_value>
    </argument>
    <argument>
      <name>pan_heater_power</name>
      <display_name>Pan Heater</display_name>
      <description>Prevents ice build up from damaging the coil.</description>
      <type>Double</type>
      <units>W/unit</units>
      <required>true</required>
      <model_dependent>false</model_dependent>
      <default_value>0</default_value>
    </argument>
    <argument>
      <name>fan_power</name>
      <display_name>Supply Fan Power</display_name>
      <description>Fan power (in W) per delivered airflow rate (in cfm) of the fan.</description>
      <type>Double</type>
      <units>W/cfm</units>
      <required>true</required>
      <model_dependent>false</model_dependent>
      <default_value>0.07</default_value>
    </argument>
    <argument>
      <name>is_ducted</name>
      <display_name>Is Ducted</display_name>
      <description>Specified whether the mini-split heat pump is ducted or ductless.</description>
      <type>Boolean</type>
      <required>true</required>
      <model_dependent>false</model_dependent>
      <default_value>false</default_value>
      <choices>
        <choice>
          <value>true</value>
          <display_name>true</display_name>
        </choice>
        <choice>
          <value>false</value>
          <display_name>false</display_name>
        </choice>
      </choices>
    </argument>
    <argument>
      <name>heat_pump_capacity</name>
      <display_name>Heat Pump Capacity</display_name>
      <description>The output cooling capacity of the heat pump. If using 'autosize', the autosizing algorithm will use ACCA Manual S to set the heat pump capacity based on the cooling load, with up to 1.3x oversizing allowed for variable-speed equipment in colder climates when the heating load exceeds the cooling load. If using 'autosize for max load', the autosizing algorithm will override ACCA Manual S and use the maximum of the heating and cooling loads to set the heat pump capacity, based on the heating/cooling capacities under design conditions.</description>
      <type>String</type>
      <units>tons</units>
      <required>true</required>
      <model_dependent>false</model_dependent>
      <default_value>autosize</default_value>
    </argument>
    <argument>
      <name>supplemental_efficiency</name>
      <display_name>Supplemental Efficiency</display_name>
      <description>The efficiency of the supplemental electric baseboard.</description>
      <type>Double</type>
      <units>Btu/Btu</units>
      <required>true</required>
      <model_dependent>false</model_dependent>
      <default_value>1</default_value>
    </argument>
    <argument>
      <name>supplemental_capacity</name>
      <display_name>Supplemental Heating Capacity</display_name>
      <description>The output heating capacity of the supplemental electric baseboard. If using 'autosize', the autosizing algorithm will use ACCA Manual S to set the supplemental heating capacity.</description>
      <type>String</type>
      <units>kBtu/hr</units>
      <required>true</required>
      <model_dependent>false</model_dependent>
      <default_value>autosize</default_value>
    </argument>
    <argument>
      <name>dse</name>
      <display_name>Distribution System Efficiency</display_name>
      <description>Defines the energy losses associated with the delivery of energy from the equipment to the source of the load.</description>
      <type>String</type>
      <required>true</required>
      <model_dependent>false</model_dependent>
      <default_value>NA</default_value>
    </argument>
  </arguments>
  <outputs/>
  <provenances/>
  <tags>
    <tag>HVAC.Heating</tag>
  </tags>
  <attributes>
    <attribute>
      <name>Measure Type</name>
      <value>ModelMeasure</value>
      <datatype>string</datatype>
    </attribute>
    <attribute>
      <name>Intended Software Tool</name>
      <value>Apply Measure Now</value>
      <datatype>string</datatype>
    </attribute>
    <attribute>
      <name>Intended Software Tool</name>
      <value>OpenStudio Application</value>
      <datatype>string</datatype>
    </attribute>
    <attribute>
      <name>Intended Software Tool</name>
      <value>Parametric Analysis Tool</value>
      <datatype>string</datatype>
    </attribute>
  </attributes>
  <files>
    <file>
      <filename>process_mini_split_heat_pump_test.rb</filename>
      <filetype>rb</filetype>
      <usage_type>test</usage_type>
      <checksum>76839440</checksum>
    </file>
    <file>
      <version>
        <software_program>OpenStudio</software_program>
        <identifier>1.12.4</identifier>
        <min_compatible>2.0.4</min_compatible>
      </version>
      <filename>measure.rb</filename>
      <filetype>rb</filetype>
      <usage_type>script</usage_type>
      <checksum>BD7C48AD</checksum>
    </file>
  </files>
</measure>
