{
  "build_existing_model": {
    "building_id": 430,
    "workflow_json": "/mnt/openstudio/analysis_fe821d2c-df1e-4105-9ee6-6c7fef1463ae/lib/resources/measure-info.json",
    "number_of_buildings_represented": 16000000,
    "location_region": "CR04",
    "location_epw": "1299055_United_States_MA_Worcester_25027_725100_42.25_-71.9_NSRDB_2.0.1_2012_AMY.epw",
    "location_census_division": "New England",
    "vintage": "1970s",
    "heating_fuel": "Fuel Oil",
    "usage_level": "Low",
    "geometry_foundation_type": "Unheated Basement",
    "geometry_stories": "1",
    "geometry_garage": "1 Car",
    "geometry_house_size": "3500+",
    "occupants": "Auto",
    "orientation": "South",
    "eaves": "2 ft",
    "door_area": "20 ft^2",
    "window_areas": "F15 B15 L15 R15",
    "overhangs": "None",
    "neighbors": "Left/Right at 15ft",
    "insulation_unfinished_attic": "Ceiling R-19, Vented",
    "roof_sheathing": "3/4 in. OSB",
    "roof_material": "Asphalt Shingles, Medium",
    "thermal_mass_ceiling": "1/2 in. Drywall",
    "insulation_slab": "None",
    "insulation_crawlspace": "None",
    "insulation_unfinished_basement": "Uninsulated",
    "insulation_finished_basement": "None",
    "insulation_pier_beam": "None",
    "insulation_interzonal_floor": "Uninsulated",
    "floor_sheathing": "3/4 in. OSB",
    "floor_covering": "80% Carpet",
    "thermal_mass_floor": "Wood Surface",
    "insulation_wall": "Wood Stud, R-7",
    "wall_sheathing": "1/2 in. OSB",
    "exterior_finish": "Vinyl, Light",
    "thermal_mass_exterior_wall": "1/2 in. Drywall",
    "thermal_mass_partition_wall": "1/2 in. Drywall",
    "uninsulated_surfaces": "Uninsulated",
    "windows": "Clear, Double, Non-metal, Air",
    "doors": "Fiberglass",
    "thermal_mass_furniture": "Standard",
    "water_heater": "Electric Standard",
    "hot_water_fixtures": "50%",
    "hot_water_distribution": "Uninsulated, TrunkBranch, Copper",
    "solar_hot_water": "None",
    "hvac_system_is_combined": "No",
    "hvac_system_combined": "None",
    "hvac_system_heating_electricity": "None",
    "hvac_system_heating_natural_gas": "None",
    "hvac_system_heating_propane": "None",
    "hvac_system_heating_fuel_oil": "Oil Boiler, 80% AFUE",
    "hvac_system_heating_other_fuel": "None",
    "hvac_system_heating_none": "None",
    "hvac_system_cooling": "AC, SEER 13",
    "hvac_system_cooling_type": "Central",
    "heating_setpoint": "FIXME Location Average",
    "cooling_setpoint": "FIXME Location Average",
    "ceiling_fan": "National Average",
    "dehumidifier": "None",
    "refrigerator": "EF 10.2",
    "cooking_range": "Propane, 80% Usage",
    "dishwasher": "318 Rated kWh, 80% Usage",
    "clothes_washer": "Standard, 80% Usage",
    "clothes_dryer": "Electric, 80% Usage",
    "lighting": "100% Incandescent",
    "plug_loads": "50%",
    "misc_extra_refrigerator": "EF 6.9, National Average",
    "misc_freezer": "EF 12, National Average",
    "misc_gas_fireplace": "National Average",
    "misc_gas_grill": "National Average",
    "misc_gas_lighting": "National Average",
    "misc_hot_tub_spa": "National Average",
    "misc_pool": "National Average",
    "misc_well_pump": "National Average",
    "ducts": "20% Leakage, Uninsulated",
    "infiltration": "7 ACH50",
    "natural_ventilation": "Year-Round, 3 days/wk",
    "mechanical_ventilation": "None",
    "pv": "None",
    "weight": "800.0",
    "applicable": true
  },
  "building_characteristics_report": {
    "workflow_json": "/mnt/openstudio/analysis_fe821d2c-df1e-4105-9ee6-6c7fef1463ae/lib/resources/measure-info.json",
    "location_region": "CR04",
    "location_epw": "1299055_United_States_MA_Worcester_25027_725100_42.25_-71.9_NSRDB_2.0.1_2012_AMY.epw",
    "location_census_division": "New England",
    "vintage": "1970s",
    "heating_fuel": "Fuel Oil",
    "usage_level": "Low",
    "geometry_foundation_type": "Unheated Basement",
    "geometry_stories": "1",
    "geometry_garage": "1 Car",
    "geometry_house_size": "3500+",
    "occupants": "Auto",
    "orientation": "South",
    "eaves": "2 ft",
    "door_area": "20 ft^2",
    "window_areas": "F15 B15 L15 R15",
    "overhangs": "None",
    "neighbors": "Left/Right at 15ft",
    "insulation_unfinished_attic": "Ceiling R-19, Vented",
    "roof_sheathing": "3/4 in. OSB",
    "roof_material": "Asphalt Shingles, Medium",
    "thermal_mass_ceiling": "1/2 in. Drywall",
    "insulation_slab": "None",
    "insulation_crawlspace": "None",
    "insulation_unfinished_basement": "Uninsulated",
    "insulation_finished_basement": "None",
    "insulation_pier_beam": "None",
    "insulation_interzonal_floor": "Uninsulated",
    "floor_sheathing": "3/4 in. OSB",
    "floor_covering": "80% Carpet",
    "thermal_mass_floor": "Wood Surface",
    "insulation_wall": "Wood Stud, R-7",
    "wall_sheathing": "1/2 in. OSB",
    "exterior_finish": "Vinyl, Light",
    "thermal_mass_exterior_wall": "1/2 in. Drywall",
    "thermal_mass_partition_wall": "1/2 in. Drywall",
    "uninsulated_surfaces": "Uninsulated",
    "windows": "Clear, Double, Non-metal, Air",
    "doors": "Fiberglass",
    "thermal_mass_furniture": "Standard",
    "water_heater": "Electric Standard",
    "hot_water_fixtures": "50%",
    "hot_water_distribution": "Uninsulated, TrunkBranch, Copper",
    "solar_hot_water": "None",
    "hvac_system_is_combined": "No",
    "hvac_system_combined": "None",
    "hvac_system_heating_electricity": "None",
    "hvac_system_heating_natural_gas": "None",
    "hvac_system_heating_propane": "None",
    "hvac_system_heating_fuel_oil": "Oil Boiler, 80% AFUE",
    "hvac_system_heating_other_fuel": "None",
    "hvac_system_heating_none": "None",
    "hvac_system_cooling": "AC, SEER 13",
    "hvac_system_cooling_type": "Central",
    "heating_setpoint": "FIXME Location Average",
    "cooling_setpoint": "FIXME Location Average",
    "ceiling_fan": "National Average",
    "dehumidifier": "None",
    "refrigerator": "EF 10.2",
    "cooking_range": "Propane, 80% Usage",
    "dishwasher": "318 Rated kWh, 80% Usage",
    "clothes_washer": "Standard, 80% Usage",
    "clothes_dryer": "Electric, 80% Usage",
    "lighting": "100% Incandescent",
    "plug_loads": "50%",
    "misc_extra_refrigerator": "EF 6.9, National Average",
    "misc_freezer": "EF 12, National Average",
    "misc_gas_fireplace": "National Average",
    "misc_gas_grill": "National Average",
    "misc_gas_lighting": "National Average",
    "misc_hot_tub_spa": "National Average",
    "misc_pool": "National Average",
    "misc_well_pump": "National Average",
    "ducts": "20% Leakage, Uninsulated",
    "infiltration": "7 ACH50",
    "natural_ventilation": "Year-Round, 3 days/wk",
    "mechanical_ventilation": "None",
    "pv": "None",
    "weight": "800.0",
    "location_city": "Worcester",
    "location_state": "Massachusetts",
    "location_latitude": 42.25,
    "location_longitude": -71.9,
    "applicable": true
  },
  "simulation_output_report": {
    "total_site_energy_mbtu": 212.36790397740185,
    "net_site_energy_mbtu": 212.36790397740185,
    "total_site_electricity_kwh": 13200.0,
    "net_site_electricity_kwh": 13200.0,
    "electricity_heating_kwh": 536.1111111111111,
    "electricity_cooling_kwh": 558.3333333333333,
    "electricity_interior_lighting_kwh": 3386.111111111111,
    "electricity_exterior_lighting_kwh": 788.8888888888889,
    "electricity_interior_equipment_kwh": 4791.666666666667,
    "electricity_fans_kwh": 183.33333333333334,
    "electricity_pumps_kwh": 461.11111111111114,
    "electricity_water_systems_kwh": 2491.6666666666665,
    "electricity_pv_kwh": 0.0,
    "total_site_natural_gas_therm": 9.95207976328983,
    "natural_gas_heating_therm": 0.0,
    "natural_gas_interior_equipment_therm": 9.95207976328983,
    "natural_gas_water_systems_therm": 0.0,
    "total_site_other_fuel_mbtu": 166.33242644378404,
    "other_fuel_heating_mbtu": 163.65958216450048,
    "other_fuel_interior_equipment_mbtu": 2.6728442792835545,
    "other_fuel_water_systems_mbtu": 0.0,
    "hours_heating_setpoint_not_met": 0.0,
    "hours_cooling_setpoint_not_met": 0.0,
    "hvac_cooling_capacity_w": 9317.03560530406,
    "hvac_heating_capacity_w": 16029.65080348479,
    "weight": 800.0,
    "upgrade_name": "",
    "upgrade_cost_usd": "",
    "applicable": true
  },
  "timeseries_csv_export": {
    "reporting_frequency": "Hourly",
    "inc_output_variables": false,
    "applicable": true
  },
  "server_directory_cleanup": {
    "applicable": true
  }
}