Dependency=Geometry Building Type ACS	Dependency=Geometry Floor Area Bin	Dependency=Vintage ACS	Option=1	Option=2	Option=3	Option=4	Option=5	Option=6	Option=7	Option=8	Option=9	Option=10	Option=11	Option=12	Option=13	Option=14	Option=15	Option=20	Option=21	source_count	source_weight	sampling_probability
10 to 19 Unit	0-1499	1940-59	0.100899	0.3665	0.318237	0.0838986	0.116526	0.0139396	0	0	0	0	0	0	0	0	0	0	0	51	119513	0.00332615
10 to 19 Unit	1500-2499	1940-59	0.100899	0.3665	0.318237	0.0838986	0.116526	0.0139396	0	0	0	0	0	0	0	0	0	0	0	51	119513	0.000153639
10 to 19 Unit	2500-3999	1940-59	0.100899	0.3665	0.318237	0.0838986	0.116526	0.0139396	0	0	0	0	0	0	0	0	0	0	0	51	119513	1.0572e-05
10 to 19 Unit	4000+	1940-59	0.100899	0.3665	0.318237	0.0838986	0.116526	0.0139396	0	0	0	0	0	0	0	0	0	0	0	51	119513	1.48839e-05
10 to 19 Unit	0-1499	1960-79	0.0831215	0.490164	0.348236	0.0304314	0.00833411	0.0175908	0.00237754	0.0130668	0	0	0	0	0	0	0	0.00667736	0	185	451532	0.0131225
10 to 19 Unit	1500-2499	1960-79	0.0831215	0.490164	0.348236	0.0304314	0.00833411	0.0175908	0.00237754	0.0130668	0	0	0	0	0	0	0	0.00667736	0	185	451532	0.000470733
10 to 19 Unit	2500-3999	1960-79	0.0831215	0.490164	0.348236	0.0304314	0.00833411	0.0175908	0.00237754	0.0130668	0	0	0	0	0	0	0	0.00667736	0	185	451532	1.03571e-05
10 to 19 Unit	4000+	1960-79	0.0831215	0.490164	0.348236	0.0304314	0.00833411	0.0175908	0.00237754	0.0130668	0	0	0	0	0	0	0	0.00667736	0	185	451532	3.82637e-05
10 to 19 Unit	0-1499	1980-99	0.059773	0.478125	0.453307	0.00879537	0	0	0	0	0	0	0	0	0	0	0	0	0	158	375527	0.0145097
10 to 19 Unit	1500-2499	1980-99	0.059773	0.478125	0.453307	0.00879537	0	0	0	0	0	0	0	0	0	0	0	0	0	158	375527	0.00095502
10 to 19 Unit	2500-3999	1980-99	0.059773	0.478125	0.453307	0.00879537	0	0	0	0	0	0	0	0	0	0	0	0	0	158	375527	6.82932e-05
10 to 19 Unit	4000+	1980-99	0.059773	0.478125	0.453307	0.00879537	0	0	0	0	0	0	0	0	0	0	0	0	0	158	375527	6.70535e-05
10 to 19 Unit	0-1499	2000-09	0.0470349	0.431897	0.428572	0.0820203	0.0104755	0	0	0	0	0	0	0	0	0	0	0	0	69	89470.1	0.00516874
10 to 19 Unit	1500-2499	2000-09	0.0470349	0.431897	0.428572	0.0820203	0.0104755	0	0	0	0	0	0	0	0	0	0	0	0	69	89470.1	0.000418951
10 to 19 Unit	2500-3999	2000-09	0.0470349	0.431897	0.428572	0.0820203	0.0104755	0	0	0	0	0	0	0	0	0	0	0	0	69	89470.1	4.93319e-05
10 to 19 Unit	4000+	2000-09	0.0470349	0.431897	0.428572	0.0820203	0.0104755	0	0	0	0	0	0	0	0	0	0	0	0	69	89470.1	1.22878e-05
10 to 19 Unit	0-1499	2010s	0.0470349	0.431897	0.428572	0.0820203	0.0104755	0	0	0	0	0	0	0	0	0	0	0	0	69	89470.1	0.00255758
10 to 19 Unit	1500-2499	2010s	0.0470349	0.431897	0.428572	0.0820203	0.0104755	0	0	0	0	0	0	0	0	0	0	0	0	69	89470.1	0.000212106
10 to 19 Unit	2500-3999	2010s	0.0470349	0.431897	0.428572	0.0820203	0.0104755	0	0	0	0	0	0	0	0	0	0	0	0	69	89470.1	1.84806e-05
10 to 19 Unit	4000+	2010s	0.0470349	0.431897	0.428572	0.0820203	0.0104755	0	0	0	0	0	0	0	0	0	0	0	0	69	89470.1	3.12078e-06
10 to 19 Unit	0-1499	<1940	0.0184609	0.150801	0.361103	0.306275	0.103192	0.0601688	0	0	0	0	0	0	0	0	0	0	0	41	101538	0.00313892
10 to 19 Unit	1500-2499	<1940	0.0184609	0.150801	0.361103	0.306275	0.103192	0.0601688	0	0	0	0	0	0	0	0	0	0	0	41	101538	0.000185866
10 to 19 Unit	2500-3999	<1940	0.0184609	0.150801	0.361103	0.306275	0.103192	0.0601688	0	0	0	0	0	0	0	0	0	0	0	41	101538	4.79026e-05
10 to 19 Unit	4000+	<1940	0.0184609	0.150801	0.361103	0.306275	0.103192	0.0601688	0	0	0	0	0	0	0	0	0	0	0	41	101538	1.56813e-05
2 Unit	0-1499	1940-59	0.117013	0.882987	0	0	0	0	0	0	0	0	0	0	0	0	0	0	0	59	46245.2	0.00582092
2 Unit	1500-2499	1940-59	0.117013	0.882987	0	0	0	0	0	0	0	0	0	0	0	0	0	0	0	59	46245.2	0.000476705
2 Unit	2500-3999	1940-59	0.117013	0.882987	0	0	0	0	0	0	0	0	0	0	0	0	0	0	0	59	46245.2	0.000112406
2 Unit	4000+	1940-59	0.117013	0.882987	0	0	0	0	0	0	0	0	0	0	0	0	0	0	0	59	46245.2	0.000110129
2 Unit	0-1499	1960-79	0.180621	0.819379	0	0	0	0	0	0	0	0	0	0	0	0	0	0	0	233	196213	0.00743039
2 Unit	1500-2499	1960-79	0.180621	0.819379	0	0	0	0	0	0	0	0	0	0	0	0	0	0	0	233	196213	0.000600766
2 Unit	2500-3999	1960-79	0.180621	0.819379	0	0	0	0	0	0	0	0	0	0	0	0	0	0	0	233	196213	0.000103739
2 Unit	4000+	1960-79	0.180621	0.819379	0	0	0	0	0	0	0	0	0	0	0	0	0	0	0	233	196213	5.90692e-05
2 Unit	0-1499	1980-99	0.130047	0.869953	0	0	0	0	0	0	0	0	0	0	0	0	0	0	0	209	179602	0.00546283
2 Unit	1500-2499	1980-99	0.130047	0.869953	0	0	0	0	0	0	0	0	0	0	0	0	0	0	0	209	179602	0.000580685
2 Unit	2500-3999	1980-99	0.130047	0.869953	0	0	0	0	0	0	0	0	0	0	0	0	0	0	0	209	179602	2.27884e-05
2 Unit	4000+	1980-99	0.130047	0.869953	0	0	0	0	0	0	0	0	0	0	0	0	0	0	0	209	179602	4.83159e-05
2 Unit	0-1499	2000-09	0.113932	0.886068	0	0	0	0	0	0	0	0	0	0	0	0	0	0	0	68	30486.9	0.00189118
2 Unit	1500-2499	2000-09	0.113932	0.886068	0	0	0	0	0	0	0	0	0	0	0	0	0	0	0	68	30486.9	0.000304847
2 Unit	2500-3999	2000-09	0.113932	0.886068	0	0	0	0	0	0	0	0	0	0	0	0	0	0	0	68	30486.9	2.2091e-05
2 Unit	4000+	2000-09	0.113932	0.886068	0	0	0	0	0	0	0	0	0	0	0	0	0	0	0	68	30486.9	3.49451e-05
2 Unit	0-1499	2010s	0.113932	0.886068	0	0	0	0	0	0	0	0	0	0	0	0	0	0	0	68	30486.9	0.000865904
2 Unit	1500-2499	2010s	0.113932	0.886068	0	0	0	0	0	0	0	0	0	0	0	0	0	0	0	68	30486.9	0.00010947
2 Unit	2500-3999	2010s	0.113932	0.886068	0	0	0	0	0	0	0	0	0	0	0	0	0	0	0	68	30486.9	1.17485e-05
2 Unit	4000+	2010s	0.113932	0.886068	0	0	0	0	0	0	0	0	0	0	0	0	0	0	0	68	30486.9	2.59517e-06
2 Unit	0-1499	<1940	0.3634	0.6366	0	0	0	0	0	0	0	0	0	0	0	0	0	0	0	58	49336.3	0.0102306
2 Unit	1500-2499	<1940	0.3634	0.6366	0	0	0	0	0	0	0	0	0	0	0	0	0	0	0	58	49336.3	0.00129895
2 Unit	2500-3999	<1940	0.3634	0.6366	0	0	0	0	0	0	0	0	0	0	0	0	0	0	0	58	49336.3	0.000379013
2 Unit	4000+	<1940	0.3634	0.6366	0	0	0	0	0	0	0	0	0	0	0	0	0	0	0	58	49336.3	0.000153239
20 to 49 Unit	0-1499	1940-59	0.106378	0.249894	0.18718	0.0839396	0.0936729	0.14253	0.112487	0	0.0239185	0	0	0	0	0	0	0	0	54	128179	0.00324909
20 to 49 Unit	1500-2499	1940-59	0.106378	0.249894	0.18718	0.0839396	0.0936729	0.14253	0.112487	0	0.0239185	0	0	0	0	0	0	0	0	54	128179	0.000180744
20 to 49 Unit	2500-3999	1940-59	0.106378	0.249894	0.18718	0.0839396	0.0936729	0.14253	0.112487	0	0.0239185	0	0	0	0	0	0	0	0	54	128179	1.77294e-05
20 to 49 Unit	4000+	1940-59	0.106378	0.249894	0.18718	0.0839396	0.0936729	0.14253	0.112487	0	0.0239185	0	0	0	0	0	0	0	0	54	128179	1.45908e-05
20 to 49 Unit	0-1499	1960-79	0.0320274	0.305101	0.505507	0.118589	0	0.0146039	0.0160334	0	0	0	0	0	0	0	0.00813734	0	0	131	296571	0.0100461
20 to 49 Unit	1500-2499	1960-79	0.0320274	0.305101	0.505507	0.118589	0	0.0146039	0.0160334	0	0	0	0	0	0	0	0.00813734	0	0	131	296571	0.000424511
20 to 49 Unit	2500-3999	1960-79	0.0320274	0.305101	0.505507	0.118589	0	0.0146039	0.0160334	0	0	0	0	0	0	0	0.00813734	0	0	131	296571	1.70367e-05
20 to 49 Unit	4000+	1960-79	0.0320274	0.305101	0.505507	0.118589	0	0.0146039	0.0160334	0	0	0	0	0	0	0	0.00813734	0	0	131	296571	3.2507e-05
20 to 49 Unit	0-1499	1980-99	0.0843877	0.173873	0.632478	0.0670616	0.0422001	0	0	0	0	0	0	0	0	0	0	0	0	104	245801	0.00939043
20 to 49 Unit	1500-2499	1980-99	0.0843877	0.173873	0.632478	0.0670616	0.0422001	0	0	0	0	0	0	0	0	0	0	0	0	104	245801	0.000675303
20 to 49 Unit	2500-3999	1980-99	0.0843877	0.173873	0.632478	0.0670616	0.0422001	0	0	0	0	0	0	0	0	0	0	0	0	104	245801	5.6182e-05
20 to 49 Unit	4000+	1980-99	0.0843877	0.173873	0.632478	0.0670616	0.0422001	0	0	0	0	0	0	0	0	0	0	0	0	104	245801	4.45563e-05
20 to 49 Unit	0-1499	2000-09	0.0862253	0.296387	0.369193	0.180274	0.0431526	0.0247673	0	0	0	0	0	0	0	0	0	0	0	48	56485.8	0.0043167
20 to 49 Unit	1500-2499	2000-09	0.0862253	0.296387	0.369193	0.180274	0.0431526	0.0247673	0	0	0	0	0	0	0	0	0	0	0	48	56485.8	0.00037781
20 to 49 Unit	2500-3999	2000-09	0.0862253	0.296387	0.369193	0.180274	0.0431526	0.0247673	0	0	0	0	0	0	0	0	0	0	0	48	56485.8	4.83909e-05
20 to 49 Unit	4000+	2000-09	0.0862253	0.296387	0.369193	0.180274	0.0431526	0.0247673	0	0	0	0	0	0	0	0	0	0	0	48	56485.8	1.21388e-05
20 to 49 Unit	0-1499	2010s	0.0862253	0.296387	0.369193	0.180274	0.0431526	0.0247673	0	0	0	0	0	0	0	0	0	0	0	48	56485.8	0.00272548
20 to 49 Unit	1500-2499	2010s	0.0862253	0.296387	0.369193	0.180274	0.0431526	0.0247673	0	0	0	0	0	0	0	0	0	0	0	48	56485.8	0.000226215
20 to 49 Unit	2500-3999	2010s	0.0862253	0.296387	0.369193	0.180274	0.0431526	0.0247673	0	0	0	0	0	0	0	0	0	0	0	48	56485.8	2.36066e-05
20 to 49 Unit	4000+	2010s	0.0862253	0.296387	0.369193	0.180274	0.0431526	0.0247673	0	0	0	0	0	0	0	0	0	0	0	48	56485.8	5.70769e-06
20 to 49 Unit	0-1499	<1940	0.0224179	0.0739039	0.225817	0.125702	0.275567	0.190991	0.0406284	0	0	0.0261541	0.00630457	0.0125142	0	0	0	0	0	51	133124	0.0044415
20 to 49 Unit	1500-2499	<1940	0.0224179	0.0739039	0.225817	0.125702	0.275567	0.190991	0.0406284	0	0	0.0261541	0.00630457	0.0125142	0	0	0	0	0	51	133124	0.000265624
20 to 49 Unit	2500-3999	<1940	0.0224179	0.0739039	0.225817	0.125702	0.275567	0.190991	0.0406284	0	0	0.0261541	0.00630457	0.0125142	0	0	0	0	0	51	133124	7.93404e-05
20 to 49 Unit	4000+	<1940	0.0224179	0.0739039	0.225817	0.125702	0.275567	0.190991	0.0406284	0	0	0.0261541	0.00630457	0.0125142	0	0	0	0	0	51	133124	2.88278e-05
3 or 4 Unit	0-1499	1940-59	0.0671922	0.507037	0.359101	0.0666699	0	0	0	0	0	0	0	0	0	0	0	0	0	59	46245.2	0.00512183
3 or 4 Unit	1500-2499	1940-59	0.0671922	0.507037	0.359101	0.0666699	0	0	0	0	0	0	0	0	0	0	0	0	0	59	46245.2	0.000373983
3 or 4 Unit	2500-3999	1940-59	0.0671922	0.507037	0.359101	0.0666699	0	0	0	0	0	0	0	0	0	0	0	0	0	59	46245.2	9.04619e-05
3 or 4 Unit	4000+	1940-59	0.0671922	0.507037	0.359101	0.0666699	0	0	0	0	0	0	0	0	0	0	0	0	0	59	46245.2	7.51364e-05
3 or 4 Unit	0-1499	1960-79	0.132742	0.602176	0.262715	0.00236719	0	0	0	0	0	0	0	0	0	0	0	0	0	233	196213	0.011225
3 or 4 Unit	1500-2499	1960-79	0.132742	0.602176	0.262715	0.00236719	0	0	0	0	0	0	0	0	0	0	0	0	0	233	196213	0.000840325
3 or 4 Unit	2500-3999	1960-79	0.132742	0.602176	0.262715	0.00236719	0	0	0	0	0	0	0	0	0	0	0	0	0	233	196213	0.000103384
3 or 4 Unit	4000+	1960-79	0.132742	0.602176	0.262715	0.00236719	0	0	0	0	0	0	0	0	0	0	0	0	0	233	196213	9.05464e-05
3 or 4 Unit	0-1499	1980-99	0.111374	0.745035	0.136613	0.00697864	0	0	0	0	0	0	0	0	0	0	0	0	0	209	179602	0.0102327
3 or 4 Unit	1500-2499	1980-99	0.111374	0.745035	0.136613	0.00697864	0	0	0	0	0	0	0	0	0	0	0	0	0	209	179602	0.0011689
3 or 4 Unit	2500-3999	1980-99	0.111374	0.745035	0.136613	0.00697864	0	0	0	0	0	0	0	0	0	0	0	0	0	209	179602	5.58077e-05
3 or 4 Unit	4000+	1980-99	0.111374	0.745035	0.136613	0.00697864	0	0	0	0	0	0	0	0	0	0	0	0	0	209	179602	5.65059e-05
3 or 4 Unit	0-1499	2000-09	0.096851	0.753226	0.140675	0.00924801	0	0	0	0	0	0	0	0	0	0	0	0	0	68	30486.9	0.0029411
3 or 4 Unit	1500-2499	2000-09	0.096851	0.753226	0.140675	0.00924801	0	0	0	0	0	0	0	0	0	0	0	0	0	68	30486.9	0.000568855
3 or 4 Unit	2500-3999	2000-09	0.096851	0.753226	0.140675	0.00924801	0	0	0	0	0	0	0	0	0	0	0	0	0	68	30486.9	3.70674e-05
3 or 4 Unit	4000+	2000-09	0.096851	0.753226	0.140675	0.00924801	0	0	0	0	0	0	0	0	0	0	0	0	0	68	30486.9	3.66311e-05
3 or 4 Unit	0-1499	2010s	0.096851	0.753226	0.140675	0.00924801	0	0	0	0	0	0	0	0	0	0	0	0	0	68	30486.9	0.00124229
3 or 4 Unit	1500-2499	2010s	0.096851	0.753226	0.140675	0.00924801	0	0	0	0	0	0	0	0	0	0	0	0	0	68	30486.9	0.000174247
3 or 4 Unit	2500-3999	2010s	0.096851	0.753226	0.140675	0.00924801	0	0	0	0	0	0	0	0	0	0	0	0	0	68	30486.9	1.56953e-05
3 or 4 Unit	4000+	2010s	0.096851	0.753226	0.140675	0.00924801	0	0	0	0	0	0	0	0	0	0	0	0	0	68	30486.9	3.06032e-06
3 or 4 Unit	0-1499	<1940	0.157767	0.276375	0.399699	0.166159	0	0	0	0	0	0	0	0	0	0	0	0	0	58	49336.3	0.00795103
3 or 4 Unit	1500-2499	<1940	0.157767	0.276375	0.399699	0.166159	0	0	0	0	0	0	0	0	0	0	0	0	0	58	49336.3	0.00101097
3 or 4 Unit	2500-3999	<1940	0.157767	0.276375	0.399699	0.166159	0	0	0	0	0	0	0	0	0	0	0	0	0	58	49336.3	0.000271942
3 or 4 Unit	4000+	<1940	0.157767	0.276375	0.399699	0.166159	0	0	0	0	0	0	0	0	0	0	0	0	0	58	49336.3	0.000118304
5 to 9 Unit	0-1499	1940-59	0.0671922	0.507037	0.359101	0.0666699	0	0	0	0	0	0	0	0	0	0	0	0	0	59	46245.2	0.00421615
5 to 9 Unit	1500-2499	1940-59	0.0671922	0.507037	0.359101	0.0666699	0	0	0	0	0	0	0	0	0	0	0	0	0	59	46245.2	0.000186816
5 to 9 Unit	2500-3999	1940-59	0.0671922	0.507037	0.359101	0.0666699	0	0	0	0	0	0	0	0	0	0	0	0	0	59	46245.2	1.32649e-05
5 to 9 Unit	4000+	1940-59	0.0671922	0.507037	0.359101	0.0666699	0	0	0	0	0	0	0	0	0	0	0	0	0	59	46245.2	2.18788e-05
5 to 9 Unit	0-1499	1960-79	0.131888	0.598303	0.261025	0.00235196	0.00376206	0	0.00267042	0	0	0	0	0	0	0	0	0	0	233	196213	0.0140737
5 to 9 Unit	1500-2499	1960-79	0.131888	0.598303	0.261025	0.00235196	0.00376206	0	0.00267042	0	0	0	0	0	0	0	0	0	0	233	196213	0.000449835
5 to 9 Unit	2500-3999	1960-79	0.131888	0.598303	0.261025	0.00235196	0.00376206	0	0.00267042	0	0	0	0	0	0	0	0	0	0	233	196213	1.03819e-05
5 to 9 Unit	4000+	1960-79	0.131888	0.598303	0.261025	0.00235196	0.00376206	0	0.00267042	0	0	0	0	0	0	0	0	0	0	233	196213	5.44348e-05
5 to 9 Unit	0-1499	1980-99	0.110901	0.741875	0.136034	0.00694905	0	0	0	0	0.00424106	0	0	0	0	0	0	0	0	209	179602	0.0147155
5 to 9 Unit	1500-2499	1980-99	0.110901	0.741875	0.136034	0.00694905	0	0	0	0	0.00424106	0	0	0	0	0	0	0	0	209	179602	0.000909684
5 to 9 Unit	2500-3999	1980-99	0.110901	0.741875	0.136034	0.00694905	0	0	0	0	0.00424106	0	0	0	0	0	0	0	0	209	179602	6.0951e-05
5 to 9 Unit	4000+	1980-99	0.110901	0.741875	0.136034	0.00694905	0	0	0	0	0.00424106	0	0	0	0	0	0	0	0	209	179602	0.000128643
5 to 9 Unit	0-1499	2000-09	0.096851	0.753226	0.140675	0.00924801	0	0	0	0	0	0	0	0	0	0	0	0	0	68	30486.9	0.00450449
5 to 9 Unit	1500-2499	2000-09	0.096851	0.753226	0.140675	0.00924801	0	0	0	0	0	0	0	0	0	0	0	0	0	68	30486.9	0.000338664
5 to 9 Unit	2500-3999	2000-09	0.096851	0.753226	0.140675	0.00924801	0	0	0	0	0	0	0	0	0	0	0	0	0	68	30486.9	4.07392e-05
5 to 9 Unit	4000+	2000-09	0.096851	0.753226	0.140675	0.00924801	0	0	0	0	0	0	0	0	0	0	0	0	0	68	30486.9	1.13415e-05
5 to 9 Unit	0-1499	2010s	0.096851	0.753226	0.140675	0.00924801	0	0	0	0	0	0	0	0	0	0	0	0	0	68	30486.9	0.00197709
5 to 9 Unit	1500-2499	2010s	0.096851	0.753226	0.140675	0.00924801	0	0	0	0	0	0	0	0	0	0	0	0	0	68	30486.9	0.000153823
5 to 9 Unit	2500-3999	2010s	0.096851	0.753226	0.140675	0.00924801	0	0	0	0	0	0	0	0	0	0	0	0	0	68	30486.9	1.24253e-05
5 to 9 Unit	4000+	2010s	0.096851	0.753226	0.140675	0.00924801	0	0	0	0	0	0	0	0	0	0	0	0	0	68	30486.9	4.26933e-06
5 to 9 Unit	0-1499	<1940	0.144838	0.253726	0.366943	0.152542	0.0649547	0.016997	0	0	0	0	0	0	0	0	0	0	0	58	49336.3	0.00501299
5 to 9 Unit	1500-2499	<1940	0.144838	0.253726	0.366943	0.152542	0.0649547	0.016997	0	0	0	0	0	0	0	0	0	0	0	58	49336.3	0.000304325
5 to 9 Unit	2500-3999	<1940	0.144838	0.253726	0.366943	0.152542	0.0649547	0.016997	0	0	0	0	0	0	0	0	0	0	0	58	49336.3	7.31696e-05
5 to 9 Unit	4000+	<1940	0.144838	0.253726	0.366943	0.152542	0.0649547	0.016997	0	0	0	0	0	0	0	0	0	0	0	58	49336.3	2.54824e-05
50 or more Unit	0-1499	1940-59	0	0.11884	0.0960881	0.0678599	0.0460595	0.121743	0	0.0409286	0	0.0689073	0	0.0250914	0	0.163547	0.0506656	0	0.200269	43	97797	0.00478089
50 or more Unit	1500-2499	1940-59	0	0.11884	0.0960881	0.0678599	0.0460595	0.121743	0	0.0409286	0	0.0689073	0	0.0250914	0	0.163547	0.0506656	0	0.200269	43	97797	0.000291352
50 or more Unit	2500-3999	1940-59	0	0.11884	0.0960881	0.0678599	0.0460595	0.121743	0	0.0409286	0	0.0689073	0	0.0250914	0	0.163547	0.0506656	0	0.200269	43	97797	3.74141e-05
50 or more Unit	4000+	1940-59	0	0.11884	0.0960881	0.0678599	0.0460595	0.121743	0	0.0409286	0	0.0689073	0	0.0250914	0	0.163547	0.0506656	0	0.200269	43	97797	2.0453e-05
50 or more Unit	0-1499	1960-79	0.0413748	0.115796	0.192076	0.0633253	0.0644656	0.0423854	0.0110659	0.0170884	0.0480038	0.0224557	0.0350977	0.0629436	0.0115077	0.0128299	0.018978	0.0255533	0.215053	113	302478	0.0151129
50 or more Unit	1500-2499	1960-79	0.0413748	0.115796	0.192076	0.0633253	0.0644656	0.0423854	0.0110659	0.0170884	0.0480038	0.0224557	0.0350977	0.0629436	0.0115077	0.0128299	0.018978	0.0255533	0.215053	113	302478	0.000713735
50 or more Unit	2500-3999	1960-79	0.0413748	0.115796	0.192076	0.0633253	0.0644656	0.0423854	0.0110659	0.0170884	0.0480038	0.0224557	0.0350977	0.0629436	0.0115077	0.0128299	0.018978	0.0255533	0.215053	113	302478	8.05695e-05
50 or more Unit	4000+	1960-79	0.0413748	0.115796	0.192076	0.0633253	0.0644656	0.0423854	0.0110659	0.0170884	0.0480038	0.0224557	0.0350977	0.0629436	0.0115077	0.0128299	0.018978	0.0255533	0.215053	113	302478	6.38855e-05
50 or more Unit	0-1499	1980-99	0.0256151	0.13173	0.40724	0.0848125	0.0932583	0.0429456	0.0150373	0.0334156	0.0191554	0	0.0247705	0.0281373	0.0183124	0	0.0119692	0.0287595	0.0348412	126	324771	0.0124642
50 or more Unit	1500-2499	1980-99	0.0256151	0.13173	0.40724	0.0848125	0.0932583	0.0429456	0.0150373	0.0334156	0.0191554	0	0.0247705	0.0281373	0.0183124	0	0.0119692	0.0287595	0.0348412	126	324771	0.000938071
50 or more Unit	2500-3999	1980-99	0.0256151	0.13173	0.40724	0.0848125	0.0932583	0.0429456	0.0150373	0.0334156	0.0191554	0	0.0247705	0.0281373	0.0183124	0	0.0119692	0.0287595	0.0348412	126	324771	0.000104205
50 or more Unit	4000+	1980-99	0.0256151	0.13173	0.40724	0.0848125	0.0932583	0.0429456	0.0150373	0.0334156	0.0191554	0	0.0247705	0.0281373	0.0183124	0	0.0119692	0.0287595	0.0348412	126	324771	5.1821e-05
50 or more Unit	0-1499	2000-09	0.0125007	0	0.164946	0.425983	0.0800717	0.137382	0	0.0144706	0	0.0456338	0	0	0.0391479	0	0	0.0798647	0	49	63285	0.00783567
50 or more Unit	1500-2499	2000-09	0.0125007	0	0.164946	0.425983	0.0800717	0.137382	0	0.0144706	0	0.0456338	0	0	0.0391479	0	0	0.0798647	0	49	63285	0.000801382
50 or more Unit	2500-3999	2000-09	0.0125007	0	0.164946	0.425983	0.0800717	0.137382	0	0.0144706	0	0.0456338	0	0	0.0391479	0	0	0.0798647	0	49	63285	0.000120024
50 or more Unit	4000+	2000-09	0.0125007	0	0.164946	0.425983	0.0800717	0.137382	0	0.0144706	0	0.0456338	0	0	0.0391479	0	0	0.0798647	0	49	63285	3.96812e-05
50 or more Unit	0-1499	2010s	0.0125007	0	0.164946	0.425983	0.0800717	0.137382	0	0.0144706	0	0.0456338	0	0	0.0391479	0	0	0.0798647	0	49	63285	0.00582593
50 or more Unit	1500-2499	2010s	0.0125007	0	0.164946	0.425983	0.0800717	0.137382	0	0.0144706	0	0.0456338	0	0	0.0391479	0	0	0.0798647	0	49	63285	0.000529741
50 or more Unit	2500-3999	2010s	0.0125007	0	0.164946	0.425983	0.0800717	0.137382	0	0.0144706	0	0.0456338	0	0	0.0391479	0	0	0.0798647	0	49	63285	6.98966e-05
50 or more Unit	4000+	2010s	0.0125007	0	0.164946	0.425983	0.0800717	0.137382	0	0.0144706	0	0.0456338	0	0	0.0391479	0	0	0.0798647	0	49	63285	3.10221e-05
50 or more Unit	0-1499	<1940	0	0.0139602	0.0403691	0.101503	0.0824837	0.149291	0.0193694	0.0595889	0.0345886	0.0293504	0	0.0401289	0.0166739	0.0202276	0.0416946	0	0.350771	50	129083	0.00491177
50 or more Unit	1500-2499	<1940	0	0.0139602	0.0403691	0.101503	0.0824837	0.149291	0.0193694	0.0595889	0.0345886	0.0293504	0	0.0401289	0.0166739	0.0202276	0.0416946	0	0.350771	50	129083	0.000331832
50 or more Unit	2500-3999	<1940	0	0.0139602	0.0403691	0.101503	0.0824837	0.149291	0.0193694	0.0595889	0.0345886	0.0293504	0	0.0401289	0.0166739	0.0202276	0.0416946	0	0.350771	50	129083	0.000103271
50 or more Unit	4000+	<1940	0	0.0139602	0.0403691	0.101503	0.0824837	0.149291	0.0193694	0.0595889	0.0345886	0.0293504	0	0.0401289	0.0166739	0.0202276	0.0416946	0	0.350771	50	129083	3.18763e-05
Mobile Home	0-1499	1940-59	1	0	0	0	0	0	0	0	0	0	0	0	0	0	0	0	0	13	153716	0.00105424
Mobile Home	1500-2499	1940-59	1	0	0	0	0	0	0	0	0	0	0	0	0	0	0	0	0	0	0	9.32916e-05
Mobile Home	2500-3999	1940-59	1	0	0	0	0	0	0	0	0	0	0	0	0	0	0	0	0	0	0	8.24589e-08
Mobile Home	4000+	1940-59	1	0	0	0	0	0	0	0	0	0	0	0	0	0	0	0	0	0	0	3.93491e-07
Mobile Home	0-1499	1960-79	1	0	0	0	0	0	0	0	0	0	0	0	0	0	0	0	0	171	1.93806e+06	0.0146441
Mobile Home	1500-2499	1960-79	1	0	0	0	0	0	0	0	0	0	0	0	0	0	0	0	0	11	124459	0.00157242
Mobile Home	2500-3999	1960-79	1	0	0	0	0	0	0	0	0	0	0	0	0	0	0	0	0	0	0	8.38804e-05
Mobile Home	4000+	1960-79	1	0	0	0	0	0	0	0	0	0	0	0	0	0	0	0	0	0	0	7.77881e-05
Mobile Home	0-1499	1980-99	1	0	0	0	0	0	0	0	0	0	0	0	0	0	0	0	0	229	3.16739e+06	0.0235193
Mobile Home	1500-2499	1980-99	1	0	0	0	0	0	0	0	0	0	0	0	0	0	0	0	0	38	515447	0.00773981
Mobile Home	2500-3999	1980-99	1	0	0	0	0	0	0	0	0	0	0	0	0	0	0	0	0	2	12732.1	0.000443949
Mobile Home	4000+	1980-99	1	0	0	0	0	0	0	0	0	0	0	0	0	0	0	0	0	0	0	0.000136959
Mobile Home	0-1499	2000-09	1	0	0	0	0	0	0	0	0	0	0	0	0	0	0	0	0	50	329761	0.00608906
Mobile Home	1500-2499	2000-09	1	0	0	0	0	0	0	0	0	0	0	0	0	0	0	0	0	17	128458	0.00347274
Mobile Home	2500-3999	2000-09	1	0	0	0	0	0	0	0	0	0	0	0	0	0	0	0	0	0	0	0.000336228
Mobile Home	4000+	2000-09	1	0	0	0	0	0	0	0	0	0	0	0	0	0	0	0	0	0	0	7.34575e-05
Mobile Home	0-1499	2010s	1	0	0	0	0	0	0	0	0	0	0	0	0	0	0	0	0	50	329761	0.00195779
Mobile Home	1500-2499	2010s	1	0	0	0	0	0	0	0	0	0	0	0	0	0	0	0	0	17	128458	0.00104201
Mobile Home	2500-3999	2010s	1	0	0	0	0	0	0	0	0	0	0	0	0	0	0	0	0	0	0	3.04623e-05
Mobile Home	4000+	2010s	1	0	0	0	0	0	0	0	0	0	0	0	0	0	0	0	0	0	0	3.02514e-07
Mobile Home	0-1499	<1940	1	0	0	0	0	0	0	0	0	0	0	0	0	0	0	0	0	2	13826.1	0.000256469
Mobile Home	1500-2499	<1940	1	0	0	0	0	0	0	0	0	0	0	0	0	0	0	0	0	0	0	0.000101932
Mobile Home	2500-3999	<1940	1	0	0	0	0	0	0	0	0	0	0	0	0	0	0	0	0	0	0	2.88634e-05
Mobile Home	4000+	<1940	1	0	0	0	0	0	0	0	0	0	0	0	0	0	0	0	0	0	0	2.46817e-07
Single-Family Attached	0-1499	1940-59	0.691809	0.308191	0	0	0	0	0	0	0	0	0	0	0	0	0	0	0	61	467547	0.00456603
Single-Family Attached	1500-2499	1940-59	0.255269	0.664934	0.0797972	0	0	0	0	0	0	0	0	0	0	0	0	0	0	34	296571	0.00189349
Single-Family Attached	2500-3999	1940-59	0.123195	0.876805	0	0	0	0	0	0	0	0	0	0	0	0	0	0	0	4	36092	0.000322819
Single-Family Attached	4000+	1940-59	0.333333	0.333333	0.333333	0	0	0	0	0	0	0	0	0	0	0	0	0	0	0	0	7.40384e-05
Single-Family Attached	0-1499	1960-79	0.6419	0.349316	0.00878377	0	0	0	0	0	0	0	0	0	0	0	0	0	0	148	1.09526e+06	0.00739882
Single-Family Attached	1500-2499	1960-79	0.295173	0.677029	0.0277978	0	0	0	0	0	0	0	0	0	0	0	0	0	0	52	415548	0.00362057
Single-Family Attached	2500-3999	1960-79	0.660474	0.339526	0	0	0	0	0	0	0	0	0	0	0	0	0	0	0	9	65803.9	0.00057292
Single-Family Attached	4000+	1960-79	0.333333	0.333333	0.333333	0	0	0	0	0	0	0	0	0	0	0	0	0	0	0	0	0.000119297
Single-Family Attached	0-1499	1980-99	0.476167	0.515554	0.00827861	0	0	0	0	0	0	0	0	0	0	0	0	0	0	175	1.23464e+06	0.00981834
Single-Family Attached	1500-2499	1980-99	0.273109	0.608686	0.118206	0	0	0	0	0	0	0	0	0	0	0	0	0	0	101	716397	0.00725469
Single-Family Attached	2500-3999	1980-99	0.22626	0.745923	0.0278175	0	0	0	0	0	0	0	0	0	0	0	0	0	0	28	206585	0.00100557
Single-Family Attached	4000+	1980-99	0	1	0	0	0	0	0	0	0	0	0	0	0	0	0	0	0	1	1518.97	0.000258429
Single-Family Attached	0-1499	2000-09	0.488069	0.487722	0.0242088	0	0	0	0	0	0	0	0	0	0	0	0	0	0	69	241097	0.00420709
Single-Family Attached	1500-2499	2000-09	0.349766	0.541658	0.108577	0	0	0	0	0	0	0	0	0	0	0	0	0	0	59	204205	0.00441295
Single-Family Attached	2500-3999	2000-09	0.364816	0.352073	0.283112	0	0	0	0	0	0	0	0	0	0	0	0	0	0	21	59588.3	0.00122384
Single-Family Attached	4000+	2000-09	0.170494	0.471644	0.357862	0	0	0	0	0	0	0	0	0	0	0	0	0	0	3	9031.01	0.000173932
Single-Family Attached	0-1499	2010s	0.488069	0.487722	0.0242088	0	0	0	0	0	0	0	0	0	0	0	0	0	0	69	241097	0.00112561
Single-Family Attached	1500-2499	2010s	0.349766	0.541658	0.108577	0	0	0	0	0	0	0	0	0	0	0	0	0	0	59	204205	0.0017911
Single-Family Attached	2500-3999	2010s	0.364816	0.352073	0.283112	0	0	0	0	0	0	0	0	0	0	0	0	0	0	21	59588.3	0.000392759
Single-Family Attached	4000+	2010s	0.170494	0.471644	0.357862	0	0	0	0	0	0	0	0	0	0	0	0	0	0	3	9031.01	2.33338e-05
Single-Family Attached	0-1499	<1940	0.301526	0.598367	0.100106	0	0	0	0	0	0	0	0	0	0	0	0	0	0	81	758104	0.00491258
Single-Family Attached	1500-2499	<1940	0.0739879	0.726023	0.199989	0	0	0	0	0	0	0	0	0	0	0	0	0	0	33	307201	0.00232362
Single-Family Attached	2500-3999	<1940	0	0.55709	0.44291	0	0	0	0	0	0	0	0	0	0	0	0	0	0	8	69207.7	0.000642818
Single-Family Attached	4000+	<1940	0.333333	0.333333	0.333333	0	0	0	0	0	0	0	0	0	0	0	0	0	0	0	0	0.000260105
Single-Family Detached	0-1499	1940-59	0.878468	0.120467	0.00106459	0	0	0	0	0	0	0	0	0	0	0	0	0	0	708	6.49963e+06	0.0603289
Single-Family Detached	1500-2499	1940-59	0.596728	0.389279	0.0139927	0	0	0	0	0	0	0	0	0	0	0	0	0	0	550	5.24096e+06	0.044452
Single-Family Detached	2500-3999	1940-59	0.35648	0.594487	0.0490322	0	0	0	0	0	0	0	0	0	0	0	0	0	0	191	1.81705e+06	0.00989614
Single-Family Detached	4000+	1940-59	0.303428	0.672894	0.0236781	0	0	0	0	0	0	0	0	0	0	0	0	0	0	42	390436	0.00219137
Single-Family Detached	0-1499	1960-79	0.903217	0.0889402	0.00784316	0	0	0	0	0	0	0	0	0	0	0	0	0	0	772	7.00543e+06	0.0539804
Single-Family Detached	1500-2499	1960-79	0.727746	0.256906	0.0153475	0	0	0	0	0	0	0	0	0	0	0	0	0	0	812	7.1833e+06	0.0733427
Single-Family Detached	2500-3999	1960-79	0.492284	0.479928	0.0277885	0	0	0	0	0	0	0	0	0	0	0	0	0	0	377	3.34624e+06	0.0242779
Single-Family Detached	4000+	1960-79	0.280778	0.665337	0.053885	0	0	0	0	0	0	0	0	0	0	0	0	0	0	100	770002	0.00349005
Single-Family Detached	0-1499	1980-99	0.843512	0.149992	0.00649626	0	0	0	0	0	0	0	0	0	0	0	0	0	0	533	5.22196e+06	0.034798
Single-Family Detached	1500-2499	1980-99	0.649011	0.344257	0.00673214	0	0	0	0	0	0	0	0	0	0	0	0	0	0	820	7.74173e+06	0.0695807
Single-Family Detached	2500-3999	1980-99	0.314676	0.653685	0.0316386	0	0	0	0	0	0	0	0	0	0	0	0	0	0	524	4.69252e+06	0.036905
Single-Family Detached	4000+	1980-99	0.156823	0.812706	0.0304712	0	0	0	0	0	0	0	0	0	0	0	0	0	0	202	1.75892e+06	0.00764676
Single-Family Detached	0-1499	2000-09	0.838622	0.161378	0	0	0	0	0	0	0	0	0	0	0	0	0	0	0	223	1.12332e+06	0.0130274
Single-Family Detached	1500-2499	2000-09	0.650375	0.345612	0.00401244	0	0	0	0	0	0	0	0	0	0	0	0	0	0	420	1.93608e+06	0.0399015
Single-Family Detached	2500-3999	2000-09	0.297882	0.690677	0.0114413	0	0	0	0	0	0	0	0	0	0	0	0	0	0	315	1.47106e+06	0.0265552
Single-Family Detached	4000+	2000-09	0.204168	0.765621	0.0302109	0	0	0	0	0	0	0	0	0	0	0	0	0	0	190	832790	0.0079833
Single-Family Detached	0-1499	2010s	0.838622	0.161378	0	0	0	0	0	0	0	0	0	0	0	0	0	0	0	223	1.12332e+06	0.00339042
Single-Family Detached	1500-2499	2010s	0.650375	0.345612	0.00401244	0	0	0	0	0	0	0	0	0	0	0	0	0	0	420	1.93608e+06	0.0107125
Single-Family Detached	2500-3999	2010s	0.297882	0.690677	0.0114413	0	0	0	0	0	0	0	0	0	0	0	0	0	0	315	1.47106e+06	0.0107538
Single-Family Detached	4000+	2010s	0.204168	0.765621	0.0302109	0	0	0	0	0	0	0	0	0	0	0	0	0	0	190	832790	0.00274059
Single-Family Detached	0-1499	<1940	0.615321	0.3778	0.00687913	0	0	0	0	0	0	0	0	0	0	0	0	0	0	397	3.77618e+06	0.0323939
Single-Family Detached	1500-2499	<1940	0.25766	0.726773	0.0155679	0	0	0	0	0	0	0	0	0	0	0	0	0	0	333	3.03809e+06	0.0311699
Single-Family Detached	2500-3999	<1940	0.0817717	0.847258	0.0709698	0	0	0	0	0	0	0	0	0	0	0	0	0	0	183	1.63732e+06	0.0126516
Single-Family Detached	4000+	<1940	0.0707851	0.752165	0.17705	0	0	0	0	0	0	0	0	0	0	0	0	0	0	51	486095	0.00287226
# Created by: sources\recs\recs2009\tsv_maker.py
# Source: Constructed using U.S. EIA 2009 Residential Energy Consumption Survey (RECS) microdata.
# Assumption: All mobile homes are 1 story.
# Assumption: Single-Family Detached and Single-Family Attached use the STORIES field in RECS, whereas Multifamily with 5+ units uses the NUMFLRS field.
# Assumption: Building types 2 Unit and 3 or 4 Unit use the stories distribution of Multifamily 5 to 9 Unit (capped at 4 stories) because RECS does not report stories or floors for multifamily with 2-4 units.
# Assumption: The dependency on floor area bins is removed for multifamily with 5+ units.
# Assumption: Vintage ACS rows for the 2010s are copied from the 2000-09 rows.