Dependency=ASHRAE IECC Climate Zone 2004	Dependency=Geometry Building Type RECS	Dependency=Vintage ACS	Option=Double, Clear, Metal, Air	Option=Double, Clear, Metal, Air, Exterior Clear Storm	Option=Double, Clear, Non-metal, Air	Option=Double, Clear, Non-metal, Air, Exterior Clear Storm	Option=Double, Low-E, Non-metal, Air, M-Gain	Option=Single, Clear, Metal	Option=Single, Clear, Metal, Exterior Clear Storm	Option=Single, Clear, Non-metal	Option=Single, Clear, Non-metal, Exterior Clear Storm	Option=Triple, Low-E, Non-metal, Air, L-Gain	source_count	source_weight	sampling_probability
1A	Mobile Home	1940-59	0.0779949	0.00358973	0.0788489	0.00725805	0.0788489	0.28443	0.0130909	0.435878	0.0200613	0	108	23035.2	1.64996e-05
1A	Multi-Family with 2 - 4 Units	1940-59	0	0	0	0	0	0.378094	0.0174018	0.577906	0.0265982	0	11	5308.46	0.000152126
1A	Multi-Family with 5+ Units	1940-59	0	0	0	0	0	0.378094	0.0174018	0.577906	0.0265982	0	11	5308.46	0.000409406
1A	Single-Family Attached	1940-59	0.0779949	0.00358973	0.0788489	0.00725805	0.0788489	0.28443	0.0130909	0.435878	0.0200613	0	108	23035.2	0.000117925
1A	Single-Family Detached	1940-59	0.0779949	0.00358973	0.0788489	0.00725805	0.0788489	0.28443	0.0130909	0.435878	0.0200613	0	108	23104.3	0.00137174
1A	Mobile Home	1960-79	0.163416	0.00752122	0.0807812	0.00743593	0.0807812	0.435317	0.0200355	0.193064	0.0088858	0.00276226	162	66663.9	0.000143701
1A	Multi-Family with 2 - 4 Units	1960-79	0.167327	0.00770122	0.0529918	0.00487791	0.0529918	0.525545	0.0241883	0.0857457	0.00394646	0.0746852	29	24225.3	0.00033822
1A	Multi-Family with 5+ Units	1960-79	0.167327	0.00770122	0.0529918	0.00487791	0.0529918	0.525545	0.0241883	0.0857457	0.00394646	0.0746852	29	24225.3	0.00247033
1A	Single-Family Attached	1960-79	0.163416	0.00752122	0.0807812	0.00743593	0.0807812	0.435317	0.0200355	0.193064	0.0088858	0.00276226	162	66663.9	0.000331531
1A	Single-Family Detached	1960-79	0.163416	0.00752122	0.0807812	0.00743593	0.0807812	0.435317	0.0200355	0.193064	0.0088858	0.00276226	162	66864	0.00180506
1A	Mobile Home	1980-99	0.233919	0.0107662	0.0990664	0.00783292	0.0711216	0.403149	0.018555	0.144014	0.00662825	0.00494776	279	98878.7	0.000112522
1A	Multi-Family with 2 - 4 Units	1980-99	0.147517	0.0067895	0.0301884	0.00221584	0.0179558	0.508063	0.0233837	0.233692	0.0107557	0.0194385	49	41692.7	0.000237806
1A	Multi-Family with 5+ Units	1980-99	0.147517	0.0067895	0.0301884	0.00221584	0.0179558	0.508063	0.0233837	0.233692	0.0107557	0.0194385	49	41692.7	0.00177889
1A	Single-Family Attached	1980-99	0.233919	0.0107662	0.0990664	0.00783292	0.0711216	0.403149	0.018555	0.144014	0.00662825	0.00494776	279	98878.7	0.000514354
1A	Single-Family Detached	1980-99	0.233919	0.0107662	0.0990664	0.00783292	0.0711216	0.403149	0.018555	0.144014	0.00662825	0.00494776	279	99175.6	0.00170685
1A	Mobile Home	2000-09	0.278122	0.0128006	0.0815488	0.0125396	0.190902	0.266373	0.0122598	0.135585	0.00624032	0.00362833	232	38004.4	4.13919e-05
1A	Multi-Family with 2 - 4 Units	2000-09	0.230498	0.0106087	0.034678	0.00451863	0.0634996	0.404677	0.0186253	0.222648	0.0102474	0	56	16681.1	6.60287e-05
1A	Multi-Family with 5+ Units	2000-09	0.230498	0.0106087	0.034678	0.00451863	0.0634996	0.404677	0.0186253	0.222648	0.0102474	0	56	16681.1	0.000790032
1A	Single-Family Attached	2000-09	0.278122	0.0128006	0.0815488	0.0125396	0.190902	0.266373	0.0122598	0.135585	0.00624032	0.00362833	232	38004.4	0.000200422
1A	Single-Family Detached	2000-09	0.278122	0.0128006	0.0815488	0.0125396	0.190902	0.266373	0.0122598	0.135585	0.00624032	0.00362833	232	38118.5	0.000553942
1A	Mobile Home	2010s	0.278122	0.0128006	0.0815488	0.0125396	0.190902	0.266373	0.0122598	0.135585	0.00624032	0.00362833	232	38004.4	1.41896e-05
1A	Multi-Family with 2 - 4 Units	2010s	0.230498	0.0106087	0.034678	0.00451863	0.0634996	0.404677	0.0186253	0.222648	0.0102474	0	56	16681.1	3.05277e-05
1A	Multi-Family with 5+ Units	2010s	0.230498	0.0106087	0.034678	0.00451863	0.0634996	0.404677	0.0186253	0.222648	0.0102474	0	56	16681.1	0.000335451
1A	Single-Family Attached	2010s	0.278122	0.0128006	0.0815488	0.0125396	0.190902	0.266373	0.0122598	0.135585	0.00624032	0.00362833	232	38004.4	6.10593e-05
1A	Single-Family Detached	2010s	0.278122	0.0128006	0.0815488	0.0125396	0.190902	0.266373	0.0122598	0.135585	0.00624032	0.00362833	232	38118.5	0.000124947
1A	Mobile Home	<1940	0.0779949	0.00358973	0.0788489	0.00725805	0.0788489	0.28443	0.0130909	0.435878	0.0200613	0	108	23035.2	1.95616e-06
1A	Multi-Family with 2 - 4 Units	<1940	0	0	0	0	0	0.378094	0.0174018	0.577906	0.0265982	0	11	5308.46	4.2154e-05
1A	Multi-Family with 5+ Units	<1940	0	0	0	0	0	0.378094	0.0174018	0.577906	0.0265982	0	11	5308.46	0.000104182
1A	Single-Family Attached	<1940	0.0779949	0.00358973	0.0788489	0.00725805	0.0788489	0.28443	0.0130909	0.435878	0.0200613	0	108	23035.2	2.23747e-05
1A	Single-Family Detached	<1940	0.0779949	0.00358973	0.0788489	0.00725805	0.0788489	0.28443	0.0130909	0.435878	0.0200613	0	108	23104.3	0.000176988
2A	Mobile Home	1940-59	0.0779949	0.00358973	0.0788489	0.00725805	0.0788489	0.28443	0.0130909	0.435878	0.0200613	0	108	186375	0.000194024
2A	Multi-Family with 2 - 4 Units	1940-59	0	0	0	0	0	0.378094	0.0174018	0.577906	0.0265982	0	11	42950.3	0.000615437
2A	Multi-Family with 5+ Units	1940-59	0	0	0	0	0	0.378094	0.0174018	0.577906	0.0265982	0	11	42950.3	0.000671577
2A	Single-Family Attached	1940-59	0.0779949	0.00358973	0.0788489	0.00725805	0.0788489	0.28443	0.0130909	0.435878	0.0200613	0	108	186375	0.000249624
2A	Single-Family Detached	1940-59	0.0779949	0.00358973	0.0788489	0.00725805	0.0788489	0.28443	0.0130909	0.435878	0.0200613	0	108	186935	0.00905698
2A	Mobile Home	1960-79	0.163416	0.00752122	0.0807812	0.00743593	0.0807812	0.435317	0.0200355	0.193064	0.0088858	0.00276226	162	539371	0.00266053
2A	Multi-Family with 2 - 4 Units	1960-79	0.167327	0.00770122	0.0529918	0.00487791	0.0529918	0.525545	0.0241883	0.0857457	0.00394646	0.0746852	29	196005	0.00213256
2A	Multi-Family with 5+ Units	1960-79	0.167327	0.00770122	0.0529918	0.00487791	0.0529918	0.525545	0.0241883	0.0857457	0.00394646	0.0746852	29	196005	0.0060374
2A	Single-Family Attached	1960-79	0.163416	0.00752122	0.0807812	0.00743593	0.0807812	0.435317	0.0200355	0.193064	0.0088858	0.00276226	162	539371	0.000961497
2A	Single-Family Detached	1960-79	0.163416	0.00752122	0.0807812	0.00743593	0.0807812	0.435317	0.0200355	0.193064	0.0088858	0.00276226	162	540991	0.017353
2A	Mobile Home	1980-99	0.233919	0.0107662	0.0990664	0.00783292	0.0711216	0.403149	0.018555	0.144014	0.00662825	0.00494776	279	800018	0.00577654
2A	Multi-Family with 2 - 4 Units	1980-99	0.147517	0.0067895	0.0301884	0.00221584	0.0179558	0.508063	0.0233837	0.233692	0.0107557	0.0194385	49	337332	0.00253736
2A	Multi-Family with 5+ Units	1980-99	0.147517	0.0067895	0.0301884	0.00221584	0.0179558	0.508063	0.0233837	0.233692	0.0107557	0.0194385	49	337332	0.00863546
2A	Single-Family Attached	1980-99	0.233919	0.0107662	0.0990664	0.00783292	0.0711216	0.403149	0.018555	0.144014	0.00662825	0.00494776	279	800018	0.00178249
2A	Single-Family Detached	1980-99	0.233919	0.0107662	0.0990664	0.00783292	0.0711216	0.403149	0.018555	0.144014	0.00662825	0.00494776	279	802421	0.0215113
2A	Mobile Home	2000-09	0.278122	0.0128006	0.0815488	0.0125396	0.190902	0.266373	0.0122598	0.135585	0.00624032	0.00362833	232	307490	0.00207172
2A	Multi-Family with 2 - 4 Units	2000-09	0.230498	0.0106087	0.034678	0.00451863	0.0634996	0.404677	0.0186253	0.222648	0.0102474	0	56	134965	0.000948811
2A	Multi-Family with 5+ Units	2000-09	0.230498	0.0106087	0.034678	0.00451863	0.0634996	0.404677	0.0186253	0.222648	0.0102474	0	56	134965	0.00436986
2A	Single-Family Attached	2000-09	0.278122	0.0128006	0.0815488	0.0125396	0.190902	0.266373	0.0122598	0.135585	0.00624032	0.00362833	232	307490	0.00111389
2A	Single-Family Detached	2000-09	0.278122	0.0128006	0.0815488	0.0125396	0.190902	0.266373	0.0122598	0.135585	0.00624032	0.00362833	232	308413	0.0149045
2A	Mobile Home	2010s	0.278122	0.0128006	0.0815488	0.0125396	0.190902	0.266373	0.0122598	0.135585	0.00624032	0.00362833	232	307490	0.000683956
2A	Multi-Family with 2 - 4 Units	2010s	0.230498	0.0106087	0.034678	0.00451863	0.0634996	0.404677	0.0186253	0.222648	0.0102474	0	56	134965	0.000361635
2A	Multi-Family with 5+ Units	2010s	0.230498	0.0106087	0.034678	0.00451863	0.0634996	0.404677	0.0186253	0.222648	0.0102474	0	56	134965	0.00228009
2A	Single-Family Attached	2010s	0.278122	0.0128006	0.0815488	0.0125396	0.190902	0.266373	0.0122598	0.135585	0.00624032	0.00362833	232	307490	0.000384815
2A	Single-Family Detached	2010s	0.278122	0.0128006	0.0815488	0.0125396	0.190902	0.266373	0.0122598	0.135585	0.00624032	0.00362833	232	308413	0.00564328
2A	Mobile Home	<1940	0.0779949	0.00358973	0.0788489	0.00725805	0.0788489	0.28443	0.0130909	0.435878	0.0200613	0	108	186375	3.64348e-05
2A	Multi-Family with 2 - 4 Units	<1940	0	0	0	0	0	0.378094	0.0174018	0.577906	0.0265982	0	11	42950.3	0.000466167
2A	Multi-Family with 5+ Units	<1940	0	0	0	0	0	0.378094	0.0174018	0.577906	0.0265982	0	11	42950.3	0.000316145
2A	Single-Family Attached	<1940	0.0779949	0.00358973	0.0788489	0.00725805	0.0788489	0.28443	0.0130909	0.435878	0.0200613	0	108	186375	0.000117025
2A	Single-Family Detached	<1940	0.0779949	0.00358973	0.0788489	0.00725805	0.0788489	0.28443	0.0130909	0.435878	0.0200613	0	108	186935	0.0027909
2B	Mobile Home	1940-59	0.0779949	0.00358973	0.0788489	0.00725805	0.0788489	0.28443	0.0130909	0.435878	0.0200613	0	108	209411	2.88087e-05
2B	Multi-Family with 2 - 4 Units	1940-59	0	0	0	0	0	0.378094	0.0174018	0.577906	0.0265982	0	11	48258.7	7.91583e-05
2B	Multi-Family with 5+ Units	1940-59	0	0	0	0	0	0.378094	0.0174018	0.577906	0.0265982	0	11	48258.7	0.000138964
2B	Single-Family Attached	1940-59	0.0779949	0.00358973	0.0788489	0.00725805	0.0788489	0.28443	0.0130909	0.435878	0.0200613	0	108	209411	6.25243e-05
2B	Single-Family Detached	1940-59	0.0779949	0.00358973	0.0788489	0.00725805	0.0788489	0.28443	0.0130909	0.435878	0.0200613	0	108	210039	0.00119906
2B	Mobile Home	1960-79	0.163416	0.00752122	0.0807812	0.00743593	0.0807812	0.435317	0.0200355	0.193064	0.0088858	0.00276226	162	606035	0.000498437
2B	Multi-Family with 2 - 4 Units	1960-79	0.167327	0.00770122	0.0529918	0.00487791	0.0529918	0.525545	0.0241883	0.0857457	0.00394646	0.0746852	29	220230	0.000317125
2B	Multi-Family with 5+ Units	1960-79	0.167327	0.00770122	0.0529918	0.00487791	0.0529918	0.525545	0.0241883	0.0857457	0.00394646	0.0746852	29	220230	0.000846357
2B	Single-Family Attached	1960-79	0.163416	0.00752122	0.0807812	0.00743593	0.0807812	0.435317	0.0200355	0.193064	0.0088858	0.00276226	162	606035	0.000370843
2B	Single-Family Detached	1960-79	0.163416	0.00752122	0.0807812	0.00743593	0.0807812	0.435317	0.0200355	0.193064	0.0088858	0.00276226	162	607855	0.00276198
2B	Mobile Home	1980-99	0.233919	0.0107662	0.0990664	0.00783292	0.0711216	0.403149	0.018555	0.144014	0.00662825	0.00494776	279	898897	0.000857738
2B	Multi-Family with 2 - 4 Units	1980-99	0.147517	0.0067895	0.0301884	0.00221584	0.0179558	0.508063	0.0233837	0.233692	0.0107557	0.0194385	49	379024	0.000400038
2B	Multi-Family with 5+ Units	1980-99	0.147517	0.0067895	0.0301884	0.00221584	0.0179558	0.508063	0.0233837	0.233692	0.0107557	0.0194385	49	379024	0.00156928
2B	Single-Family Attached	1980-99	0.233919	0.0107662	0.0990664	0.00783292	0.0711216	0.403149	0.018555	0.144014	0.00662825	0.00494776	279	898897	0.000380746
2B	Single-Family Detached	1980-99	0.233919	0.0107662	0.0990664	0.00783292	0.0711216	0.403149	0.018555	0.144014	0.00662825	0.00494776	279	901597	0.00415076
2B	Mobile Home	2000-09	0.278122	0.0128006	0.0815488	0.0125396	0.190902	0.266373	0.0122598	0.135585	0.00624032	0.00362833	232	345494	0.000287278
2B	Multi-Family with 2 - 4 Units	2000-09	0.230498	0.0106087	0.034678	0.00451863	0.0634996	0.404677	0.0186253	0.222648	0.0102474	0	56	151646	0.000134912
2B	Multi-Family with 5+ Units	2000-09	0.230498	0.0106087	0.034678	0.00451863	0.0634996	0.404677	0.0186253	0.222648	0.0102474	0	56	151646	0.000554294
2B	Single-Family Attached	2000-09	0.278122	0.0128006	0.0815488	0.0125396	0.190902	0.266373	0.0122598	0.135585	0.00624032	0.00362833	232	345494	0.000142427
2B	Single-Family Detached	2000-09	0.278122	0.0128006	0.0815488	0.0125396	0.190902	0.266373	0.0122598	0.135585	0.00624032	0.00362833	232	346532	0.00354752
2B	Mobile Home	2010s	0.278122	0.0128006	0.0815488	0.0125396	0.190902	0.266373	0.0122598	0.135585	0.00624032	0.00362833	232	345494	8.57885e-05
2B	Multi-Family with 2 - 4 Units	2010s	0.230498	0.0106087	0.034678	0.00451863	0.0634996	0.404677	0.0186253	0.222648	0.0102474	0	56	151646	4.05807e-05
2B	Multi-Family with 5+ Units	2010s	0.230498	0.0106087	0.034678	0.00451863	0.0634996	0.404677	0.0186253	0.222648	0.0102474	0	56	151646	0.000279545
2B	Single-Family Attached	2010s	0.278122	0.0128006	0.0815488	0.0125396	0.190902	0.266373	0.0122598	0.135585	0.00624032	0.00362833	232	345494	3.32138e-05
2B	Single-Family Detached	2010s	0.278122	0.0128006	0.0815488	0.0125396	0.190902	0.266373	0.0122598	0.135585	0.00624032	0.00362833	232	346532	0.000818161
2B	Mobile Home	<1940	0.0779949	0.00358973	0.0788489	0.00725805	0.0788489	0.28443	0.0130909	0.435878	0.0200613	0	108	209411	1.0091e-05
2B	Multi-Family with 2 - 4 Units	<1940	0	0	0	0	0	0.378094	0.0174018	0.577906	0.0265982	0	11	48258.7	2.03973e-05
2B	Multi-Family with 5+ Units	<1940	0	0	0	0	0	0.378094	0.0174018	0.577906	0.0265982	0	11	48258.7	3.08086e-05
2B	Single-Family Attached	<1940	0.0779949	0.00358973	0.0788489	0.00725805	0.0788489	0.28443	0.0130909	0.435878	0.0200613	0	108	209411	1.32171e-05
2B	Single-Family Detached	<1940	0.0779949	0.00358973	0.0788489	0.00725805	0.0788489	0.28443	0.0130909	0.435878	0.0200613	0	108	210039	0.000207748
3A	Mobile Home	1940-59	0.0960222	0.0067853	0.17697	0.0250108	0.17697	0.142279	0.010054	0.341758	0.02415	0	237	269813	0.000168848
3A	Multi-Family with 2 - 4 Units	1940-59	0.0825916	0.00583624	0.0859397	0.0121457	0.0859397	0.353817	0.025002	0.325712	0.0230161	0	36	80875.6	0.000723373
3A	Multi-Family with 5+ Units	1940-59	0.0825916	0.00583624	0.0859397	0.0121457	0.0859397	0.353817	0.025002	0.325712	0.0230161	0	36	80875.6	0.000836264
3A	Single-Family Attached	1940-59	0.0960222	0.0067853	0.17697	0.0250108	0.17697	0.142279	0.010054	0.341758	0.02415	0	237	269813	0.000274588
3A	Single-Family Detached	1940-59	0.0960222	0.0067853	0.17697	0.0250108	0.17697	0.142279	0.010054	0.341758	0.02415	0	237	270624	0.0131894
3A	Mobile Home	1960-79	0.179747	0.0127016	0.13885	0.0196233	0.13885	0.274524	0.0193989	0.198898	0.0140549	0.00335324	310	613083	0.00244209
3A	Multi-Family with 2 - 4 Units	1960-79	0.197971	0.0139894	0.0543749	0.00768467	0.0543749	0.498285	0.0352107	0.120462	0.00851229	0.00913508	116	454026	0.00215097
3A	Multi-Family with 5+ Units	1960-79	0.197971	0.0139894	0.0543749	0.00768467	0.0543749	0.498285	0.0352107	0.120462	0.00851229	0.00913508	116	454026	0.00485141
3A	Single-Family Attached	1960-79	0.179747	0.0127016	0.13885	0.0196233	0.13885	0.274524	0.0193989	0.198898	0.0140549	0.00335324	310	613083	0.000732689
3A	Single-Family Detached	1960-79	0.179747	0.0127016	0.13885	0.0196233	0.13885	0.274524	0.0193989	0.198898	0.0140549	0.00335324	310	614925	0.0242527
3A	Mobile Home	1980-99	0.290252	0.0205103	0.154239	0.018391	0.106021	0.232494	0.0164289	0.143635	0.0101498	0.00787888	366	741034	0.00842103
3A	Multi-Family with 2 - 4 Units	1980-99	0.31267	0.0220944	0.0818488	0.0108069	0.0710852	0.375402	0.0265273	0.0929946	0.00657135	0	125	504543	0.00238463
3A	Multi-Family with 5+ Units	1980-99	0.31267	0.0220944	0.0818488	0.0108069	0.0710852	0.375402	0.0265273	0.0929946	0.00657135	0	125	504543	0.0077895
3A	Single-Family Attached	1980-99	0.290252	0.0205103	0.154239	0.018391	0.106021	0.232494	0.0164289	0.143635	0.0101498	0.00787888	366	741034	0.00117854
3A	Single-Family Detached	1980-99	0.290252	0.0205103	0.154239	0.018391	0.106021	0.232494	0.0164289	0.143635	0.0101498	0.00787888	366	743259	0.0251572
3A	Mobile Home	2000-09	0.414699	0.0293042	0.167056	0.0362411	0.34581	0	0	0	0	0.00688972	255	227398	0.00261075
3A	Multi-Family with 2 - 4 Units	2000-09	0.482852	0.0341202	0.169896	0.0318798	0.281251	0	0	0	0	0	45	99416.1	0.000778798
3A	Multi-Family with 5+ Units	2000-09	0.482852	0.0341202	0.169896	0.0318798	0.281251	0	0	0	0	0	45	99416.1	0.00348514
3A	Single-Family Attached	2000-09	0.414699	0.0293042	0.167056	0.0362411	0.34581	0	0	0	0	0.00688972	255	227398	0.00105665
3A	Single-Family Detached	2000-09	0.414699	0.0293042	0.167056	0.0362411	0.34581	0	0	0	0	0.00688972	255	228081	0.0157163
3A	Mobile Home	2010s	0	0	0	0	0.980466	0	0	0	0	0.0195343	255	227398	0.000835147
3A	Multi-Family with 2 - 4 Units	2010s	0	0	0	0	1	0	0	0	0	0	45	99416.1	0.00039384
3A	Multi-Family with 5+ Units	2010s	0	0	0	0	1	0	0	0	0	0	45	99416.1	0.00219422
3A	Single-Family Attached	2010s	0	0	0	0	0.980466	0	0	0	0	0.0195343	255	227398	0.000335921
3A	Single-Family Detached	2010s	0	0	0	0	0.980466	0	0	0	0	0.0195343	255	228081	0.0056318
3A	Mobile Home	<1940	0.0960222	0.0067853	0.17697	0.0250108	0.17697	0.142279	0.010054	0.341758	0.02415	0	237	269813	5.57278e-05
3A	Multi-Family with 2 - 4 Units	<1940	0.0825916	0.00583624	0.0859397	0.0121457	0.0859397	0.353817	0.025002	0.325712	0.0230161	0	36	80875.6	0.000346584
3A	Multi-Family with 5+ Units	<1940	0.0825916	0.00583624	0.0859397	0.0121457	0.0859397	0.353817	0.025002	0.325712	0.0230161	0	36	80875.6	0.000409688
3A	Single-Family Attached	<1940	0.0960222	0.0067853	0.17697	0.0250108	0.17697	0.142279	0.010054	0.341758	0.02415	0	237	269813	0.000111126
3A	Single-Family Detached	<1940	0.0960222	0.0067853	0.17697	0.0250108	0.17697	0.142279	0.010054	0.341758	0.02415	0	237	270624	0.00537316
3B	Mobile Home	1940-59	0.0960222	0.0067853	0.17697	0.0250108	0.17697	0.142279	0.010054	0.341758	0.02415	0	237	249618	0.000176039
3B	Multi-Family with 2 - 4 Units	1940-59	0.0825916	0.00583624	0.0859397	0.0121457	0.0859397	0.353817	0.025002	0.325712	0.0230161	0	36	74822.1	0.00114217
3B	Multi-Family with 5+ Units	1940-59	0.0825916	0.00583624	0.0859397	0.0121457	0.0859397	0.353817	0.025002	0.325712	0.0230161	0	36	74822.1	0.00228884
3B	Single-Family Attached	1940-59	0.0960222	0.0067853	0.17697	0.0250108	0.17697	0.142279	0.010054	0.341758	0.02415	0	237	249618	0.000741824
3B	Single-Family Detached	1940-59	0.0960222	0.0067853	0.17697	0.0250108	0.17697	0.142279	0.010054	0.341758	0.02415	0	237	250367	0.0127312
3B	Mobile Home	1960-79	0.179747	0.0127016	0.13885	0.0196233	0.13885	0.274524	0.0193989	0.198898	0.0140549	0.00335324	310	567194	0.00182188
3B	Multi-Family with 2 - 4 Units	1960-79	0.197971	0.0139894	0.0543749	0.00768467	0.0543749	0.498285	0.0352107	0.120462	0.00851229	0.00913508	116	420042	0.00240751
3B	Multi-Family with 5+ Units	1960-79	0.197971	0.0139894	0.0543749	0.00768467	0.0543749	0.498285	0.0352107	0.120462	0.00851229	0.00913508	116	420042	0.00745491
3B	Single-Family Attached	1960-79	0.179747	0.0127016	0.13885	0.0196233	0.13885	0.274524	0.0193989	0.198898	0.0140549	0.00335324	310	567194	0.00174113
3B	Single-Family Detached	1960-79	0.179747	0.0127016	0.13885	0.0196233	0.13885	0.274524	0.0193989	0.198898	0.0140549	0.00335324	310	568897	0.0137439
3B	Mobile Home	1980-99	0.290252	0.0205103	0.154239	0.018391	0.106021	0.232494	0.0164289	0.143635	0.0101498	0.00787888	366	685567	0.00164004
3B	Multi-Family with 2 - 4 Units	1980-99	0.31267	0.0220944	0.0818488	0.0108069	0.0710852	0.375402	0.0265273	0.0929946	0.00657135	0	125	466778	0.00203584
3B	Multi-Family with 5+ Units	1980-99	0.31267	0.0220944	0.0818488	0.0108069	0.0710852	0.375402	0.0265273	0.0929946	0.00657135	0	125	466778	0.00674865
3B	Single-Family Attached	1980-99	0.290252	0.0205103	0.154239	0.018391	0.106021	0.232494	0.0164289	0.143635	0.0101498	0.00787888	366	685567	0.00190771
3B	Single-Family Detached	1980-99	0.290252	0.0205103	0.154239	0.018391	0.106021	0.232494	0.0164289	0.143635	0.0101498	0.00787888	366	687626	0.0141104
3B	Mobile Home	2000-09	0.414699	0.0293042	0.167056	0.0362411	0.34581	0	0	0	0	0.00688972	255	210377	0.00058411
3B	Multi-Family with 2 - 4 Units	2000-09	0.482852	0.0341202	0.169896	0.0318798	0.281251	0	0	0	0	0	45	91974.8	0.000505482
3B	Multi-Family with 5+ Units	2000-09	0.482852	0.0341202	0.169896	0.0318798	0.281251	0	0	0	0	0	45	91974.8	0.00237085
3B	Single-Family Attached	2000-09	0.414699	0.0293042	0.167056	0.0362411	0.34581	0	0	0	0	0.00688972	255	210377	0.000605056
3B	Single-Family Detached	2000-09	0.414699	0.0293042	0.167056	0.0362411	0.34581	0	0	0	0	0.00688972	255	211009	0.0084719
3B	Mobile Home	2010s	0	0	0	0	0.980466	0	0	0	0	0.0195343	255	210377	0.000174238
3B	Multi-Family with 2 - 4 Units	2010s	0	0	0	0	1	0	0	0	0	0	45	91974.8	0.000201419
3B	Multi-Family with 5+ Units	2010s	0	0	0	0	1	0	0	0	0	0	45	91974.8	0.00116834
3B	Single-Family Attached	2010s	0	0	0	0	0.980466	0	0	0	0	0.0195343	255	210377	0.000208331
3B	Single-Family Detached	2010s	0	0	0	0	0.980466	0	0	0	0	0.0195343	255	211009	0.00210084
3B	Mobile Home	<1940	0.0960222	0.0067853	0.17697	0.0250108	0.17697	0.142279	0.010054	0.341758	0.02415	0	237	249618	3.22741e-05
3B	Multi-Family with 2 - 4 Units	<1940	0.0825916	0.00583624	0.0859397	0.0121457	0.0859397	0.353817	0.025002	0.325712	0.0230161	0	36	74822.1	0.000648787
3B	Multi-Family with 5+ Units	<1940	0.0825916	0.00583624	0.0859397	0.0121457	0.0859397	0.353817	0.025002	0.325712	0.0230161	0	36	74822.1	0.00114694
3B	Single-Family Attached	<1940	0.0960222	0.0067853	0.17697	0.0250108	0.17697	0.142279	0.010054	0.341758	0.02415	0	237	249618	0.000435587
3B	Single-Family Detached	<1940	0.0960222	0.0067853	0.17697	0.0250108	0.17697	0.142279	0.010054	0.341758	0.02415	0	237	250367	0.00415171
3C	Mobile Home	1940-59	0.0960222	0.0067853	0.17697	0.0250108	0.17697	0.142279	0.010054	0.341758	0.02415	0	237	269006	2.7734e-05
3C	Multi-Family with 2 - 4 Units	1940-59	0.0825916	0.00583624	0.0859397	0.0121457	0.0859397	0.353817	0.025002	0.325712	0.0230161	0	36	80633.5	0.000370051
3C	Multi-Family with 5+ Units	1940-59	0.0825916	0.00583624	0.0859397	0.0121457	0.0859397	0.353817	0.025002	0.325712	0.0230161	0	36	80633.5	0.00057974
3C	Single-Family Attached	1940-59	0.0960222	0.0067853	0.17697	0.0250108	0.17697	0.142279	0.010054	0.341758	0.02415	0	237	269006	0.000296719
3C	Single-Family Detached	1940-59	0.0960222	0.0067853	0.17697	0.0250108	0.17697	0.142279	0.010054	0.341758	0.02415	0	237	269813	0.00321501
3C	Mobile Home	1960-79	0.179747	0.0127016	0.13885	0.0196233	0.13885	0.274524	0.0193989	0.198898	0.0140549	0.00335324	310	611248	0.000333455
3C	Multi-Family with 2 - 4 Units	1960-79	0.197971	0.0139894	0.0543749	0.00768467	0.0543749	0.498285	0.0352107	0.120462	0.00851229	0.00913508	116	452666	0.000708565
3C	Multi-Family with 5+ Units	1960-79	0.197971	0.0139894	0.0543749	0.00768467	0.0543749	0.498285	0.0352107	0.120462	0.00851229	0.00913508	116	452666	0.0019883
3C	Single-Family Attached	1960-79	0.179747	0.0127016	0.13885	0.0196233	0.13885	0.274524	0.0193989	0.198898	0.0140549	0.00335324	310	611248	0.000646573
3C	Single-Family Detached	1960-79	0.179747	0.0127016	0.13885	0.0196233	0.13885	0.274524	0.0193989	0.198898	0.0140549	0.00335324	310	613083	0.00412181
3C	Mobile Home	1980-99	0.290252	0.0205103	0.154239	0.018391	0.106021	0.232494	0.0164289	0.143635	0.0101498	0.00787888	366	738815	0.000184784
3C	Multi-Family with 2 - 4 Units	1980-99	0.31267	0.0220944	0.0818488	0.0108069	0.0710852	0.375402	0.0265273	0.0929946	0.00657135	0	125	503033	0.000458267
3C	Multi-Family with 5+ Units	1980-99	0.31267	0.0220944	0.0818488	0.0108069	0.0710852	0.375402	0.0265273	0.0929946	0.00657135	0	125	503033	0.00149448
3C	Single-Family Attached	1980-99	0.290252	0.0205103	0.154239	0.018391	0.106021	0.232494	0.0164289	0.143635	0.0101498	0.00787888	366	738815	0.000650574
3C	Single-Family Detached	1980-99	0.290252	0.0205103	0.154239	0.018391	0.106021	0.232494	0.0164289	0.143635	0.0101498	0.00787888	366	741034	0.00242167
3C	Mobile Home	2000-09	0.414699	0.0293042	0.167056	0.0362411	0.34581	0	0	0	0	0.00688972	255	226717	9.84839e-05
3C	Multi-Family with 2 - 4 Units	2000-09	0.482852	0.0341202	0.169896	0.0318798	0.281251	0	0	0	0	0	45	99118.5	9.71718e-05
3C	Multi-Family with 5+ Units	2000-09	0.482852	0.0341202	0.169896	0.0318798	0.281251	0	0	0	0	0	45	99118.5	0.000653707
3C	Single-Family Attached	2000-09	0.414699	0.0293042	0.167056	0.0362411	0.34581	0	0	0	0	0.00688972	255	226717	0.000209348
3C	Single-Family Detached	2000-09	0.414699	0.0293042	0.167056	0.0362411	0.34581	0	0	0	0	0.00688972	255	227398	0.000861774
3C	Mobile Home	2010s	0	0	0	0	0.980466	0	0	0	0	0.0195343	255	226717	3.23262e-05
3C	Multi-Family with 2 - 4 Units	2010s	0	0	0	0	1	0	0	0	0	0	45	99118.5	3.57376e-05
3C	Multi-Family with 5+ Units	2010s	0	0	0	0	1	0	0	0	0	0	45	99118.5	0.000411626
3C	Single-Family Attached	2010s	0	0	0	0	0.980466	0	0	0	0	0.0195343	255	226717	0.000103737
3C	Single-Family Detached	2010s	0	0	0	0	0.980466	0	0	0	0	0.0195343	255	227398	0.000238398
3C	Mobile Home	<1940	0.0960222	0.0067853	0.17697	0.0250108	0.17697	0.142279	0.010054	0.341758	0.02415	0	237	269006	6.40486e-06
3C	Multi-Family with 2 - 4 Units	<1940	0.0825916	0.00583624	0.0859397	0.0121457	0.0859397	0.353817	0.025002	0.325712	0.0230161	0	36	80633.5	0.00061633
3C	Multi-Family with 5+ Units	<1940	0.0825916	0.00583624	0.0859397	0.0121457	0.0859397	0.353817	0.025002	0.325712	0.0230161	0	36	80633.5	0.000784265
3C	Single-Family Attached	<1940	0.0960222	0.0067853	0.17697	0.0250108	0.17697	0.142279	0.010054	0.341758	0.02415	0	237	269006	0.000247383
3C	Single-Family Detached	<1940	0.0960222	0.0067853	0.17697	0.0250108	0.17697	0.142279	0.010054	0.341758	0.02415	0	237	269813	0.00169788
4A	Mobile Home	1940-59	0.118908	0.00962239	0.216161	0.0341174	0.216161	0.0770043	0.00657276	0.276644	0.0209262	0.023882	276	489977	0.000168058
4A	Multi-Family with 2 - 4 Units	1940-59	0.347039	0.0248061	0.0604473	0.00854287	0.0604473	0.298307	0.0210795	0.167495	0.0118359	0	73	339833	0.00361321
4A	Multi-Family with 5+ Units	1940-59	0.347039	0.0248061	0.0604473	0.00854287	0.0604473	0.298307	0.0210795	0.167495	0.0118359	0	73	339833	0.00651432
4A	Single-Family Attached	1940-59	0.118908	0.00962239	0.216161	0.0341174	0.216161	0.0770043	0.00657276	0.276644	0.0209262	0.023882	276	489977	0.00326344
4A	Single-Family Detached	1940-59	0.118908	0.00962239	0.216161	0.0341174	0.216161	0.0770043	0.00657276	0.276644	0.0209262	0.023882	276	491448	0.02436
4A	Mobile Home	1960-79	0.0825381	0.00693383	0.271006	0.0436457	0.271006	0.112259	0.00878015	0.17407	0.0128092	0.0169503	279	903546	0.00256752
4A	Multi-Family with 2 - 4 Units	1960-79	0.257334	0.0193166	0.0820107	0.0115904	0.0820107	0.346619	0.0253014	0.149257	0.0105471	0.016013	65	463512	0.00460493
4A	Multi-Family with 5+ Units	1960-79	0.257334	0.0193166	0.0820107	0.0115904	0.0820107	0.346619	0.0253014	0.149257	0.0105471	0.016013	65	463512	0.0123728
4A	Single-Family Attached	1960-79	0.0825381	0.00693383	0.271006	0.0436457	0.271006	0.112259	0.00878015	0.17407	0.0128092	0.0169503	279	903546	0.00321916
4A	Single-Family Detached	1960-79	0.0825381	0.00693383	0.271006	0.0436457	0.271006	0.112259	0.00878015	0.17407	0.0128092	0.0169503	279	906259	0.0306327
4A	Mobile Home	1980-99	0.143738	0.0110819	0.331016	0.044484	0.236549	0.0739375	0.00541627	0.127198	0.00909099	0.0174887	280	868170	0.0063414
4A	Multi-Family with 2 - 4 Units	1980-99	0.401728	0.0283876	0.0896553	0.0111174	0.0676721	0.179224	0.0134164	0.173833	0.0122837	0.0226817	60	375762	0.00353698
4A	Multi-Family with 5+ Units	1980-99	0.401728	0.0283876	0.0896553	0.0111174	0.0676721	0.179224	0.0134164	0.173833	0.0122837	0.0226817	60	375762	0.010162
4A	Single-Family Attached	1980-99	0.143738	0.0110819	0.331016	0.044484	0.236549	0.0739375	0.00541627	0.127198	0.00909099	0.0174887	280	868170	0.00543915
4A	Single-Family Detached	1980-99	0.143738	0.0110819	0.331016	0.044484	0.236549	0.0739375	0.00541627	0.127198	0.00909099	0.0174887	280	870777	0.0284144
4A	Mobile Home	2000-09	0.174036	0.0128861	0.233573	0.0576021	0.501225	0	0	0	0	0.0206777	152	228092	0.0020293
4A	Multi-Family with 2 - 4 Units	2000-09	0.414644	0.0302671	0.146711	0.0433303	0.365048	0	0	0	0	0	51	152000	0.00139957
4A	Multi-Family with 5+ Units	2000-09	0.414644	0.0302671	0.146711	0.0433303	0.365048	0	0	0	0	0	51	152000	0.00485895
4A	Single-Family Attached	2000-09	0.174036	0.0128861	0.233573	0.0576021	0.501225	0	0	0	0	0.0206777	152	228092	0.00258724
4A	Single-Family Detached	2000-09	0.174036	0.0128861	0.233573	0.0576021	0.501225	0	0	0	0	0.0206777	152	228777	0.0153843
4A	Mobile Home	2010s	0	0	0	0	0.96038	0	0	0	0	0.0396199	152	228092	0.000504881
4A	Multi-Family with 2 - 4 Units	2010s	0	0	0	0	1	0	0	0	0	0	51	152000	0.000566851
4A	Multi-Family with 5+ Units	2010s	0	0	0	0	1	0	0	0	0	0	51	152000	0.00322102
4A	Single-Family Attached	2010s	0	0	0	0	0.96038	0	0	0	0	0.0396199	152	228092	0.00102981
4A	Single-Family Detached	2010s	0	0	0	0	0.96038	0	0	0	0	0.0396199	152	228777	0.00479528
4A	Mobile Home	<1940	0.118908	0.00962239	0.216161	0.0341174	0.216161	0.0770043	0.00657276	0.276644	0.0209262	0.023882	276	489977	6.37673e-05
4A	Multi-Family with 2 - 4 Units	<1940	0.347039	0.0248061	0.0604473	0.00854287	0.0604473	0.298307	0.0210795	0.167495	0.0118359	0	73	339833	0.00584987
4A	Multi-Family with 5+ Units	<1940	0.347039	0.0248061	0.0604473	0.00854287	0.0604473	0.298307	0.0210795	0.167495	0.0118359	0	73	339833	0.00876822
4A	Single-Family Attached	<1940	0.118908	0.00962239	0.216161	0.0341174	0.216161	0.0770043	0.00657276	0.276644	0.0209262	0.023882	276	489977	0.00427756
4A	Single-Family Detached	<1940	0.118908	0.00962239	0.216161	0.0341174	0.216161	0.0770043	0.00657276	0.276644	0.0209262	0.023882	276	491448	0.0161123
4B	Mobile Home	1940-59	0.0960222	0.0067853	0.17697	0.0250108	0.17697	0.142279	0.010054	0.341758	0.02415	0	237	19387.8	2.06283e-05
4B	Multi-Family with 2 - 4 Units	1940-59	0.0825916	0.00583624	0.0859397	0.0121457	0.0859397	0.353817	0.025002	0.325712	0.0230161	0	36	5811.42	6.05102e-05
4B	Multi-Family with 5+ Units	1940-59	0.0825916	0.00583624	0.0859397	0.0121457	0.0859397	0.353817	0.025002	0.325712	0.0230161	0	36	5811.42	4.7535e-05
4B	Single-Family Attached	1940-59	0.0960222	0.0067853	0.17697	0.0250108	0.17697	0.142279	0.010054	0.341758	0.02415	0	237	19387.8	2.26714e-05
4B	Single-Family Detached	1940-59	0.0960222	0.0067853	0.17697	0.0250108	0.17697	0.142279	0.010054	0.341758	0.02415	0	237	19446	0.00103191
4B	Mobile Home	1960-79	0.179747	0.0127016	0.13885	0.0196233	0.13885	0.274524	0.0193989	0.198898	0.0140549	0.00335324	310	44053.9	0.000279468
4B	Multi-Family with 2 - 4 Units	1960-79	0.197971	0.0139894	0.0543749	0.00768467	0.0543749	0.498285	0.0352107	0.120462	0.00851229	0.00913508	116	32624.6	0.000154828
4B	Multi-Family with 5+ Units	1960-79	0.197971	0.0139894	0.0543749	0.00768467	0.0543749	0.498285	0.0352107	0.120462	0.00851229	0.00913508	116	32624.6	0.000276235
4B	Single-Family Attached	1960-79	0.179747	0.0127016	0.13885	0.0196233	0.13885	0.274524	0.0193989	0.198898	0.0140549	0.00335324	310	44053.9	5.87914e-05
4B	Single-Family Detached	1960-79	0.179747	0.0127016	0.13885	0.0196233	0.13885	0.274524	0.0193989	0.198898	0.0140549	0.00335324	310	44186.2	0.00154986
4B	Mobile Home	1980-99	0.290252	0.0205103	0.154239	0.018391	0.106021	0.232494	0.0164289	0.143635	0.0101498	0.00787888	366	53247.9	0.000459807
4B	Multi-Family with 2 - 4 Units	1980-99	0.31267	0.0220944	0.0818488	0.0108069	0.0710852	0.375402	0.0265273	0.0929946	0.00657135	0	125	36254.6	0.000141374
4B	Multi-Family with 5+ Units	1980-99	0.31267	0.0220944	0.0818488	0.0108069	0.0710852	0.375402	0.0265273	0.0929946	0.00657135	0	125	36254.6	0.000272105
4B	Single-Family Attached	1980-99	0.290252	0.0205103	0.154239	0.018391	0.106021	0.232494	0.0164289	0.143635	0.0101498	0.00787888	366	53247.9	9.18243e-05
4B	Single-Family Detached	1980-99	0.290252	0.0205103	0.154239	0.018391	0.106021	0.232494	0.0164289	0.143635	0.0101498	0.00787888	366	53407.8	0.00147186
4B	Mobile Home	2000-09	0.414699	0.0293042	0.167056	0.0362411	0.34581	0	0	0	0	0.00688972	255	16340	0.000141605
4B	Multi-Family with 2 - 4 Units	2000-09	0.482852	0.0341202	0.169896	0.0318798	0.281251	0	0	0	0	0	45	7143.67	3.63926e-05
4B	Multi-Family with 5+ Units	2000-09	0.482852	0.0341202	0.169896	0.0318798	0.281251	0	0	0	0	0	45	7143.67	8.05748e-05
4B	Single-Family Attached	2000-09	0.414699	0.0293042	0.167056	0.0362411	0.34581	0	0	0	0	0.00688972	255	16340	4.11015e-05
4B	Single-Family Detached	2000-09	0.414699	0.0293042	0.167056	0.0362411	0.34581	0	0	0	0	0.00688972	255	16389.1	0.000824466
4B	Mobile Home	2010s	0	0	0	0	0.980466	0	0	0	0	0.0195343	255	16340	3.38789e-05
4B	Multi-Family with 2 - 4 Units	2010s	0	0	0	0	1	0	0	0	0	0	45	7143.67	1.87521e-05
4B	Multi-Family with 5+ Units	2010s	0	0	0	0	1	0	0	0	0	0	45	7143.67	5.14677e-05
4B	Single-Family Attached	2010s	0	0	0	0	0.980466	0	0	0	0	0.0195343	255	16340	1.4882e-05
4B	Single-Family Detached	2010s	0	0	0	0	0.980466	0	0	0	0	0.0195343	255	16389.1	0.000177039
4B	Mobile Home	<1940	0.0960222	0.0067853	0.17697	0.0250108	0.17697	0.142279	0.010054	0.341758	0.02415	0	237	19387.8	3.51801e-06
4B	Multi-Family with 2 - 4 Units	<1940	0.0825916	0.00583624	0.0859397	0.0121457	0.0859397	0.353817	0.025002	0.325712	0.0230161	0	36	5811.42	1.89442e-05
4B	Multi-Family with 5+ Units	<1940	0.0825916	0.00583624	0.0859397	0.0121457	0.0859397	0.353817	0.025002	0.325712	0.0230161	0	36	5811.42	1.91804e-05
4B	Single-Family Attached	<1940	0.0960222	0.0067853	0.17697	0.0250108	0.17697	0.142279	0.010054	0.341758	0.02415	0	237	19387.8	9.08036e-06
4B	Single-Family Detached	<1940	0.0960222	0.0067853	0.17697	0.0250108	0.17697	0.142279	0.010054	0.341758	0.02415	0	237	19446	0.000369135
4C	Mobile Home	1940-59	0.118908	0.00962239	0.216161	0.0341174	0.216161	0.0770043	0.00657276	0.276644	0.0209262	0.023882	276	489977	3.06354e-05
4C	Multi-Family with 2 - 4 Units	1940-59	0.347039	0.0248061	0.0604473	0.00854287	0.0604473	0.298307	0.0210795	0.167495	0.0118359	0	73	339833	0.000194509
4C	Multi-Family with 5+ Units	1940-59	0.347039	0.0248061	0.0604473	0.00854287	0.0604473	0.298307	0.0210795	0.167495	0.0118359	0	73	339833	0.000310995
4C	Single-Family Attached	1940-59	0.118908	0.00962239	0.216161	0.0341174	0.216161	0.0770043	0.00657276	0.276644	0.0209262	0.023882	276	489977	8.92637e-05
4C	Single-Family Detached	1940-59	0.118908	0.00962239	0.216161	0.0341174	0.216161	0.0770043	0.00657276	0.276644	0.0209262	0.023882	276	491448	0.0028988
4C	Mobile Home	1960-79	0.0825381	0.00693383	0.271006	0.0436457	0.271006	0.112259	0.00878015	0.17407	0.0128092	0.0169503	279	903546	0.000637528
4C	Multi-Family with 2 - 4 Units	1960-79	0.257334	0.0193166	0.0820107	0.0115904	0.0820107	0.346619	0.0253014	0.149257	0.0105471	0.016013	65	463512	0.000622832
4C	Multi-Family with 5+ Units	1960-79	0.257334	0.0193166	0.0820107	0.0115904	0.0820107	0.346619	0.0253014	0.149257	0.0105471	0.016013	65	463512	0.00158872
4C	Single-Family Attached	1960-79	0.0825381	0.00693383	0.271006	0.0436457	0.271006	0.112259	0.00878015	0.17407	0.0128092	0.0169503	279	903546	0.000272467
4C	Single-Family Detached	1960-79	0.0825381	0.00693383	0.271006	0.0436457	0.271006	0.112259	0.00878015	0.17407	0.0128092	0.0169503	279	906259	0.00459283
4C	Mobile Home	1980-99	0.143738	0.0110819	0.331016	0.044484	0.236549	0.0739375	0.00541627	0.127198	0.00909099	0.0174887	280	868170	0.000852791
4C	Multi-Family with 2 - 4 Units	1980-99	0.401728	0.0283876	0.0896553	0.0111174	0.0676721	0.179224	0.0134164	0.173833	0.0122837	0.0226817	60	375762	0.000572632
4C	Multi-Family with 5+ Units	1980-99	0.401728	0.0283876	0.0896553	0.0111174	0.0676721	0.179224	0.0134164	0.173833	0.0122837	0.0226817	60	375762	0.00207886
4C	Single-Family Attached	1980-99	0.143738	0.0110819	0.331016	0.044484	0.236549	0.0739375	0.00541627	0.127198	0.00909099	0.0174887	280	868170	0.000398066
4C	Single-Family Detached	1980-99	0.143738	0.0110819	0.331016	0.044484	0.236549	0.0739375	0.00541627	0.127198	0.00909099	0.0174887	280	870777	0.00474696
4C	Mobile Home	2000-09	0.174036	0.0128861	0.233573	0.0576021	0.501225	0	0	0	0	0.0206777	152	228092	0.000186274
4C	Multi-Family with 2 - 4 Units	2000-09	0.414644	0.0302671	0.146711	0.0433303	0.365048	0	0	0	0	0	51	152000	0.000199422
4C	Multi-Family with 5+ Units	2000-09	0.414644	0.0302671	0.146711	0.0433303	0.365048	0	0	0	0	0	51	152000	0.000912963
4C	Single-Family Attached	2000-09	0.174036	0.0128861	0.233573	0.0576021	0.501225	0	0	0	0	0.0206777	152	228092	0.000354794
4C	Single-Family Detached	2000-09	0.174036	0.0128861	0.233573	0.0576021	0.501225	0	0	0	0	0.0206777	152	228777	0.0026384
4C	Mobile Home	2010s	0	0	0	0	0.96038	0	0	0	0	0.0396199	152	228092	4.63991e-05
4C	Multi-Family with 2 - 4 Units	2010s	0	0	0	0	1	0	0	0	0	0	51	152000	7.4583e-05
4C	Multi-Family with 5+ Units	2010s	0	0	0	0	1	0	0	0	0	0	51	152000	0.000651252
4C	Single-Family Attached	2010s	0	0	0	0	0.96038	0	0	0	0	0.0396199	152	228092	0.000107595
4C	Single-Family Detached	2010s	0	0	0	0	0.96038	0	0	0	0	0.0396199	152	228777	0.000929726
4C	Mobile Home	<1940	0.118908	0.00962239	0.216161	0.0341174	0.216161	0.0770043	0.00657276	0.276644	0.0209262	0.023882	276	489977	1.20544e-05
4C	Multi-Family with 2 - 4 Units	<1940	0.347039	0.0248061	0.0604473	0.00854287	0.0604473	0.298307	0.0210795	0.167495	0.0118359	0	73	339833	0.000175448
4C	Multi-Family with 5+ Units	<1940	0.347039	0.0248061	0.0604473	0.00854287	0.0604473	0.298307	0.0210795	0.167495	0.0118359	0	73	339833	0.000387312
4C	Single-Family Attached	<1940	0.118908	0.00962239	0.216161	0.0341174	0.216161	0.0770043	0.00657276	0.276644	0.0209262	0.023882	276	489977	5.62781e-05
4C	Single-Family Detached	<1940	0.118908	0.00962239	0.216161	0.0341174	0.216161	0.0770043	0.00657276	0.276644	0.0209262	0.023882	276	491448	0.00236142
5A	Mobile Home	1940-59	0.10845	0.0134039	0.225271	0.055685	0.225271	0.0374327	0.00462652	0.28234	0.034896	0.0126233	420	820154	0.000171635
5A	Multi-Family with 2 - 4 Units	1940-59	0.143925	0.0177884	0.129245	0.0319481	0.129245	0.168667	0.0208464	0.318919	0.039417	0	91	381209	0.00406654
5A	Multi-Family with 5+ Units	1940-59	0.143925	0.0177884	0.129245	0.0319481	0.129245	0.168667	0.0208464	0.318919	0.039417	0	91	381209	0.00365188
5A	Single-Family Attached	1940-59	0.10845	0.0134039	0.225271	0.055685	0.225271	0.0374327	0.00462652	0.28234	0.034896	0.0126233	420	820154	0.00140205
5A	Single-Family Detached	1940-59	0.10845	0.0134039	0.225271	0.055685	0.225271	0.0374327	0.00462652	0.28234	0.034896	0.0126233	420	822617	0.0348329
5A	Mobile Home	1960-79	0.0898684	0.0111073	0.259205	0.0640731	0.259205	0.0895928	0.0110733	0.175318	0.0216686	0.0188886	303	1.02427e+06	0.00231635
5A	Multi-Family with 2 - 4 Units	1960-79	0.293609	0.0362888	0.0869221	0.0214864	0.0869221	0.295531	0.0365263	0.127016	0.0156986	0	91	636701	0.0049842
5A	Multi-Family with 5+ Units	1960-79	0.293609	0.0362888	0.0869221	0.0214864	0.0869221	0.295531	0.0365263	0.127016	0.0156986	0	91	636701	0.0119088
5A	Single-Family Attached	1960-79	0.0898684	0.0111073	0.259205	0.0640731	0.259205	0.0895928	0.0110733	0.175318	0.0216686	0.0188886	303	1.02427e+06	0.00232971
5A	Single-Family Detached	1960-79	0.0898684	0.0111073	0.259205	0.0640731	0.259205	0.0895928	0.0110733	0.175318	0.0216686	0.0188886	303	1.02735e+06	0.0355278
5A	Mobile Home	1980-99	0.153193	0.018934	0.33817	0.0701772	0.229627	0.0707702	0.00874688	0.0876555	0.0108338	0.0118918	312	984743	0.00351694
5A	Multi-Family with 2 - 4 Units	1980-99	0.192895	0.0238409	0.15747	0.0341823	0.119096	0.27823	0.0343879	0.14231	0.0175888	0	81	464043	0.00352173
5A	Multi-Family with 5+ Units	1980-99	0.192895	0.0238409	0.15747	0.0341823	0.119096	0.27823	0.0343879	0.14231	0.0175888	0	81	464043	0.00928202
5A	Single-Family Attached	1980-99	0.153193	0.018934	0.33817	0.0701772	0.229627	0.0707702	0.00874688	0.0876555	0.0108338	0.0118918	312	984743	0.0040488
5A	Single-Family Detached	1980-99	0.153193	0.018934	0.33817	0.0701772	0.229627	0.0707702	0.00874688	0.0876555	0.0108338	0.0118918	312	987700	0.0262829
5A	Mobile Home	2000-09	0.228033	0.0281838	0.211419	0.0803122	0.43838	0	0	0	0	0.0136728	231	330636	0.000922268
5A	Multi-Family with 2 - 4 Units	2000-09	0.503855	0.0622742	0.104337	0.0477258	0.281807	0	0	0	0	0	43	109972	0.00105167
5A	Multi-Family with 5+ Units	2000-09	0.503855	0.0622742	0.104337	0.0477258	0.281807	0	0	0	0	0	43	109972	0.00365252
5A	Single-Family Attached	2000-09	0.228033	0.0281838	0.211419	0.0803122	0.43838	0	0	0	0	0.0136728	231	330636	0.00231803
5A	Single-Family Detached	2000-09	0.228033	0.0281838	0.211419	0.0803122	0.43838	0	0	0	0	0.0136728	231	331629	0.013109
5A	Mobile Home	2010s	0	0	0	0	0.969754	0	0	0	0	0.030246	231	330636	0.000329923
5A	Multi-Family with 2 - 4 Units	2010s	0	0	0	0	1	0	0	0	0	0	43	109972	0.000449891
5A	Multi-Family with 5+ Units	2010s	0	0	0	0	1	0	0	0	0	0	43	109972	0.00208849
5A	Single-Family Attached	2010s	0	0	0	0	0.969754	0	0	0	0	0.030246	231	330636	0.00063875
5A	Single-Family Detached	2010s	0	0	0	0	0.969754	0	0	0	0	0.030246	231	331629	0.00363641
5A	Mobile Home	<1940	0.10845	0.0134039	0.225271	0.055685	0.225271	0.0374327	0.00462652	0.28234	0.034896	0.0126233	420	820154	9.99512e-05
5A	Multi-Family with 2 - 4 Units	<1940	0.143925	0.0177884	0.129245	0.0319481	0.129245	0.168667	0.0208464	0.318919	0.039417	0	91	381209	0.0107494
5A	Multi-Family with 5+ Units	<1940	0.143925	0.0177884	0.129245	0.0319481	0.129245	0.168667	0.0208464	0.318919	0.039417	0	91	381209	0.00555555
5A	Single-Family Attached	<1940	0.10845	0.0134039	0.225271	0.055685	0.225271	0.0374327	0.00462652	0.28234	0.034896	0.0126233	420	820154	0.00250282
5A	Single-Family Detached	<1940	0.10845	0.0134039	0.225271	0.055685	0.225271	0.0374327	0.00462652	0.28234	0.034896	0.0126233	420	822617	0.0318382
5B	Mobile Home	1940-59	0.10845	0.0134039	0.225271	0.055685	0.225271	0.0374327	0.00462652	0.28234	0.034896	0.0126233	420	820154	4.532e-05
5B	Multi-Family with 2 - 4 Units	1940-59	0.143925	0.0177884	0.129245	0.0319481	0.129245	0.168667	0.0208464	0.318919	0.039417	0	91	381209	0.000251792
5B	Multi-Family with 5+ Units	1940-59	0.143925	0.0177884	0.129245	0.0319481	0.129245	0.168667	0.0208464	0.318919	0.039417	0	91	381209	0.000322331
5B	Single-Family Attached	1940-59	0.10845	0.0134039	0.225271	0.055685	0.225271	0.0374327	0.00462652	0.28234	0.034896	0.0126233	420	820154	0.000132615
5B	Single-Family Detached	1940-59	0.10845	0.0134039	0.225271	0.055685	0.225271	0.0374327	0.00462652	0.28234	0.034896	0.0126233	420	822617	0.003443
5B	Mobile Home	1960-79	0.0898684	0.0111073	0.259205	0.0640731	0.259205	0.0895928	0.0110733	0.175318	0.0216686	0.0188886	303	1.02427e+06	0.000954404
5B	Multi-Family with 2 - 4 Units	1960-79	0.293609	0.0362888	0.0869221	0.0214864	0.0869221	0.295531	0.0365263	0.127016	0.0156986	0	91	636701	0.000705022
5B	Multi-Family with 5+ Units	1960-79	0.293609	0.0362888	0.0869221	0.0214864	0.0869221	0.295531	0.0365263	0.127016	0.0156986	0	91	636701	0.0017949
5B	Single-Family Attached	1960-79	0.0898684	0.0111073	0.259205	0.0640731	0.259205	0.0895928	0.0110733	0.175318	0.0216686	0.0188886	303	1.02427e+06	0.000456675
5B	Single-Family Detached	1960-79	0.0898684	0.0111073	0.259205	0.0640731	0.259205	0.0895928	0.0110733	0.175318	0.0216686	0.0188886	303	1.02735e+06	0.00596402
5B	Mobile Home	1980-99	0.153193	0.018934	0.33817	0.0701772	0.229627	0.0707702	0.00874688	0.0876555	0.0108338	0.0118918	312	984743	0.00134283
5B	Multi-Family with 2 - 4 Units	1980-99	0.192895	0.0238409	0.15747	0.0341823	0.119096	0.27823	0.0343879	0.14231	0.0175888	0	81	464043	0.000678206
5B	Multi-Family with 5+ Units	1980-99	0.192895	0.0238409	0.15747	0.0341823	0.119096	0.27823	0.0343879	0.14231	0.0175888	0	81	464043	0.00201205
5B	Single-Family Attached	1980-99	0.153193	0.018934	0.33817	0.0701772	0.229627	0.0707702	0.00874688	0.0876555	0.0108338	0.0118918	312	984743	0.000672629
5B	Single-Family Detached	1980-99	0.153193	0.018934	0.33817	0.0701772	0.229627	0.0707702	0.00874688	0.0876555	0.0108338	0.0118918	312	987700	0.00708562
5B	Mobile Home	2000-09	0.228033	0.0281838	0.211419	0.0803122	0.43838	0	0	0	0	0.0136728	231	330636	0.000343297
5B	Multi-Family with 2 - 4 Units	2000-09	0.503855	0.0622742	0.104337	0.0477258	0.281807	0	0	0	0	0	43	109972	0.000241407
5B	Multi-Family with 5+ Units	2000-09	0.503855	0.0622742	0.104337	0.0477258	0.281807	0	0	0	0	0	43	109972	0.000958026
5B	Single-Family Attached	2000-09	0.228033	0.0281838	0.211419	0.0803122	0.43838	0	0	0	0	0.0136728	231	330636	0.000481167
5B	Single-Family Detached	2000-09	0.228033	0.0281838	0.211419	0.0803122	0.43838	0	0	0	0	0.0136728	231	331629	0.00473734
5B	Mobile Home	2010s	0	0	0	0	0.969754	0	0	0	0	0.030246	231	330636	9.75508e-05
5B	Multi-Family with 2 - 4 Units	2010s	0	0	0	0	1	0	0	0	0	0	43	109972	9.41484e-05
5B	Multi-Family with 5+ Units	2010s	0	0	0	0	1	0	0	0	0	0	43	109972	0.000703889
5B	Single-Family Attached	2010s	0	0	0	0	0.969754	0	0	0	0	0.030246	231	330636	0.000184586
5B	Single-Family Detached	2010s	0	0	0	0	0.969754	0	0	0	0	0.030246	231	331629	0.00152358
5B	Mobile Home	<1940	0.10845	0.0134039	0.225271	0.055685	0.225271	0.0374327	0.00462652	0.28234	0.034896	0.0126233	420	820154	2.06355e-05
5B	Multi-Family with 2 - 4 Units	<1940	0.143925	0.0177884	0.129245	0.0319481	0.129245	0.168667	0.0208464	0.318919	0.039417	0	91	381209	0.000210438
5B	Multi-Family with 5+ Units	<1940	0.143925	0.0177884	0.129245	0.0319481	0.129245	0.168667	0.0208464	0.318919	0.039417	0	91	381209	0.000274972
5B	Single-Family Attached	<1940	0.10845	0.0134039	0.225271	0.055685	0.225271	0.0374327	0.00462652	0.28234	0.034896	0.0126233	420	820154	9.01932e-05
5B	Single-Family Detached	<1940	0.10845	0.0134039	0.225271	0.055685	0.225271	0.0374327	0.00462652	0.28234	0.034896	0.0126233	420	822617	0.00230904
6A	Mobile Home	1940-59	0.0546496	0.00675445	0.198447	0.0490544	0.198447	0.093059	0.0115017	0.336794	0.0416263	0.00966575	111	157008	6.85932e-05
6A	Multi-Family with 2 - 4 Units	1940-59	0.217259	0.0268522	0.0865751	0.0214006	0.0865751	0.0123771	0.00152975	0.487214	0.0602175	0	34	104938	0.000781934
6A	Multi-Family with 5+ Units	1940-59	0.217259	0.0268522	0.0865751	0.0214006	0.0865751	0.0123771	0.00152975	0.487214	0.0602175	0	34	104938	0.000651549
6A	Single-Family Attached	1940-59	0.0546496	0.00675445	0.198447	0.0490544	0.198447	0.093059	0.0115017	0.336794	0.0416263	0.00966575	111	157008	0.000171197
6A	Single-Family Detached	1940-59	0.0546496	0.00675445	0.198447	0.0490544	0.198447	0.093059	0.0115017	0.336794	0.0416263	0.00966575	111	157479	0.00743291
6A	Mobile Home	1960-79	0.069868	0.00863537	0.24853	0.0614344	0.24853	0.101925	0.0125974	0.206084	0.0254711	0.0169249	78	200687	0.00106579
6A	Multi-Family with 2 - 4 Units	1960-79	0.226476	0.0279914	0.110828	0.0273956	0.110828	0.228224	0.0282075	0.182798	0.022593	0.0346585	38	154843	0.00103194
6A	Multi-Family with 5+ Units	1960-79	0.226476	0.0279914	0.110828	0.0273956	0.110828	0.228224	0.0282075	0.182798	0.022593	0.0346585	38	154843	0.00253407
6A	Single-Family Attached	1960-79	0.069868	0.00863537	0.24853	0.0614344	0.24853	0.101925	0.0125974	0.206084	0.0254711	0.0169249	78	200687	0.000478029
6A	Single-Family Detached	1960-79	0.069868	0.00863537	0.24853	0.0614344	0.24853	0.101925	0.0125974	0.206084	0.0254711	0.0169249	78	201290	0.00973223
6A	Mobile Home	1980-99	0.0520439	0.00643239	0.368347	0.0796792	0.27633	0.0331066	0.00409182	0.122638	0.0151574	0.0421741	64	148436	0.00164174
6A	Multi-Family with 2 - 4 Units	1980-99	0.204394	0.0252622	0.175972	0.0392924	0.14194	0.118426	0.014637	0.211696	0.0261646	0.0422159	31	114925	0.000845418
6A	Multi-Family with 5+ Units	1980-99	0.204394	0.0252622	0.175972	0.0392924	0.14194	0.118426	0.014637	0.211696	0.0261646	0.0422159	31	114925	0.00265105
6A	Single-Family Attached	1980-99	0.0520439	0.00643239	0.368347	0.0796792	0.27633	0.0331066	0.00409182	0.122638	0.0151574	0.0421741	64	148436	0.0010436
6A	Single-Family Detached	1980-99	0.0520439	0.00643239	0.368347	0.0796792	0.27633	0.0331066	0.00409182	0.122638	0.0151574	0.0421741	64	148882	0.00890932
6A	Mobile Home	2000-09	0.0872082	0.0107785	0.232944	0.0980556	0.560415	0	0	0	0	0.0105985	46	69757.8	0.000448185
6A	Multi-Family with 2 - 4 Units	2000-09	0.230522	0.0284915	0.184408	0.0815085	0.47507	0	0	0	0	0	16	39430.8	0.000252553
6A	Multi-Family with 5+ Units	2000-09	0.230522	0.0284915	0.184408	0.0815085	0.47507	0	0	0	0	0	16	39430.8	0.00108802
6A	Single-Family Attached	2000-09	0.0872082	0.0107785	0.232944	0.0980556	0.560415	0	0	0	0	0.0105985	46	69757.8	0.000716396
6A	Single-Family Detached	2000-09	0.0872082	0.0107785	0.232944	0.0980556	0.560415	0	0	0	0	0.0105985	46	69967.3	0.00473977
6A	Mobile Home	2010s	0	0	0	0	0.981439	0	0	0	0	0.0185608	46	69757.8	0.000117651
6A	Multi-Family with 2 - 4 Units	2010s	0	0	0	0	1	0	0	0	0	0	16	39430.8	9.81143e-05
6A	Multi-Family with 5+ Units	2010s	0	0	0	0	1	0	0	0	0	0	16	39430.8	0.0007158
6A	Single-Family Attached	2010s	0	0	0	0	0.981439	0	0	0	0	0.0185608	46	69757.8	0.000162116
6A	Single-Family Detached	2010s	0	0	0	0	0.981439	0	0	0	0	0.0185608	46	69967.3	0.00136927
6A	Mobile Home	<1940	0.0546496	0.00675445	0.198447	0.0490544	0.198447	0.093059	0.0115017	0.336794	0.0416263	0.00966575	111	157008	3.19402e-05
6A	Multi-Family with 2 - 4 Units	<1940	0.217259	0.0268522	0.0865751	0.0214006	0.0865751	0.0123771	0.00152975	0.487214	0.0602175	0	34	104938	0.0020952
6A	Multi-Family with 5+ Units	<1940	0.217259	0.0268522	0.0865751	0.0214006	0.0865751	0.0123771	0.00152975	0.487214	0.0602175	0	34	104938	0.00105038
6A	Single-Family Attached	<1940	0.0546496	0.00675445	0.198447	0.0490544	0.198447	0.093059	0.0115017	0.336794	0.0416263	0.00966575	111	157008	0.000222577
6A	Single-Family Detached	<1940	0.0546496	0.00675445	0.198447	0.0490544	0.198447	0.093059	0.0115017	0.336794	0.0416263	0.00966575	111	157479	0.00955618
6B	Mobile Home	1940-59	0.0546496	0.00675445	0.198447	0.0490544	0.198447	0.093059	0.0115017	0.336794	0.0416263	0.00966575	111	21410.1	1.87028e-05
6B	Multi-Family with 2 - 4 Units	1940-59	0.217259	0.0268522	0.0865751	0.0214006	0.0865751	0.0123771	0.00152975	0.487214	0.0602175	0	34	14309.8	7.9906e-05
6B	Multi-Family with 5+ Units	1940-59	0.217259	0.0268522	0.0865751	0.0214006	0.0865751	0.0123771	0.00152975	0.487214	0.0602175	0	34	14309.8	4.71279e-05
6B	Single-Family Attached	1940-59	0.0546496	0.00675445	0.198447	0.0490544	0.198447	0.093059	0.0115017	0.336794	0.0416263	0.00966575	111	21410.1	1.79021e-05
6B	Single-Family Detached	1940-59	0.0546496	0.00675445	0.198447	0.0490544	0.198447	0.093059	0.0115017	0.336794	0.0416263	0.00966575	111	21474.4	0.000995965
6B	Mobile Home	1960-79	0.069868	0.00863537	0.24853	0.0614344	0.24853	0.101925	0.0125974	0.206084	0.0254711	0.0169249	78	27366.4	0.000433377
6B	Multi-Family with 2 - 4 Units	1960-79	0.226476	0.0279914	0.110828	0.0273956	0.110828	0.228224	0.0282075	0.182798	0.022593	0.0346585	38	21115	0.000175871
6B	Multi-Family with 5+ Units	1960-79	0.226476	0.0279914	0.110828	0.0273956	0.110828	0.228224	0.0282075	0.182798	0.022593	0.0346585	38	21115	0.000261154
6B	Single-Family Attached	1960-79	0.069868	0.00863537	0.24853	0.0614344	0.24853	0.101925	0.0125974	0.206084	0.0254711	0.0169249	78	27366.4	6.0575e-05
6B	Single-Family Detached	1960-79	0.069868	0.00863537	0.24853	0.0614344	0.24853	0.101925	0.0125974	0.206084	0.0254711	0.0169249	78	27448.6	0.00150608
6B	Mobile Home	1980-99	0.0520439	0.00643239	0.368347	0.0796792	0.27633	0.0331066	0.00409182	0.122638	0.0151574	0.0421741	64	20241.3	0.000398387
6B	Multi-Family with 2 - 4 Units	1980-99	0.204394	0.0252622	0.175972	0.0392924	0.14194	0.118426	0.014637	0.211696	0.0261646	0.0422159	31	15671.7	0.000186091
6B	Multi-Family with 5+ Units	1980-99	0.204394	0.0252622	0.175972	0.0392924	0.14194	0.118426	0.014637	0.211696	0.0261646	0.0422159	31	15671.7	0.000287834
6B	Single-Family Attached	1980-99	0.0520439	0.00643239	0.368347	0.0796792	0.27633	0.0331066	0.00409182	0.122638	0.0151574	0.0421741	64	20241.3	0.000123601
6B	Single-Family Detached	1980-99	0.0520439	0.00643239	0.368347	0.0796792	0.27633	0.0331066	0.00409182	0.122638	0.0151574	0.0421741	64	20302.1	0.0015119
6B	Mobile Home	2000-09	0.0872082	0.0107785	0.232944	0.0980556	0.560415	0	0	0	0	0.0105985	46	9512.43	0.000114037
6B	Multi-Family with 2 - 4 Units	2000-09	0.230522	0.0284915	0.184408	0.0815085	0.47507	0	0	0	0	0	16	5376.93	8.51915e-05
6B	Multi-Family with 5+ Units	2000-09	0.230522	0.0284915	0.184408	0.0815085	0.47507	0	0	0	0	0	16	5376.93	0.000154492
6B	Single-Family Attached	2000-09	0.0872082	0.0107785	0.232944	0.0980556	0.560415	0	0	0	0	0.0105985	46	9512.43	0.000107889
6B	Single-Family Detached	2000-09	0.0872082	0.0107785	0.232944	0.0980556	0.560415	0	0	0	0	0.0105985	46	9541	0.0010718
6B	Mobile Home	2010s	0	0	0	0	0.981439	0	0	0	0	0.0185608	46	9512.43	3.9667e-05
6B	Multi-Family with 2 - 4 Units	2010s	0	0	0	0	1	0	0	0	0	0	16	5376.93	4.01394e-05
6B	Multi-Family with 5+ Units	2010s	0	0	0	0	1	0	0	0	0	0	16	5376.93	9.69844e-05
6B	Single-Family Attached	2010s	0	0	0	0	0.981439	0	0	0	0	0.0185608	46	9512.43	4.62149e-05
6B	Single-Family Detached	2010s	0	0	0	0	0.981439	0	0	0	0	0.0185608	46	9541	0.000343582
6B	Mobile Home	<1940	0.0546496	0.00675445	0.198447	0.0490544	0.198447	0.093059	0.0115017	0.336794	0.0416263	0.00966575	111	21410.1	7.24244e-06
6B	Multi-Family with 2 - 4 Units	<1940	0.217259	0.0268522	0.0865751	0.0214006	0.0865751	0.0123771	0.00152975	0.487214	0.0602175	0	34	14309.8	7.71777e-05
6B	Multi-Family with 5+ Units	<1940	0.217259	0.0268522	0.0865751	0.0214006	0.0865751	0.0123771	0.00152975	0.487214	0.0602175	0	34	14309.8	6.90252e-05
6B	Single-Family Attached	<1940	0.0546496	0.00675445	0.198447	0.0490544	0.198447	0.093059	0.0115017	0.336794	0.0416263	0.00966575	111	21410.1	2.00062e-05
6B	Single-Family Detached	<1940	0.0546496	0.00675445	0.198447	0.0490544	0.198447	0.093059	0.0115017	0.336794	0.0416263	0.00966575	111	21474.4	0.000910847
7A	Mobile Home	1940-59	0.0546496	0.00675445	0.198447	0.0490544	0.198447	0.093059	0.0115017	0.336794	0.0416263	0.00966575	111	162360	1.02239e-05
7A	Multi-Family with 2 - 4 Units	1940-59	0.217259	0.0268522	0.0865751	0.0214006	0.0865751	0.0123771	0.00152975	0.487214	0.0602175	0	34	108516	4.7857e-05
7A	Multi-Family with 5+ Units	1940-59	0.217259	0.0268522	0.0865751	0.0214006	0.0865751	0.0123771	0.00152975	0.487214	0.0602175	0	34	108516	6.21094e-05
7A	Single-Family Attached	1940-59	0.0546496	0.00675445	0.198447	0.0490544	0.198447	0.093059	0.0115017	0.336794	0.0416263	0.00966575	111	162360	1.2374e-05
7A	Single-Family Detached	1940-59	0.0546496	0.00675445	0.198447	0.0490544	0.198447	0.093059	0.0115017	0.336794	0.0416263	0.00966575	111	162848	0.00104592
7A	Mobile Home	1960-79	0.069868	0.00863537	0.24853	0.0614344	0.24853	0.101925	0.0125974	0.206084	0.0254711	0.0169249	78	207529	0.000190133
7A	Multi-Family with 2 - 4 Units	1960-79	0.226476	0.0279914	0.110828	0.0273956	0.110828	0.228224	0.0282075	0.182798	0.022593	0.0346585	38	160122	0.000102635
7A	Multi-Family with 5+ Units	1960-79	0.226476	0.0279914	0.110828	0.0273956	0.110828	0.228224	0.0282075	0.182798	0.022593	0.0346585	38	160122	0.000257392
7A	Single-Family Attached	1960-79	0.069868	0.00863537	0.24853	0.0614344	0.24853	0.101925	0.0125974	0.206084	0.0254711	0.0169249	78	207529	3.8218e-05
7A	Single-Family Detached	1960-79	0.069868	0.00863537	0.24853	0.0614344	0.24853	0.101925	0.0125974	0.206084	0.0254711	0.0169249	78	208152	0.00139502
7A	Mobile Home	1980-99	0.0520439	0.00643239	0.368347	0.0796792	0.27633	0.0331066	0.00409182	0.122638	0.0151574	0.0421741	64	153497	0.000257185
7A	Multi-Family with 2 - 4 Units	1980-99	0.204394	0.0252622	0.175972	0.0392924	0.14194	0.118426	0.014637	0.211696	0.0261646	0.0422159	31	118843	6.33999e-05
7A	Multi-Family with 5+ Units	1980-99	0.204394	0.0252622	0.175972	0.0392924	0.14194	0.118426	0.014637	0.211696	0.0261646	0.0422159	31	118843	0.000277953
7A	Single-Family Attached	1980-99	0.0520439	0.00643239	0.368347	0.0796792	0.27633	0.0331066	0.00409182	0.122638	0.0151574	0.0421741	64	153497	6.71002e-05
7A	Single-Family Detached	1980-99	0.0520439	0.00643239	0.368347	0.0796792	0.27633	0.0331066	0.00409182	0.122638	0.0151574	0.0421741	64	153958	0.00122639
7A	Mobile Home	2000-09	0.0872082	0.0107785	0.232944	0.0980556	0.560415	0	0	0	0	0.0105985	46	72135.9	8.02618e-05
7A	Multi-Family with 2 - 4 Units	2000-09	0.230522	0.0284915	0.184408	0.0815085	0.47507	0	0	0	0	0	16	40775	2.94913e-05
7A	Multi-Family with 5+ Units	2000-09	0.230522	0.0284915	0.184408	0.0815085	0.47507	0	0	0	0	0	16	40775	0.000130545
7A	Single-Family Attached	2000-09	0.0872082	0.0107785	0.232944	0.0980556	0.560415	0	0	0	0	0.0105985	46	72135.9	6.16487e-05
7A	Single-Family Detached	2000-09	0.0872082	0.0107785	0.232944	0.0980556	0.560415	0	0	0	0	0.0105985	46	72352.6	0.00077545
7A	Mobile Home	2010s	0	0	0	0	0.981439	0	0	0	0	0.0185608	46	72135.9	3.14004e-05
7A	Multi-Family with 2 - 4 Units	2010s	0	0	0	0	1	0	0	0	0	0	16	40775	1.63392e-05
7A	Multi-Family with 5+ Units	2010s	0	0	0	0	1	0	0	0	0	0	16	40775	0.000172358
7A	Single-Family Attached	2010s	0	0	0	0	0.981439	0	0	0	0	0.0185608	46	72135.9	1.8522e-05
7A	Single-Family Detached	2010s	0	0	0	0	0.981439	0	0	0	0	0.0185608	46	72352.6	0.000240333
7A	Mobile Home	<1940	0.0546496	0.00675445	0.198447	0.0490544	0.198447	0.093059	0.0115017	0.336794	0.0416263	0.00966575	111	162360	4.08083e-06
7A	Multi-Family with 2 - 4 Units	<1940	0.217259	0.0268522	0.0865751	0.0214006	0.0865751	0.0123771	0.00152975	0.487214	0.0602175	0	34	108516	9.20891e-05
7A	Multi-Family with 5+ Units	<1940	0.217259	0.0268522	0.0865751	0.0214006	0.0865751	0.0123771	0.00152975	0.487214	0.0602175	0	34	108516	7.70691e-05
7A	Single-Family Attached	<1940	0.0546496	0.00675445	0.198447	0.0490544	0.198447	0.093059	0.0115017	0.336794	0.0416263	0.00966575	111	162360	1.15535e-05
7A	Single-Family Detached	<1940	0.0546496	0.00675445	0.198447	0.0490544	0.198447	0.093059	0.0115017	0.336794	0.0416263	0.00966575	111	162848	0.00115104
7B	Mobile Home	1940-59	0.0546496	0.00675445	0.198447	0.0490544	0.198447	0.093059	0.0115017	0.336794	0.0416263	0.00966575	111	16057.6	2.25596e-06
7B	Multi-Family with 2 - 4 Units	1940-59	0.217259	0.0268522	0.0865751	0.0214006	0.0865751	0.0123771	0.00152975	0.487214	0.0602175	0	34	10732.3	3.0008e-06
7B	Multi-Family with 5+ Units	1940-59	0.217259	0.0268522	0.0865751	0.0214006	0.0865751	0.0123771	0.00152975	0.487214	0.0602175	0	34	10732.3	2.97495e-06
7B	Single-Family Attached	1940-59	0.0546496	0.00675445	0.198447	0.0490544	0.198447	0.093059	0.0115017	0.336794	0.0416263	0.00966575	111	16057.6	1.6519e-06
7B	Single-Family Detached	1940-59	0.0546496	0.00675445	0.198447	0.0490544	0.198447	0.093059	0.0115017	0.336794	0.0416263	0.00966575	111	16105.8	6.37352e-05
7B	Mobile Home	1960-79	0.069868	0.00863537	0.24853	0.0614344	0.24853	0.101925	0.0125974	0.206084	0.0254711	0.0169249	78	20524.8	3.35569e-05
7B	Multi-Family with 2 - 4 Units	1960-79	0.226476	0.0279914	0.110828	0.0273956	0.110828	0.228224	0.0282075	0.182798	0.022593	0.0346585	38	15836.2	1.59584e-05
7B	Multi-Family with 5+ Units	1960-79	0.226476	0.0279914	0.110828	0.0273956	0.110828	0.228224	0.0282075	0.182798	0.022593	0.0346585	38	15836.2	7.85943e-05
7B	Single-Family Attached	1960-79	0.069868	0.00863537	0.24853	0.0614344	0.24853	0.101925	0.0125974	0.206084	0.0254711	0.0169249	78	20524.8	1.37141e-05
7B	Single-Family Detached	1960-79	0.069868	0.00863537	0.24853	0.0614344	0.24853	0.101925	0.0125974	0.206084	0.0254711	0.0169249	78	20586.5	0.000152118
7B	Mobile Home	1980-99	0.0520439	0.00643239	0.368347	0.0796792	0.27633	0.0331066	0.00409182	0.122638	0.0151574	0.0421741	64	15181	3.6307e-05
7B	Multi-Family with 2 - 4 Units	1980-99	0.204394	0.0252622	0.175972	0.0392924	0.14194	0.118426	0.014637	0.211696	0.0261646	0.0422159	31	11753.7	2.8723e-05
7B	Multi-Family with 5+ Units	1980-99	0.204394	0.0252622	0.175972	0.0392924	0.14194	0.118426	0.014637	0.211696	0.0261646	0.0422159	31	11753.7	9.95119e-05
7B	Single-Family Attached	1980-99	0.0520439	0.00643239	0.368347	0.0796792	0.27633	0.0331066	0.00409182	0.122638	0.0151574	0.0421741	64	15181	3.7839e-05
7B	Single-Family Detached	1980-99	0.0520439	0.00643239	0.368347	0.0796792	0.27633	0.0331066	0.00409182	0.122638	0.0151574	0.0421741	64	15226.6	0.000223009
7B	Mobile Home	2000-09	0.0872082	0.0107785	0.232944	0.0980556	0.560415	0	0	0	0	0.0105985	46	7134.32	1.2525e-05
7B	Multi-Family with 2 - 4 Units	2000-09	0.230522	0.0284915	0.184408	0.0815085	0.47507	0	0	0	0	0	16	4032.69	9.80968e-06
7B	Multi-Family with 5+ Units	2000-09	0.230522	0.0284915	0.184408	0.0815085	0.47507	0	0	0	0	0	16	4032.69	3.6368e-05
7B	Single-Family Attached	2000-09	0.0872082	0.0107785	0.232944	0.0980556	0.560415	0	0	0	0	0.0105985	46	7134.32	2.17464e-05
7B	Single-Family Detached	2000-09	0.0872082	0.0107785	0.232944	0.0980556	0.560415	0	0	0	0	0.0105985	46	7155.75	0.000131026
7B	Mobile Home	2010s	0	0	0	0	0.981439	0	0	0	0	0.0185608	46	7134.32	3.56886e-06
7B	Multi-Family with 2 - 4 Units	2010s	0	0	0	0	1	0	0	0	0	0	16	4032.69	2.45329e-06
7B	Multi-Family with 5+ Units	2010s	0	0	0	0	1	0	0	0	0	0	16	4032.69	5.96455e-06
7B	Single-Family Attached	2010s	0	0	0	0	0.981439	0	0	0	0	0.0185608	46	7134.32	3.23864e-06
7B	Single-Family Detached	2010s	0	0	0	0	0.981439	0	0	0	0	0.0185608	46	7155.75	2.46084e-05
7B	Mobile Home	<1940	0.0546496	0.00675445	0.198447	0.0490544	0.198447	0.093059	0.0115017	0.336794	0.0416263	0.00966575	111	16057.6	1.43253e-06
7B	Multi-Family with 2 - 4 Units	<1940	0.217259	0.0268522	0.0865751	0.0214006	0.0865751	0.0123771	0.00152975	0.487214	0.0602175	0	34	10732.3	5.01392e-06
7B	Multi-Family with 5+ Units	<1940	0.217259	0.0268522	0.0865751	0.0214006	0.0865751	0.0123771	0.00152975	0.487214	0.0602175	0	34	10732.3	4.64042e-06
7B	Single-Family Attached	<1940	0.0546496	0.00675445	0.198447	0.0490544	0.198447	0.093059	0.0115017	0.336794	0.0416263	0.00966575	111	16057.6	2.34984e-06
7B	Single-Family Detached	<1940	0.0546496	0.00675445	0.198447	0.0490544	0.198447	0.093059	0.0115017	0.336794	0.0416263	0.00966575	111	16105.8	8.10853e-05
# Created by: sources\recs\recs2015\tsv_maker.py
# Source: Constructed using U.S. EIA 2015 Residential Energy Consumption Survey (RECS) microdata.
# Source: Source of storm windows :https://www.energy.gov/sites/prod/files/2013/11/f5/residential_windows_coverings.pdf
# Assumption: Wood and Vinyl are considered same material
# Assumption: Triple Pane assumed to be 100% low-e
# Assumption: Only breaking out clear and low-e windows for the Double, Non-Metal frame type
# Assumption: Source of low-e distribution is based on engineering judgement, informed by high-levelsales trends observed in Ducker Worldwide studies of the U.S. Market for Windows, Doors and Skylights.
# Assumption: Due to low sample sizes for some Building Types, Building Type data are grouped into:
# Assumption: 1) Single-Family Detached, Single-Family Attached, and Mobile homes and 2) Multi-Family 2-4 units and Multi-Family 5+ units
# Assumption: Due to low sample sizes for Vintage, Vintage data are grouped into
# Assumption: 1) <1960, 2) 1960-79, 3) 1980-99, 4) 2000-15
# Assumption: Due to low sample size for Climate, Climate zones are grouped into
# Assumption: 1) 1A, 2A, and 2B, 2) 3A, 3B, 3C, and 4B, 3) 4A and 4C, 4) 5A and 5B, 5) 6A and 6B, and 6) 7A and 7B
# Assumption: Storm window saturations are based on D&R International, Ltd. 'Residential Windows and Window Coverings: A Detailed View of the Installed Base and User Behavior' 2013. https://www.energy.gov/sites/prod/files/2013/11/f5/residential_windows_coverings.pdf. Cut the % storm windows by factor of 55% because only 55% of storms are installed year round,
# Assumption: Due to lack of performance data storm windows with triple-pane are modeled without the storm windows
# Assumption: Due to lack of performance data Double-pane, Low-E, Non-Metal, Air, M-gain, Exterior Clear Storm windows are modeled as Double-pane, Clear, Non-Metal, Air, Exterior Clear Storm windows