<measure>
  <schema_version>3.0</schema_version>
  <name>process_room_air_conditioner</name>
  <uid>eae61440-6574-4568-88d7-c735f9c3ea9f</uid>
  <version_id>39980f69-1563-4a97-87ea-cf3baccec556</version_id>
  <version_modified>20181113T060900Z</version_modified>
  <xml_checksum>D48F381B</xml_checksum>
  <class_name>ProcessRoomAirConditioner</class_name>
  <display_name>Set Residential Room Air Conditioner</display_name>
  <description>This measure removes any existing HVAC cooling components from the building and adds a room air conditioner. For multifamily buildings, the room air conditioner can be set for all units of the building. See https://github.com/NREL/OpenStudio-BEopt#workflows for supported workflows using this measure.</description>
  <modeler_description>Any cooling components are removed from any existing air loops or zones. Any existing air loops are also removed. An HVAC packaged terminal air conditioner is added to the living zone.</modeler_description>
  <arguments>
    <argument>
      <name>eer</name>
      <display_name>EER</display_name>
      <description>This is a measure of the instantaneous energy efficiency of the cooling equipment.</description>
      <type>Double</type>
      <units>Btu/W-h</units>
      <required>true</required>
      <model_dependent>false</model_dependent>
      <default_value>8.5</default_value>
    </argument>
    <argument>
      <name>shr</name>
      <display_name>Rated SHR</display_name>
      <description>The sensible heat ratio (ratio of the sensible portion of the load to the total load) at the nominal rated capacity.</description>
      <type>Double</type>
      <required>true</required>
      <model_dependent>false</model_dependent>
      <default_value>0.65</default_value>
    </argument>
    <argument>
      <name>airflow_rate</name>
      <display_name>Airflow</display_name>
      <type>Double</type>
      <units>cfm/ton</units>
      <required>true</required>
      <model_dependent>false</model_dependent>
      <default_value>350</default_value>
    </argument>
    <argument>
      <name>capacity</name>
      <display_name>Cooling Capacity</display_name>
      <description>The output cooling capacity of the air conditioner. If using 'autosize', the autosizing algorithm will use ACCA Manual S to set the capacity.</description>
      <type>String</type>
      <units>tons</units>
      <required>true</required>
      <model_dependent>false</model_dependent>
      <default_value>autosize</default_value>
    </argument>
  </arguments>
  <outputs/>
  <provenances/>
  <tags>
    <tag>HVAC.Cooling</tag>
  </tags>
  <attributes>
    <attribute>
      <name>Measure Type</name>
      <value>ModelMeasure</value>
      <datatype>string</datatype>
    </attribute>
    <attribute>
      <name>Intended Software Tool</name>
      <value>Apply Measure Now</value>
      <datatype>string</datatype>
    </attribute>
    <attribute>
      <name>Intended Software Tool</name>
      <value>OpenStudio Application</value>
      <datatype>string</datatype>
    </attribute>
    <attribute>
      <name>Intended Software Tool</name>
      <value>Parametric Analysis Tool</value>
      <datatype>string</datatype>
    </attribute>
  </attributes>
  <files>
    <file>
      <filename>process_room_air_conditioner_test.rb</filename>
      <filetype>rb</filetype>
      <usage_type>test</usage_type>
      <checksum>18073AB4</checksum>
    </file>
    <file>
      <version>
        <software_program>OpenStudio</software_program>
        <identifier>1.9.0</identifier>
        <min_compatible>2.0.4</min_compatible>
      </version>
      <filename>measure.rb</filename>
      <filetype>rb</filetype>
      <usage_type>script</usage_type>
      <checksum>414E5F55</checksum>
    </file>
  </files>
</measure>
