{
  "build_existing_model": {
    "building_id": 471,
    "workflow_json": "/mnt/openstudio/analysis_fe821d2c-df1e-4105-9ee6-6c7fef1463ae/lib/resources/measure-info.json",
    "number_of_buildings_represented": 16000000,
    "location_region": "CR09",
    "location_epw": "0721297_United_States_TX_Harris_48201_722430_30.01_-95.38_NSRDB_2.0.1_2012_AMY.epw",
    "location_census_division": "West South Central",
    "vintage": "2000s",
    "heating_fuel": "Natural Gas",
    "usage_level": "Low",
    "geometry_foundation_type": "Slab",
    "geometry_stories": "2+",
    "geometry_garage": "3 Car",
    "geometry_house_size": "2500-3499",
    "occupants": "Auto",
    "orientation": "South",
    "eaves": "2 ft",
    "door_area": "20 ft^2",
    "window_areas": "F15 B15 L15 R15",
    "overhangs": "None",
    "neighbors": "Left/Right at 15ft",
    "insulation_unfinished_attic": "Ceiling R-30, Vented",
    "roof_sheathing": "3/4 in. OSB",
    "roof_material": "Asphalt Shingles, Medium",
    "thermal_mass_ceiling": "1/2 in. Drywall",
    "insulation_slab": "2ft R10 Perimeter, R10 Gap",
    "insulation_crawlspace": "None",
    "insulation_unfinished_basement": "None",
    "insulation_finished_basement": "None",
    "insulation_pier_beam": "None",
    "insulation_interzonal_floor": "R-13",
    "floor_sheathing": "3/4 in. OSB",
    "floor_covering": "80% Carpet",
    "thermal_mass_floor": "Wood Surface",
    "insulation_wall": "Wood Stud, R-19",
    "wall_sheathing": "1/2 in. OSB",
    "exterior_finish": "Vinyl, Light",
    "thermal_mass_exterior_wall": "1/2 in. Drywall",
    "thermal_mass_partition_wall": "1/2 in. Drywall",
    "uninsulated_surfaces": "Uninsulated",
    "windows": "Low-E, Double, Non-metal, Air, L-Gain",
    "doors": "Fiberglass",
    "thermal_mass_furniture": "Standard",
    "water_heater": "Gas Standard",
    "hot_water_fixtures": "50%",
    "hot_water_distribution": "Uninsulated, HomeRun, PEX",
    "solar_hot_water": "None",
    "hvac_system_is_combined": "No",
    "hvac_system_combined": "None",
    "hvac_system_heating_electricity": "None",
    "hvac_system_heating_natural_gas": "Gas Furnace, 92.5% AFUE",
    "hvac_system_heating_propane": "None",
    "hvac_system_heating_fuel_oil": "None",
    "hvac_system_heating_other_fuel": "None",
    "hvac_system_heating_none": "None",
    "hvac_system_cooling": "FIXME Room AC, EER 10.7, 20% Conditioned",
    "hvac_system_cooling_type": "Room",
    "heating_setpoint": "FIXME Location Average",
    "cooling_setpoint": "FIXME Location Average",
    "ceiling_fan": "National Average",
    "dehumidifier": "None",
    "refrigerator": "EF 15.9",
    "cooking_range": "Electric, 80% Usage",
    "dishwasher": "290 Rated kWh, 80% Usage",
    "clothes_washer": "EnergyStar, 80% Usage",
    "clothes_dryer": "Electric, 80% Usage",
    "lighting": "100% Incandescent",
    "plug_loads": "50%",
    "misc_extra_refrigerator": "EF 6.9, National Average",
    "misc_freezer": "EF 12, National Average",
    "misc_gas_fireplace": "National Average",
    "misc_gas_grill": "National Average",
    "misc_gas_lighting": "National Average",
    "misc_hot_tub_spa": "National Average",
    "misc_pool": "National Average",
    "misc_well_pump": "National Average",
    "ducts": "20% Leakage, R-8",
    "infiltration": "7 ACH50",
    "natural_ventilation": "Year-Round, 3 days/wk",
    "mechanical_ventilation": "None",
    "pv": "None",
    "weight": "800.0",
    "applicable": true
  },
  "building_characteristics_report": {
    "workflow_json": "/mnt/openstudio/analysis_fe821d2c-df1e-4105-9ee6-6c7fef1463ae/lib/resources/measure-info.json",
    "location_region": "CR09",
    "location_epw": "0721297_United_States_TX_Harris_48201_722430_30.01_-95.38_NSRDB_2.0.1_2012_AMY.epw",
    "location_census_division": "West South Central",
    "vintage": "2000s",
    "heating_fuel": "Natural Gas",
    "usage_level": "Low",
    "geometry_foundation_type": "Slab",
    "geometry_stories": "2+",
    "geometry_garage": "3 Car",
    "geometry_house_size": "2500-3499",
    "occupants": "Auto",
    "orientation": "South",
    "eaves": "2 ft",
    "door_area": "20 ft^2",
    "window_areas": "F15 B15 L15 R15",
    "overhangs": "None",
    "neighbors": "Left/Right at 15ft",
    "insulation_unfinished_attic": "Ceiling R-30, Vented",
    "roof_sheathing": "3/4 in. OSB",
    "roof_material": "Asphalt Shingles, Medium",
    "thermal_mass_ceiling": "1/2 in. Drywall",
    "insulation_slab": "2ft R10 Perimeter, R10 Gap",
    "insulation_crawlspace": "None",
    "insulation_unfinished_basement": "None",
    "insulation_finished_basement": "None",
    "insulation_pier_beam": "None",
    "insulation_interzonal_floor": "R-13",
    "floor_sheathing": "3/4 in. OSB",
    "floor_covering": "80% Carpet",
    "thermal_mass_floor": "Wood Surface",
    "insulation_wall": "Wood Stud, R-19",
    "wall_sheathing": "1/2 in. OSB",
    "exterior_finish": "Vinyl, Light",
    "thermal_mass_exterior_wall": "1/2 in. Drywall",
    "thermal_mass_partition_wall": "1/2 in. Drywall",
    "uninsulated_surfaces": "Uninsulated",
    "windows": "Low-E, Double, Non-metal, Air, L-Gain",
    "doors": "Fiberglass",
    "thermal_mass_furniture": "Standard",
    "water_heater": "Gas Standard",
    "hot_water_fixtures": "50%",
    "hot_water_distribution": "Uninsulated, HomeRun, PEX",
    "solar_hot_water": "None",
    "hvac_system_is_combined": "No",
    "hvac_system_combined": "None",
    "hvac_system_heating_electricity": "None",
    "hvac_system_heating_natural_gas": "Gas Furnace, 92.5% AFUE",
    "hvac_system_heating_propane": "None",
    "hvac_system_heating_fuel_oil": "None",
    "hvac_system_heating_other_fuel": "None",
    "hvac_system_heating_none": "None",
    "hvac_system_cooling": "FIXME Room AC, EER 10.7, 20% Conditioned",
    "hvac_system_cooling_type": "Room",
    "heating_setpoint": "FIXME Location Average",
    "cooling_setpoint": "FIXME Location Average",
    "ceiling_fan": "National Average",
    "dehumidifier": "None",
    "refrigerator": "EF 15.9",
    "cooking_range": "Electric, 80% Usage",
    "dishwasher": "290 Rated kWh, 80% Usage",
    "clothes_washer": "EnergyStar, 80% Usage",
    "clothes_dryer": "Electric, 80% Usage",
    "lighting": "100% Incandescent",
    "plug_loads": "50%",
    "misc_extra_refrigerator": "EF 6.9, National Average",
    "misc_freezer": "EF 12, National Average",
    "misc_gas_fireplace": "National Average",
    "misc_gas_grill": "National Average",
    "misc_gas_lighting": "National Average",
    "misc_hot_tub_spa": "National Average",
    "misc_pool": "National Average",
    "misc_well_pump": "National Average",
    "ducts": "20% Leakage, R-8",
    "infiltration": "7 ACH50",
    "natural_ventilation": "Year-Round, 3 days/wk",
    "mechanical_ventilation": "None",
    "pv": "None",
    "weight": "800.0",
    "location_city": "Harris",
    "location_state": "Texas",
    "location_latitude": 30.01,
    "location_longitude": -95.38,
    "applicable": true
  },
  "simulation_output_report": {
    "total_site_energy_mbtu": 63.83548305310191,
    "net_site_energy_mbtu": 63.83548305310191,
    "total_site_electricity_kwh": 12977.777777777777,
    "net_site_electricity_kwh": 12977.777777777777,
    "electricity_heating_kwh": 0.0,
    "electricity_cooling_kwh": 4500.0,
    "electricity_interior_lighting_kwh": 2458.3333333333335,
    "electricity_exterior_lighting_kwh": 525.0,
    "electricity_interior_equipment_kwh": 4197.222222222222,
    "electricity_fans_kwh": 1294.4444444444446,
    "electricity_pumps_kwh": 0.0,
    "electricity_water_systems_kwh": 0.0,
    "electricity_pv_kwh": 0.0,
    "total_site_natural_gas_therm": 195.62945363266869,
    "natural_gas_heating_therm": 99.33123420883564,
    "natural_gas_interior_equipment_therm": 8.625135794851186,
    "natural_gas_water_systems_therm": 87.67308362898184,
    "total_site_other_fuel_mbtu": 0.0,
    "other_fuel_heating_mbtu": 0.0,
    "other_fuel_interior_equipment_mbtu": 0.0,
    "other_fuel_water_systems_mbtu": 0.0,
    "hours_heating_setpoint_not_met": 0.0,
    "hours_cooling_setpoint_not_met": 7.33,
    "hvac_cooling_capacity_w": 7025.65817414083,
    "hvac_heating_capacity_w": 8023.42158286698,
    "weight": 800.0,
    "upgrade_name": "",
    "upgrade_cost_usd": "",
    "applicable": true
  },
  "timeseries_csv_export": {
    "reporting_frequency": "Hourly",
    "inc_output_variables": false,
    "applicable": true
  },
  "server_directory_cleanup": {
    "applicable": true
  }
}