<measure>
  <schema_version>3.0</schema_version>
  <name>process_ceiling_fan</name>
  <uid>f65edfd9-ff4f-4f08-a245-ea48b3b3c88e</uid>
  <version_id>5bf098fe-3759-4e52-8a2f-bc8aa7622ca4</version_id>
  <version_modified>20181113T060900Z</version_modified>
  <xml_checksum>D48F381B</xml_checksum>
  <class_name>ProcessCeilingFan</class_name>
  <display_name>Set Residential Ceiling Fan</display_name>
  <description>Adds (or replaces) residential ceiling fan(s) and schedule in all finished spaces. For multifamily buildings, the ceiling fan(s) can be set for all units of the building. See https://github.com/NREL/OpenStudio-BEopt#workflows for supported workflows using this measure.</description>
  <modeler_description>Since there is no Ceiling Fan object in OpenStudio/EnergyPlus, we look for an ElectricEquipment object with the name that denotes it is residential ceiling fan. If one is found, it is replaced with the specified properties. Otherwise, a new such object is added to the model. Note: This measure requires the number of bedrooms/bathrooms to have already been assigned.</modeler_description>
  <arguments>
    <argument>
      <name>coverage</name>
      <display_name>Coverage</display_name>
      <description>Fraction of house conditioned by fans where # fans = (above-grade finished floor area)/(% coverage)/300.</description>
      <type>String</type>
      <units>frac</units>
      <required>true</required>
      <model_dependent>false</model_dependent>
      <default_value>NA</default_value>
    </argument>
    <argument>
      <name>specified_num</name>
      <display_name>Specified Number</display_name>
      <description>Total number of fans.</description>
      <type>String</type>
      <units>#/unit</units>
      <required>true</required>
      <model_dependent>false</model_dependent>
      <default_value>1</default_value>
    </argument>
    <argument>
      <name>power</name>
      <display_name>Power</display_name>
      <description>Power consumption per fan assuming it runs at medium speed.</description>
      <type>Double</type>
      <units>W</units>
      <required>true</required>
      <model_dependent>false</model_dependent>
      <default_value>45</default_value>
    </argument>
    <argument>
      <name>control</name>
      <display_name>Control</display_name>
      <description>'typical' indicates half of the fans will be on whenever the interior temperature is above the cooling setpoint; 'smart' indicates 50% of the energy consumption of 'typical.'</description>
      <type>Choice</type>
      <required>true</required>
      <model_dependent>false</model_dependent>
      <default_value>typical</default_value>
      <choices>
        <choice>
          <value>typical</value>
          <display_name>typical</display_name>
        </choice>
        <choice>
          <value>smart</value>
          <display_name>smart</display_name>
        </choice>
      </choices>
    </argument>
    <argument>
      <name>use_benchmark_energy</name>
      <display_name>Use Benchmark Energy</display_name>
      <description>Use the energy value specified in the BA Benchmark: 77.3 + 0.0403 x FFA kWh/yr, where FFA is Finished Floor Area.</description>
      <type>Boolean</type>
      <required>true</required>
      <model_dependent>false</model_dependent>
      <default_value>true</default_value>
      <choices>
        <choice>
          <value>true</value>
          <display_name>true</display_name>
        </choice>
        <choice>
          <value>false</value>
          <display_name>false</display_name>
        </choice>
      </choices>
    </argument>
    <argument>
      <name>mult</name>
      <display_name>Building America Benchmark Multiplier</display_name>
      <description>A multiplier on the national average energy use. Only applies if 'Use Benchmark Energy' is set to True.</description>
      <type>Double</type>
      <required>true</required>
      <model_dependent>false</model_dependent>
      <default_value>1</default_value>
    </argument>
    <argument>
      <name>cooling_setpoint_offset</name>
      <display_name>Cooling Setpoint Offset</display_name>
      <description>Increase in cooling set point due to fan usage.</description>
      <type>Double</type>
      <units>degrees F</units>
      <required>true</required>
      <model_dependent>false</model_dependent>
      <default_value>0</default_value>
    </argument>
    <argument>
      <name>weekday_sch</name>
      <display_name>Weekday schedule</display_name>
      <description>Specify the 24-hour weekday schedule.</description>
      <type>String</type>
      <required>true</required>
      <model_dependent>false</model_dependent>
      <default_value>0.04, 0.037, 0.037, 0.036, 0.033, 0.036, 0.043, 0.047, 0.034, 0.023, 0.024, 0.025, 0.024, 0.028, 0.031, 0.032, 0.039, 0.053, 0.063, 0.067, 0.071, 0.069, 0.059, 0.05</default_value>
    </argument>
    <argument>
      <name>weekend_sch</name>
      <display_name>Weekend schedule</display_name>
      <description>Specify the 24-hour weekend schedule.</description>
      <type>String</type>
      <required>true</required>
      <model_dependent>false</model_dependent>
      <default_value>0.04, 0.037, 0.037, 0.036, 0.033, 0.036, 0.043, 0.047, 0.034, 0.023, 0.024, 0.025, 0.024, 0.028, 0.031, 0.032, 0.039, 0.053, 0.063, 0.067, 0.071, 0.069, 0.059, 0.05</default_value>
    </argument>
    <argument>
      <name>monthly_sch</name>
      <display_name>Month schedule</display_name>
      <description>Specify the 12-month schedule.</description>
      <type>String</type>
      <required>true</required>
      <model_dependent>false</model_dependent>
      <default_value>1.248, 1.257, 0.993, 0.989, 0.993, 0.827, 0.821, 0.821, 0.827, 0.99, 0.987, 1.248</default_value>
    </argument>
  </arguments>
  <outputs/>
  <provenances/>
  <tags>
    <tag>HVAC.Cooling</tag>
  </tags>
  <attributes>
    <attribute>
      <name>Measure Type</name>
      <value>ModelMeasure</value>
      <datatype>string</datatype>
    </attribute>
    <attribute>
      <name>Intended Software Tool</name>
      <value>Apply Measure Now</value>
      <datatype>string</datatype>
    </attribute>
    <attribute>
      <name>Intended Software Tool</name>
      <value>OpenStudio Application</value>
      <datatype>string</datatype>
    </attribute>
    <attribute>
      <name>Intended Software Tool</name>
      <value>Parametric Analysis Tool</value>
      <datatype>string</datatype>
    </attribute>
  </attributes>
  <files>
    <file>
      <filename>process_ceiling_fan_test.rb</filename>
      <filetype>rb</filetype>
      <usage_type>test</usage_type>
      <checksum>6CEA4DF2</checksum>
    </file>
    <file>
      <version>
        <software_program>OpenStudio</software_program>
        <identifier>1.13.2</identifier>
        <min_compatible>2.0.4</min_compatible>
      </version>
      <filename>measure.rb</filename>
      <filetype>rb</filetype>
      <usage_type>script</usage_type>
      <checksum>44C8A3F0</checksum>
    </file>
  </files>
</measure>
