<measure>
  <schema_version>3.0</schema_version>
  <name>process_constructions_walls_sip</name>
  <uid>d3c6d46a-2ebe-41a9-b218-d4c2a7d0f530</uid>
  <version_id>3a3da16a-8610-4171-94cd-d2ee741346d3</version_id>
  <version_modified>20190103T214659Z</version_modified>
  <xml_checksum>2609226D</xml_checksum>
  <class_name>ProcessConstructionsWallsSIP</class_name>
  <display_name>Set Residential Walls - SIP Construction</display_name>
  <description>This measure assigns a SIP construction to above-grade walls. See https://github.com/NREL/OpenStudio-BEopt#workflows for supported workflows using this measure.</description>
  <modeler_description>Calculates and assigns material layer properties of SIP constructions for 1) exterior walls of finished spaces, 2) exterior walls (e.g. gable walls) of unfinished attics under roof insulation, and 3) interior walls (e.g., attic knee walls) between finished and unfinished spaces. Adds furniture &amp; partition wall mass. Uninsulated constructions will also be assigned to 1) exterior walls of unfinished spaces, 2) interior walls between finished spaces, and 3) interior walls between unfinished spaces. Any existing constructions for these surfaces will be removed.</modeler_description>
  <arguments>
    <argument>
      <name>sip_r</name>
      <display_name>Nominal Insulation R-value</display_name>
      <description>R-value is a measure of insulation's ability to resist heat traveling through it.</description>
      <type>Double</type>
      <units>hr-ft^2-R/Btu</units>
      <required>true</required>
      <model_dependent>false</model_dependent>
      <default_value>17.5</default_value>
    </argument>
    <argument>
      <name>thick_in</name>
      <display_name>Insulation Thickness</display_name>
      <description>Thickness of the insulating core of the SIP.</description>
      <type>Double</type>
      <units>in</units>
      <required>true</required>
      <model_dependent>false</model_dependent>
      <default_value>3.625</default_value>
    </argument>
    <argument>
      <name>framing_factor</name>
      <display_name>Framing Factor</display_name>
      <description>Total fraction of the wall that is framing for windows or doors.</description>
      <type>Double</type>
      <units>frac</units>
      <required>true</required>
      <model_dependent>false</model_dependent>
      <default_value>0.156</default_value>
    </argument>
    <argument>
      <name>sheathing_type</name>
      <display_name>Interior Sheathing Type</display_name>
      <description>The interior sheathing type of the SIP wall.</description>
      <type>Choice</type>
      <required>true</required>
      <model_dependent>false</model_dependent>
      <default_value>osb</default_value>
      <choices>
        <choice>
          <value>osb</value>
          <display_name>osb</display_name>
        </choice>
        <choice>
          <value>gyp</value>
          <display_name>gyp</display_name>
        </choice>
        <choice>
          <value>crete</value>
          <display_name>crete</display_name>
        </choice>
      </choices>
    </argument>
    <argument>
      <name>sheathing_thick_in</name>
      <display_name>Interior Sheathing Thickness</display_name>
      <description>The thickness of the interior sheathing.</description>
      <type>Double</type>
      <units>in</units>
      <required>true</required>
      <model_dependent>false</model_dependent>
      <default_value>0.44</default_value>
    </argument>
    <argument>
      <name>drywall_thick_in</name>
      <display_name>Drywall Thickness</display_name>
      <description>Thickness of the drywall material.</description>
      <type>Double</type>
      <units>in</units>
      <required>true</required>
      <model_dependent>false</model_dependent>
      <default_value>0.5</default_value>
    </argument>
    <argument>
      <name>osb_thick_in</name>
      <display_name>OSB/Plywood Thickness</display_name>
      <description>Specifies the thickness of the walls' OSB/plywood sheathing. Enter 0 for no sheathing (if the wall has other means to handle the shear load on the wall such as cross-bracing).</description>
      <type>Double</type>
      <units>in</units>
      <required>true</required>
      <model_dependent>false</model_dependent>
      <default_value>0.5</default_value>
    </argument>
    <argument>
      <name>rigid_r</name>
      <display_name>Continuous Insulation Nominal R-value</display_name>
      <description>The R-value of the continuous insulation.</description>
      <type>Double</type>
      <units>h-ft^2-R/Btu</units>
      <required>true</required>
      <model_dependent>false</model_dependent>
      <default_value>0</default_value>
    </argument>
    <argument>
      <name>exterior_finish</name>
      <display_name>Exterior Finish</display_name>
      <description>The exterior finish material.</description>
      <type>Choice</type>
      <required>true</required>
      <model_dependent>false</model_dependent>
      <default_value>Vinyl, Light</default_value>
      <choices>
        <choice>
          <value>Stucco, Medium/Dark</value>
          <display_name>Stucco, Medium/Dark</display_name>
        </choice>
        <choice>
          <value>Brick, Light</value>
          <display_name>Brick, Light</display_name>
        </choice>
        <choice>
          <value>Brick, Medium/Dark</value>
          <display_name>Brick, Medium/Dark</display_name>
        </choice>
        <choice>
          <value>Wood, Light</value>
          <display_name>Wood, Light</display_name>
        </choice>
        <choice>
          <value>Wood, Medium/Dark</value>
          <display_name>Wood, Medium/Dark</display_name>
        </choice>
        <choice>
          <value>Aluminum, Light</value>
          <display_name>Aluminum, Light</display_name>
        </choice>
        <choice>
          <value>Aluminum, Medium/Dark</value>
          <display_name>Aluminum, Medium/Dark</display_name>
        </choice>
        <choice>
          <value>Vinyl, Light</value>
          <display_name>Vinyl, Light</display_name>
        </choice>
        <choice>
          <value>Vinyl, Medium/Dark</value>
          <display_name>Vinyl, Medium/Dark</display_name>
        </choice>
        <choice>
          <value>Fiber-Cement, Light</value>
          <display_name>Fiber-Cement, Light</display_name>
        </choice>
        <choice>
          <value>Fiber-Cement, Medium/Dark</value>
          <display_name>Fiber-Cement, Medium/Dark</display_name>
        </choice>
      </choices>
    </argument>
  </arguments>
  <outputs/>
  <provenances/>
  <tags>
    <tag>Envelope.Opaque</tag>
  </tags>
  <attributes>
    <attribute>
      <name>Measure Type</name>
      <value>ModelMeasure</value>
      <datatype>string</datatype>
    </attribute>
    <attribute>
      <name>Intended Software Tool</name>
      <value>Apply Measure Now</value>
      <datatype>string</datatype>
    </attribute>
    <attribute>
      <name>Intended Software Tool</name>
      <value>OpenStudio Application</value>
      <datatype>string</datatype>
    </attribute>
    <attribute>
      <name>Intended Software Tool</name>
      <value>Parametric Analysis Tool</value>
      <datatype>string</datatype>
    </attribute>
  </attributes>
  <files>
    <file>
      <filename>SIP_Test.rb</filename>
      <filetype>rb</filetype>
      <usage_type>test</usage_type>
      <checksum>5F47305A</checksum>
    </file>
    <file>
      <version>
        <software_program>OpenStudio</software_program>
        <identifier>1.9.0</identifier>
        <min_compatible>2.0.4</min_compatible>
      </version>
      <filename>measure.rb</filename>
      <filetype>rb</filetype>
      <usage_type>script</usage_type>
      <checksum>3482C0E3</checksum>
    </file>
  </files>
</measure>
