<measure>
  <schema_version>3.0</schema_version>
  <name>build_existing_model</name>
  <uid>dedf59bb-3b88-4f16-8755-2c1ff5519cbf</uid>
  <version_id>7bbf2c06-cd16-4c2f-910e-ddd583363c7d</version_id>
  <version_modified>20181023T234455Z</version_modified>
  <xml_checksum>2C38F48B</xml_checksum>
  <class_name>BuildExistingModel</class_name>
  <display_name>Build Existing Model</display_name>
  <description>Builds the OpenStudio Model for an existing building.</description>
  <modeler_description>Builds the OpenStudio Model using the sampling csv file, which contains the specified parameters for each existing building. Based on the supplied building number, those parameters are used to run the OpenStudio measures with appropriate arguments and build up the OpenStudio model.</modeler_description>
  <arguments>
    <argument>
      <name>building_id</name>
      <display_name>Building ID</display_name>
      <description>The building number (between 1 and the number of samples).</description>
      <type>Integer</type>
      <required>true</required>
      <model_dependent>false</model_dependent>
    </argument>
    <argument>
      <name>workflow_json</name>
      <display_name>Workflow JSON</display_name>
      <description>The name of the JSON file (in the resources dir) that dictates the order in which measures are to be run. If not provided, the order specified in resources/options_lookup.tsv will be used.</description>
      <type>String</type>
      <required>false</required>
      <model_dependent>false</model_dependent>
    </argument>
    <argument>
      <name>number_of_buildings_represented</name>
      <display_name>Number of Buildings Represented</display_name>
      <description>The total number of buildings represented by the existing building models.</description>
      <type>Integer</type>
      <required>false</required>
      <model_dependent>false</model_dependent>
    </argument>
    <argument>
      <name>sample_weight</name>
      <display_name>Sample Weight of Simulation</display_name>
      <description>Number of buildings this simulation represents.</description>
      <type>Double</type>
      <required>false</required>
      <model_dependent>false</model_dependent>
    </argument>
    <argument>
      <name>downselect_logic</name>
      <display_name>Downselect Logic</display_name>
      <description>Logic that specifies the subset of the building stock to be considered in the analysis. Specify one or more parameter|option as found in resources\options_lookup.tsv. When multiple are included, they must be separated by '||' for OR and '&amp;&amp;' for AND, and using parentheses as appropriate. Prefix an option with '!' for not.</description>
      <type>String</type>
      <required>false</required>
      <model_dependent>false</model_dependent>
    </argument>
  </arguments>
  <outputs/>
  <provenances/>
  <tags>
    <tag>Whole Building.Space Types</tag>
  </tags>
  <attributes>
    <attribute>
      <name>Measure Type</name>
      <value>ModelMeasure</value>
      <datatype>string</datatype>
    </attribute>
  </attributes>
  <files>
    <file>
      <version>
        <software_program>OpenStudio</software_program>
        <identifier>2.6.1</identifier>
        <min_compatible>2.6.1</min_compatible>
      </version>
      <filename>measure.rb</filename>
      <filetype>rb</filetype>
      <usage_type>script</usage_type>
      <checksum>327B910A</checksum>
    </file>
  </files>
</measure>
