{"items":[{"label":"578eb4575457a34861f1f984","uri":"https://openei.org/apps/USURDB/rate/view/578eb4575457a34861f1f984","revisions":[1468948471,1468948631,1468949352,1493113261],"approved":true,"utility":"Kansas City Power & Light Co (Missouri)","eiaid":10000,"name":"Residential Time of Day Service - Schedule RTOD (FROZEN)","startdate":1459468800,"enddate":1490918400,"supersedes":"539fc781ec4f024d2f53dc6a","sector":"Residential","description":"For electnc service to a single-occupancy pnvate residence\r\nSingle-phase electnc service through one meter for ordinary domestic use for the first 500 new or ex1sbng\r\ncustomers who request to be served under this schedule This hm1t may be extended upon pnor consent\r\nof the Company depending upon the ava1lab1hty and 1nstallat1on of metering equipment\r\nThis rate schedule 1s a replacement for Schedule RTDE, cancelled July 9, 1996\r\nTemporary or seasonal service will not be supplied under this schedule\r\nThis schedule 1s not available to new customers after October B. 2015","source":"http://www.kcpl.com/~/media/Files/My%20Bill/MO%20Detailed%20Tariffs/8ResidentialTimeofDayService.pdf","sourceparent":"http://www.kcpl.com/my-bill/for-home/rate-information/detailed-tariffs","flatdemandunit":"kW","demandrateunit":"kW","energyratestructure":[[{"unit":"kWh","rate":0.20439,"adj":0.00415}],[{"unit":"kWh","rate":0.11387,"adj":0.00415}],[{"unit":"kWh","rate":0.08417,"adj":0.00415}]],"energyweekdayschedule":[[2,2,2,2,2,2,2,2,2,2,2,2,2,2,2,2,2,2,2,2,2,2,2,2],[2,2,2,2,2,2,2,2,2,2,2,2,2,2,2,2,2,2,2,2,2,2,2,2],[2,2,2,2,2,2,2,2,2,2,2,2,2,2,2,2,2,2,2,2,2,2,2,2],[2,2,2,2,2,2,2,2,2,2,2,2,2,2,2,2,2,2,2,2,2,2,2,2],[2,2,2,2,2,2,2,2,2,2,2,2,2,2,2,2,2,2,2,2,2,2,2,2],[1,1,1,1,1,1,1,1,1,1,1,1,1,0,0,0,0,0,0,1,1,1,1,1],[1,1,1,1,1,1,1,1,1,1,1,1,1,0,0,0,0,0,0,1,1,1,1,1],[1,1,1,1,1,1,1,1,1,1,1,1,1,0,0,0,0,0,0,1,1,1,1,1],[1,1,1,1,1,1,1,1,1,1,1,1,1,0,0,0,0,0,0,1,1,1,1,1],[2,2,2,2,2,2,2,2,2,2,2,2,2,2,2,2,2,2,2,2,2,2,2,2],[2,2,2,2,2,2,2,2,2,2,2,2,2,2,2,2,2,2,2,2,2,2,2,2],[2,2,2,2,2,2,2,2,2,2,2,2,2,2,2,2,2,2,2,2,2,2,2,2]],"energyweekendschedule":[[2,2,2,2,2,2,2,2,2,2,2,2,2,2,2,2,2,2,2,2,2,2,2,2],[2,2,2,2,2,2,2,2,2,2,2,2,2,2,2,2,2,2,2,2,2,2,2,2],[2,2,2,2,2,2,2,2,2,2,2,2,2,2,2,2,2,2,2,2,2,2,2,2],[2,2,2,2,2,2,2,2,2,2,2,2,2,2,2,2,2,2,2,2,2,2,2,2],[2,2,2,2,2,2,2,2,2,2,2,2,2,2,2,2,2,2,2,2,2,2,2,2],[1,1,1,1,1,1,1,1,1,1,1,1,1,1,1,1,1,1,1,1,1,1,1,1],[1,1,1,1,1,1,1,1,1,1,1,1,1,1,1,1,1,1,1,1,1,1,1,1],[1,1,1,1,1,1,1,1,1,1,1,1,1,1,1,1,1,1,1,1,1,1,1,1],[1,1,1,1,1,1,1,1,1,1,1,1,1,1,1,1,1,1,1,1,1,1,1,1],[2,2,2,2,2,2,2,2,2,2,2,2,2,2,2,2,2,2,2,2,2,2,2,2],[2,2,2,2,2,2,2,2,2,2,2,2,2,2,2,2,2,2,2,2,2,2,2,2],[2,2,2,2,2,2,2,2,2,2,2,2,2,2,2,2,2,2,2,2,2,2,2,2]],"energycomments":"Adjustments = Demand Side Investment Mechanism charge + Fuel Adjustment clause","fixedmonthlycharge":15.39}]}