{"items":[{"label":"539f7609ec4f024411ed1a8f","uri":"https://openei.org/apps/USURDB/rate/view/539f7609ec4f024411ed1a8f","approved":true,"basicinformationcomments":"Adjustment $/kWh = Purchased Power Adjustment Rider($0.01994) + Fuel Clause Rider($0.0337902)","demandrateunit":"kW","description":"Available for residential electric service through one single-phase multiple-register meter capable of measuring electrical energy consumption during the on-peak and off-peak billing periods to individual residential customers. Availability is limited to the first 250 customers applying for service under this tariff.","startdate":1357020000,"eiaid":10331,"energyratestructure":[[{"rate":0.07541,"adj":0.0537302,"unit":"kWh"}],[{"rate":0.02755,"adj":0.0537302,"unit":"kWh"}]],"energyweekdayschedule":[[1,1,1,1,1,1,0,0,0,0,0,0,0,0,0,0,0,0,0,0,0,1,1,1],[1,1,1,1,1,1,0,0,0,0,0,0,0,0,0,0,0,0,0,0,0,1,1,1],[1,1,1,1,1,1,0,0,0,0,0,0,0,0,0,0,0,0,0,0,0,1,1,1],[1,1,1,1,1,1,0,0,0,0,0,0,0,0,0,0,0,0,0,0,0,1,1,1],[1,1,1,1,1,1,0,0,0,0,0,0,0,0,0,0,0,0,0,0,0,1,1,1],[1,1,1,1,1,1,0,0,0,0,0,0,0,0,0,0,0,0,0,0,0,1,1,1],[1,1,1,1,1,1,0,0,0,0,0,0,0,0,0,0,0,0,0,0,0,1,1,1],[1,1,1,1,1,1,0,0,0,0,0,0,0,0,0,0,0,0,0,0,0,1,1,1],[1,1,1,1,1,1,0,0,0,0,0,0,0,0,0,0,0,0,0,0,0,1,1,1],[1,1,1,1,1,1,0,0,0,0,0,0,0,0,0,0,0,0,0,0,0,1,1,1],[1,1,1,1,1,1,0,0,0,0,0,0,0,0,0,0,0,0,0,0,0,1,1,1],[1,1,1,1,1,1,0,0,0,0,0,0,0,0,0,0,0,0,0,0,0,1,1,1]],"energyweekendschedule":[[1,1,1,1,1,1,1,1,1,1,1,1,1,1,1,1,1,1,1,1,1,1,1,1],[1,1,1,1,1,1,1,1,1,1,1,1,1,1,1,1,1,1,1,1,1,1,1,1],[1,1,1,1,1,1,1,1,1,1,1,1,1,1,1,1,1,1,1,1,1,1,1,1],[1,1,1,1,1,1,1,1,1,1,1,1,1,1,1,1,1,1,1,1,1,1,1,1],[1,1,1,1,1,1,1,1,1,1,1,1,1,1,1,1,1,1,1,1,1,1,1,1],[1,1,1,1,1,1,1,1,1,1,1,1,1,1,1,1,1,1,1,1,1,1,1,1],[1,1,1,1,1,1,1,1,1,1,1,1,1,1,1,1,1,1,1,1,1,1,1,1],[1,1,1,1,1,1,1,1,1,1,1,1,1,1,1,1,1,1,1,1,1,1,1,1],[1,1,1,1,1,1,1,1,1,1,1,1,1,1,1,1,1,1,1,1,1,1,1,1],[1,1,1,1,1,1,1,1,1,1,1,1,1,1,1,1,1,1,1,1,1,1,1,1],[1,1,1,1,1,1,1,1,1,1,1,1,1,1,1,1,1,1,1,1,1,1,1,1],[1,1,1,1,1,1,1,1,1,1,1,1,1,1,1,1,1,1,1,1,1,1,1,1]],"flatdemandunit":"kW","phasewiring":"Single Phase","name":"Residential Time-of-Day Electric Service","revisions":[1399995234,1399995522,1401200995,1401201587,1401202294,1401204106,1401206000,1401206331,1401206780,1402082936,1402435644,1427405206],"sector":"Residential","source":"ISU Documentation","utility":"Kingsport Power Co (Tennessee)","fixedmonthlycharge":13.35}]}