{"items":[{"label":"54b684d55357a35b0d3893e3","uri":"https://openei.org/apps/USURDB/rate/view/54b684d55357a35b0d3893e3","approved":true,"demandrateunit":"kW","description":"Availability\r\n*This Schedule is available when electric service is used for domestic purposes in and about residential dwelling units, including electric service used on a farm and in the preparation of the farm's products for market. A residential house served under this Schedule may be used as a  boarding house, fraternity house, tourist home, or like establishment, provided such residential house is one which ordinarily would be used as a private residence.","startdate":1420070400,"eiaid":10345,"energycomments":"Energy Conservation Discount - Code E27\r\nWhere Customer notifies City and Customer's dwelling complies with the Thermal Requirements herein, the above-stated kWh charges will be discounted by 5% per kWh.\r\nSummer (Billing months July-October)\r\n$13.39 Basic Customer Charge\r\n13.589 cents per kWh for all kWh\r\nWinter (Billing months November through June)\r\n$13.39 Basic Customer Charge\r\n12.176 cents per kWh for all kWh\r\nPayments","energyratestructure":[[{"unit":"kWh","rate":0.12817}],[{"unit":"kWh","rate":0.14304}]],"energyweekdayschedule":[[0,0,0,0,0,0,0,0,0,0,0,0,0,0,0,0,0,0,0,0,0,0,0,0],[0,0,0,0,0,0,0,0,0,0,0,0,0,0,0,0,0,0,0,0,0,0,0,0],[0,0,0,0,0,0,0,0,0,0,0,0,0,0,0,0,0,0,0,0,0,0,0,0],[0,0,0,0,0,0,0,0,0,0,0,0,0,0,0,0,0,0,0,0,0,0,0,0],[0,0,0,0,0,0,0,0,0,0,0,0,0,0,0,0,0,0,0,0,0,0,0,0],[0,0,0,0,0,0,0,0,0,0,0,0,0,0,0,0,0,0,0,0,0,0,0,0],[1,1,1,1,1,1,1,1,1,1,1,1,1,1,1,1,1,1,1,1,1,1,1,1],[1,1,1,1,1,1,1,1,1,1,1,1,1,1,1,1,1,1,1,1,1,1,1,1],[1,1,1,1,1,1,1,1,1,1,1,1,1,1,1,1,1,1,1,1,1,1,1,1],[1,1,1,1,1,1,1,1,1,1,1,1,1,1,1,1,1,1,1,1,1,1,1,1],[0,0,0,0,0,0,0,0,0,0,0,0,0,0,0,0,0,0,0,0,0,0,0,0],[0,0,0,0,0,0,0,0,0,0,0,0,0,0,0,0,0,0,0,0,0,0,0,0]],"energyweekendschedule":[[0,0,0,0,0,0,0,0,0,0,0,0,0,0,0,0,0,0,0,0,0,0,0,0],[0,0,0,0,0,0,0,0,0,0,0,0,0,0,0,0,0,0,0,0,0,0,0,0],[0,0,0,0,0,0,0,0,0,0,0,0,0,0,0,0,0,0,0,0,0,0,0,0],[0,0,0,0,0,0,0,0,0,0,0,0,0,0,0,0,0,0,0,0,0,0,0,0],[0,0,0,0,0,0,0,0,0,0,0,0,0,0,0,0,0,0,0,0,0,0,0,0],[0,0,0,0,0,0,0,0,0,0,0,0,0,0,0,0,0,0,0,0,0,0,0,0],[1,1,1,1,1,1,1,1,1,1,1,1,1,1,1,1,1,1,1,1,1,1,1,1],[1,1,1,1,1,1,1,1,1,1,1,1,1,1,1,1,1,1,1,1,1,1,1,1],[1,1,1,1,1,1,1,1,1,1,1,1,1,1,1,1,1,1,1,1,1,1,1,1],[1,1,1,1,1,1,1,1,1,1,1,1,1,1,1,1,1,1,1,1,1,1,1,1],[0,0,0,0,0,0,0,0,0,0,0,0,0,0,0,0,0,0,0,0,0,0,0,0],[0,0,0,0,0,0,0,0,0,0,0,0,0,0,0,0,0,0,0,0,0,0,0,0]],"flatdemandunit":"kW","name":"Residential Service (General) E21 - Three Phase","revisions":[1421222501,1421222568,1423747480,1427405214],"sector":"Residential","sourceparent":"http://www.kinstonpublicservices.com/currentfeesandrates.html","source":"http://www.kinstonpublicservices.com/Kinston.ResidentialandEnergyDisc.April2010.pdf","supersedes":"539fc0edec4f024c27d8a163","utility":"City of Kinston, North Carolina (Utility Company)","fixedmonthlycharge":25.39}]}