{"items":[{"label":"539fc8f5ec4f024d2f53ec22","uri":"https://openei.org/apps/USURDB/rate/view/539fc8f5ec4f024d2f53ec22","approved":true,"demandrateunit":"kW","description":"Available only to permanent residences occupied on a full time basis subject to the established rules and regulations of the Cooperative. Residential - Low Usage customers should not exceed 600 kWh consumption during any one of the billing months of June through September. If the metered consumption exceeds 600 kWh during any of those months, the cooperative shall review with the customer their billing history to determine if a better rate exists for that customer's usage quantity. This rate is only available for one year and must be renewed at the beginning of each year.","startdate":1274832000,"eiaid":10375,"energycomments":"(Period 1: Summer, Period 2: Winter, Period 3: Shoulder) (Adj = Wholesale Power Charge)","peakkwhusagemax":600,"energyratestructure":[[{"max":1000,"unit":"kWh","rate":0.0385,"adj":0.0525},{"unit":"kWh","rate":0.15,"adj":0.0525}],[{"max":600,"unit":"kWh","rate":0.0385,"adj":0.0525},{"unit":"kWh","rate":0.026,"adj":0.0525}],[{"max":1000,"unit":"kWh","rate":0.0385,"adj":0.0525},{"unit":"kWh","rate":0.031,"adj":0.0525}]],"energyweekdayschedule":[[1,1,1,1,1,1,1,1,1,1,1,1,1,1,1,1,1,1,1,1,1,1,1,1],[1,1,1,1,1,1,1,1,1,1,1,1,1,1,1,1,1,1,1,1,1,1,1,1],[2,2,2,2,2,2,2,2,2,2,2,2,2,2,2,2,2,2,2,2,2,2,2,2],[2,2,2,2,2,2,2,2,2,2,2,2,2,2,2,2,2,2,2,2,2,2,2,2],[2,2,2,2,2,2,2,2,2,2,2,2,2,2,2,2,2,2,2,2,2,2,2,2],[0,0,0,0,0,0,0,0,0,0,0,0,0,0,0,0,0,0,0,0,0,0,0,0],[0,0,0,0,0,0,0,0,0,0,0,0,0,0,0,0,0,0,0,0,0,0,0,0],[0,0,0,0,0,0,0,0,0,0,0,0,0,0,0,0,0,0,0,0,0,0,0,0],[0,0,0,0,0,0,0,0,0,0,0,0,0,0,0,0,0,0,0,0,0,0,0,0],[2,2,2,2,2,2,2,2,2,2,2,2,2,2,2,2,2,2,2,2,2,2,2,2],[2,2,2,2,2,2,2,2,2,2,2,2,2,2,2,2,2,2,2,2,2,2,2,2],[1,1,1,1,1,1,1,1,1,1,1,1,1,1,1,1,1,1,1,1,1,1,1,1]],"energyweekendschedule":[[1,1,1,1,1,1,1,1,1,1,1,1,1,1,1,1,1,1,1,1,1,1,1,1],[1,1,1,1,1,1,1,1,1,1,1,1,1,1,1,1,1,1,1,1,1,1,1,1],[2,2,2,2,2,2,2,2,2,2,2,2,2,2,2,2,2,2,2,2,2,2,2,2],[2,2,2,2,2,2,2,2,2,2,2,2,2,2,2,2,2,2,2,2,2,2,2,2],[2,2,2,2,2,2,2,2,2,2,2,2,2,2,2,2,2,2,2,2,2,2,2,2],[0,0,0,0,0,0,0,0,0,0,0,0,0,0,0,0,0,0,0,0,0,0,0,0],[0,0,0,0,0,0,0,0,0,0,0,0,0,0,0,0,0,0,0,0,0,0,0,0],[0,0,0,0,0,0,0,0,0,0,0,0,0,0,0,0,0,0,0,0,0,0,0,0],[0,0,0,0,0,0,0,0,0,0,0,0,0,0,0,0,0,0,0,0,0,0,0,0],[2,2,2,2,2,2,2,2,2,2,2,2,2,2,2,2,2,2,2,2,2,2,2,2],[2,2,2,2,2,2,2,2,2,2,2,2,2,2,2,2,2,2,2,2,2,2,2,2],[1,1,1,1,1,1,1,1,1,1,1,1,1,1,1,1,1,1,1,1,1,1,1,1]],"flatdemandunit":"kW","name":"Residential Service-Low Usage","revisions":[1337699432,1337699589,1338488515,1354880296,1371136642,1403017593,1405677147,1427405185],"sector":"Residential","source":"http://www.kiwash.coop/pdf/ApplicationForResidentialLowUsage-Rate120.pdf","utility":"Kiwash Electric Coop, Inc","fixedmonthlycharge":15}]}