{"items":[{"label":"53ff3f075257a3810b0b484b","uri":"https://openei.org/apps/USURDB/rate/view/53ff3f075257a3810b0b484b","approved":true,"demandrateunit":"kW","startdate":1406851200,"eiaid":10623,"energyratestructure":[[{"unit":"kWh","rate":0.02435,"adj":0.046931}],[{"unit":"kWh","rate":0.0742,"adj":0.04826}],[{"unit":"kWh","rate":0.1113,"adj":0.055275}]],"energyweekdayschedule":[[0,0,0,0,0,0,2,2,2,2,1,1,0,0,0,0,0,0,0,0,1,1,0,0],[0,0,0,0,0,0,2,2,2,2,1,1,0,0,0,0,0,0,0,0,1,1,0,0],[0,0,0,0,0,0,2,2,2,2,1,1,0,0,0,0,0,0,0,0,1,1,0,0],[0,0,0,0,0,0,0,0,0,0,0,0,1,1,2,2,2,2,2,2,1,1,0,0],[0,0,0,0,0,0,0,0,0,0,0,0,1,1,2,2,2,2,2,2,1,1,0,0],[0,0,0,0,0,0,0,0,0,0,0,0,1,1,2,2,2,2,2,2,1,1,0,0],[0,0,0,0,0,0,0,0,0,0,0,0,1,1,2,2,2,2,2,2,1,1,0,0],[0,0,0,0,0,0,0,0,0,0,0,0,1,1,2,2,2,2,2,2,1,1,0,0],[0,0,0,0,0,0,0,0,0,0,0,0,1,1,2,2,2,2,2,2,1,1,0,0],[0,0,0,0,0,0,0,0,0,0,0,0,1,1,2,2,2,2,2,2,1,1,0,0],[0,0,0,0,0,0,2,2,2,2,1,1,0,0,0,0,0,0,0,0,1,1,0,0],[0,0,0,0,0,0,2,2,2,2,1,1,0,0,0,0,0,0,0,0,1,1,0,0]],"energyweekendschedule":[[0,0,0,0,0,0,0,0,0,0,0,0,0,0,0,0,0,0,0,0,0,0,0,0],[0,0,0,0,0,0,0,0,0,0,0,0,0,0,0,0,0,0,0,0,0,0,0,0],[0,0,0,0,0,0,0,0,0,0,0,0,0,0,0,0,0,0,0,0,0,0,0,0],[0,0,0,0,0,0,0,0,0,0,0,0,0,0,0,0,0,0,0,0,0,0,0,0],[0,0,0,0,0,0,0,0,0,0,0,0,0,0,0,0,0,0,0,0,0,0,0,0],[0,0,0,0,0,0,0,0,0,0,0,0,0,0,0,0,0,0,0,0,0,0,0,0],[0,0,0,0,0,0,0,0,0,0,0,0,0,0,0,0,0,0,0,0,0,0,0,0],[0,0,0,0,0,0,0,0,0,0,0,0,0,0,0,0,0,0,0,0,0,0,0,0],[0,0,0,0,0,0,0,0,0,0,0,0,0,0,0,0,0,0,0,0,0,0,0,0],[0,0,0,0,0,0,0,0,0,0,0,0,0,0,0,0,0,0,0,0,0,0,0,0],[0,0,0,0,0,0,0,0,0,0,0,0,0,0,0,0,0,0,0,0,0,0,0,0],[0,0,0,0,0,0,0,0,0,0,0,0,0,0,0,0,0,0,0,0,0,0,0,0]],"flatdemandunit":"kW","name":"Residential Service Trial Period - Shift to Save","revisions":[1409215143,1409216979,1409660955,1409671332,1409910123,1427405184],"sector":"Residential","sourceparent":"http://www.lakelandelectric.com/Customers/RateInformation.aspx","source":"http://www.lakelandelectric.com/Customers/RateInformation.aspx#800721-i-classicon-list-icon-whitei-residential-rate-information","supersedes":"539fca12ec4f024d2f53f79a","utility":"City of Lakeland, Florida (Utility Company)","fixedmonthlycharge":8}]}