<measure>
  <schema_version>3.0</schema_version>
  <name>simulation_output_report</name>
  <uid>fc337100-8634-404e-8966-01243d292a79</uid>
  <version_id>54ae92ba-45d4-46a5-95c2-ee62e2a0e6b6</version_id>
  <version_modified>20190107T153249Z</version_modified>
  <xml_checksum>2C8A3EEF</xml_checksum>
  <class_name>SimulationOutputReport</class_name>
  <display_name>Simulation Output Report</display_name>
  <description>Reports simulation outputs of interest.</description>
  <modeler_description>Change me</modeler_description>
  <arguments/>
  <outputs>
    <output>
      <name>total_site_energy_mbtu</name>
      <display_name>total_site_energy_mbtu</display_name>
      <short_name>total_site_energy_mbtu</short_name>
      <type>Double</type>
      <model_dependent>false</model_dependent>
    </output>
    <output>
      <name>total_site_electricity_kwh</name>
      <display_name>total_site_electricity_kwh</display_name>
      <short_name>total_site_electricity_kwh</short_name>
      <type>Double</type>
      <model_dependent>false</model_dependent>
    </output>
    <output>
      <name>total_site_natural_gas_therm</name>
      <display_name>total_site_natural_gas_therm</display_name>
      <short_name>total_site_natural_gas_therm</short_name>
      <type>Double</type>
      <model_dependent>false</model_dependent>
    </output>
    <output>
      <name>total_site_fuel_oil_mbtu</name>
      <display_name>total_site_fuel_oil_mbtu</display_name>
      <short_name>total_site_fuel_oil_mbtu</short_name>
      <type>Double</type>
      <model_dependent>false</model_dependent>
    </output>
    <output>
      <name>total_site_propane_mbtu</name>
      <display_name>total_site_propane_mbtu</display_name>
      <short_name>total_site_propane_mbtu</short_name>
      <type>Double</type>
      <model_dependent>false</model_dependent>
    </output>
    <output>
      <name>net_site_energy_mbtu</name>
      <display_name>net_site_energy_mbtu</display_name>
      <short_name>net_site_energy_mbtu</short_name>
      <type>Double</type>
      <model_dependent>false</model_dependent>
    </output>
    <output>
      <name>net_site_electricity_kwh</name>
      <display_name>net_site_electricity_kwh</display_name>
      <short_name>net_site_electricity_kwh</short_name>
      <type>Double</type>
      <model_dependent>false</model_dependent>
    </output>
    <output>
      <name>electricity_heating_kwh</name>
      <display_name>electricity_heating_kwh</display_name>
      <short_name>electricity_heating_kwh</short_name>
      <type>Double</type>
      <model_dependent>false</model_dependent>
    </output>
    <output>
      <name>electricity_cooling_kwh</name>
      <display_name>electricity_cooling_kwh</display_name>
      <short_name>electricity_cooling_kwh</short_name>
      <type>Double</type>
      <model_dependent>false</model_dependent>
    </output>
    <output>
      <name>electricity_interior_lighting_kwh</name>
      <display_name>electricity_interior_lighting_kwh</display_name>
      <short_name>electricity_interior_lighting_kwh</short_name>
      <type>Double</type>
      <model_dependent>false</model_dependent>
    </output>
    <output>
      <name>electricity_exterior_lighting_kwh</name>
      <display_name>electricity_exterior_lighting_kwh</display_name>
      <short_name>electricity_exterior_lighting_kwh</short_name>
      <type>Double</type>
      <model_dependent>false</model_dependent>
    </output>
    <output>
      <name>electricity_interior_equipment_kwh</name>
      <display_name>electricity_interior_equipment_kwh</display_name>
      <short_name>electricity_interior_equipment_kwh</short_name>
      <type>Double</type>
      <model_dependent>false</model_dependent>
    </output>
    <output>
      <name>electricity_fans_heating_kwh</name>
      <display_name>electricity_fans_heating_kwh</display_name>
      <short_name>electricity_fans_heating_kwh</short_name>
      <type>Double</type>
      <model_dependent>false</model_dependent>
    </output>
    <output>
      <name>electricity_fans_cooling_kwh</name>
      <display_name>electricity_fans_cooling_kwh</display_name>
      <short_name>electricity_fans_cooling_kwh</short_name>
      <type>Double</type>
      <model_dependent>false</model_dependent>
    </output>
    <output>
      <name>electricity_pumps_kwh</name>
      <display_name>electricity_pumps_kwh</display_name>
      <short_name>electricity_pumps_kwh</short_name>
      <type>Double</type>
      <model_dependent>false</model_dependent>
    </output>
    <output>
      <name>electricity_water_systems_kwh</name>
      <display_name>electricity_water_systems_kwh</display_name>
      <short_name>electricity_water_systems_kwh</short_name>
      <type>Double</type>
      <model_dependent>false</model_dependent>
    </output>
    <output>
      <name>electricity_pv_kwh</name>
      <display_name>electricity_pv_kwh</display_name>
      <short_name>electricity_pv_kwh</short_name>
      <type>Double</type>
      <model_dependent>false</model_dependent>
    </output>
    <output>
      <name>natural_gas_heating_therm</name>
      <display_name>natural_gas_heating_therm</display_name>
      <short_name>natural_gas_heating_therm</short_name>
      <type>Double</type>
      <model_dependent>false</model_dependent>
    </output>
    <output>
      <name>natural_gas_interior_equipment_therm</name>
      <display_name>natural_gas_interior_equipment_therm</display_name>
      <short_name>natural_gas_interior_equipment_therm</short_name>
      <type>Double</type>
      <model_dependent>false</model_dependent>
    </output>
    <output>
      <name>natural_gas_water_systems_therm</name>
      <display_name>natural_gas_water_systems_therm</display_name>
      <short_name>natural_gas_water_systems_therm</short_name>
      <type>Double</type>
      <model_dependent>false</model_dependent>
    </output>
    <output>
      <name>fuel_oil_heating_mbtu</name>
      <display_name>fuel_oil_heating_mbtu</display_name>
      <short_name>fuel_oil_heating_mbtu</short_name>
      <type>Double</type>
      <model_dependent>false</model_dependent>
    </output>
    <output>
      <name>fuel_oil_interior_equipment_mbtu</name>
      <display_name>fuel_oil_interior_equipment_mbtu</display_name>
      <short_name>fuel_oil_interior_equipment_mbtu</short_name>
      <type>Double</type>
      <model_dependent>false</model_dependent>
    </output>
    <output>
      <name>fuel_oil_water_systems_mbtu</name>
      <display_name>fuel_oil_water_systems_mbtu</display_name>
      <short_name>fuel_oil_water_systems_mbtu</short_name>
      <type>Double</type>
      <model_dependent>false</model_dependent>
    </output>
    <output>
      <name>propane_heating_mbtu</name>
      <display_name>propane_heating_mbtu</display_name>
      <short_name>propane_heating_mbtu</short_name>
      <type>Double</type>
      <model_dependent>false</model_dependent>
    </output>
    <output>
      <name>propane_interior_equipment_mbtu</name>
      <display_name>propane_interior_equipment_mbtu</display_name>
      <short_name>propane_interior_equipment_mbtu</short_name>
      <type>Double</type>
      <model_dependent>false</model_dependent>
    </output>
    <output>
      <name>propane_water_systems_mbtu</name>
      <display_name>propane_water_systems_mbtu</display_name>
      <short_name>propane_water_systems_mbtu</short_name>
      <type>Double</type>
      <model_dependent>false</model_dependent>
    </output>
    <output>
      <name>hours_heating_setpoint_not_met</name>
      <display_name>hours_heating_setpoint_not_met</display_name>
      <short_name>hours_heating_setpoint_not_met</short_name>
      <type>Double</type>
      <model_dependent>false</model_dependent>
    </output>
    <output>
      <name>hours_cooling_setpoint_not_met</name>
      <display_name>hours_cooling_setpoint_not_met</display_name>
      <short_name>hours_cooling_setpoint_not_met</short_name>
      <type>Double</type>
      <model_dependent>false</model_dependent>
    </output>
    <output>
      <name>hvac_cooling_capacity_w</name>
      <display_name>hvac_cooling_capacity_w</display_name>
      <short_name>hvac_cooling_capacity_w</short_name>
      <type>Double</type>
      <model_dependent>false</model_dependent>
    </output>
    <output>
      <name>hvac_heating_capacity_w</name>
      <display_name>hvac_heating_capacity_w</display_name>
      <short_name>hvac_heating_capacity_w</short_name>
      <type>Double</type>
      <model_dependent>false</model_dependent>
    </output>
    <output>
      <name>hvac_heating_supp_capacity_w</name>
      <display_name>hvac_heating_supp_capacity_w</display_name>
      <short_name>hvac_heating_supp_capacity_w</short_name>
      <type>Double</type>
      <model_dependent>false</model_dependent>
    </output>
    <output>
      <name>upgrade_name</name>
      <display_name>upgrade_name</display_name>
      <short_name>upgrade_name</short_name>
      <type>Double</type>
      <model_dependent>false</model_dependent>
    </output>
    <output>
      <name>upgrade_cost_usd</name>
      <display_name>upgrade_cost_usd</display_name>
      <short_name>upgrade_cost_usd</short_name>
      <type>Double</type>
      <model_dependent>false</model_dependent>
    </output>
    <output>
      <name>upgrade_option_01_cost_usd</name>
      <display_name>upgrade_option_01_cost_usd</display_name>
      <short_name>upgrade_option_01_cost_usd</short_name>
      <type>Double</type>
      <model_dependent>false</model_dependent>
    </output>
    <output>
      <name>upgrade_option_01_lifetime_yrs</name>
      <display_name>upgrade_option_01_lifetime_yrs</display_name>
      <short_name>upgrade_option_01_lifetime_yrs</short_name>
      <type>Double</type>
      <model_dependent>false</model_dependent>
    </output>
    <output>
      <name>upgrade_option_02_cost_usd</name>
      <display_name>upgrade_option_02_cost_usd</display_name>
      <short_name>upgrade_option_02_cost_usd</short_name>
      <type>Double</type>
      <model_dependent>false</model_dependent>
    </output>
    <output>
      <name>upgrade_option_02_lifetime_yrs</name>
      <display_name>upgrade_option_02_lifetime_yrs</display_name>
      <short_name>upgrade_option_02_lifetime_yrs</short_name>
      <type>Double</type>
      <model_dependent>false</model_dependent>
    </output>
    <output>
      <name>upgrade_option_03_cost_usd</name>
      <display_name>upgrade_option_03_cost_usd</display_name>
      <short_name>upgrade_option_03_cost_usd</short_name>
      <type>Double</type>
      <model_dependent>false</model_dependent>
    </output>
    <output>
      <name>upgrade_option_03_lifetime_yrs</name>
      <display_name>upgrade_option_03_lifetime_yrs</display_name>
      <short_name>upgrade_option_03_lifetime_yrs</short_name>
      <type>Double</type>
      <model_dependent>false</model_dependent>
    </output>
    <output>
      <name>upgrade_option_04_cost_usd</name>
      <display_name>upgrade_option_04_cost_usd</display_name>
      <short_name>upgrade_option_04_cost_usd</short_name>
      <type>Double</type>
      <model_dependent>false</model_dependent>
    </output>
    <output>
      <name>upgrade_option_04_lifetime_yrs</name>
      <display_name>upgrade_option_04_lifetime_yrs</display_name>
      <short_name>upgrade_option_04_lifetime_yrs</short_name>
      <type>Double</type>
      <model_dependent>false</model_dependent>
    </output>
    <output>
      <name>upgrade_option_05_cost_usd</name>
      <display_name>upgrade_option_05_cost_usd</display_name>
      <short_name>upgrade_option_05_cost_usd</short_name>
      <type>Double</type>
      <model_dependent>false</model_dependent>
    </output>
    <output>
      <name>upgrade_option_05_lifetime_yrs</name>
      <display_name>upgrade_option_05_lifetime_yrs</display_name>
      <short_name>upgrade_option_05_lifetime_yrs</short_name>
      <type>Double</type>
      <model_dependent>false</model_dependent>
    </output>
    <output>
      <name>upgrade_option_06_cost_usd</name>
      <display_name>upgrade_option_06_cost_usd</display_name>
      <short_name>upgrade_option_06_cost_usd</short_name>
      <type>Double</type>
      <model_dependent>false</model_dependent>
    </output>
    <output>
      <name>upgrade_option_06_lifetime_yrs</name>
      <display_name>upgrade_option_06_lifetime_yrs</display_name>
      <short_name>upgrade_option_06_lifetime_yrs</short_name>
      <type>Double</type>
      <model_dependent>false</model_dependent>
    </output>
    <output>
      <name>upgrade_option_07_cost_usd</name>
      <display_name>upgrade_option_07_cost_usd</display_name>
      <short_name>upgrade_option_07_cost_usd</short_name>
      <type>Double</type>
      <model_dependent>false</model_dependent>
    </output>
    <output>
      <name>upgrade_option_07_lifetime_yrs</name>
      <display_name>upgrade_option_07_lifetime_yrs</display_name>
      <short_name>upgrade_option_07_lifetime_yrs</short_name>
      <type>Double</type>
      <model_dependent>false</model_dependent>
    </output>
    <output>
      <name>upgrade_option_08_cost_usd</name>
      <display_name>upgrade_option_08_cost_usd</display_name>
      <short_name>upgrade_option_08_cost_usd</short_name>
      <type>Double</type>
      <model_dependent>false</model_dependent>
    </output>
    <output>
      <name>upgrade_option_08_lifetime_yrs</name>
      <display_name>upgrade_option_08_lifetime_yrs</display_name>
      <short_name>upgrade_option_08_lifetime_yrs</short_name>
      <type>Double</type>
      <model_dependent>false</model_dependent>
    </output>
    <output>
      <name>upgrade_option_09_cost_usd</name>
      <display_name>upgrade_option_09_cost_usd</display_name>
      <short_name>upgrade_option_09_cost_usd</short_name>
      <type>Double</type>
      <model_dependent>false</model_dependent>
    </output>
    <output>
      <name>upgrade_option_09_lifetime_yrs</name>
      <display_name>upgrade_option_09_lifetime_yrs</display_name>
      <short_name>upgrade_option_09_lifetime_yrs</short_name>
      <type>Double</type>
      <model_dependent>false</model_dependent>
    </output>
    <output>
      <name>upgrade_option_10_cost_usd</name>
      <display_name>upgrade_option_10_cost_usd</display_name>
      <short_name>upgrade_option_10_cost_usd</short_name>
      <type>Double</type>
      <model_dependent>false</model_dependent>
    </output>
    <output>
      <name>upgrade_option_10_lifetime_yrs</name>
      <display_name>upgrade_option_10_lifetime_yrs</display_name>
      <short_name>upgrade_option_10_lifetime_yrs</short_name>
      <type>Double</type>
      <model_dependent>false</model_dependent>
    </output>
    <output>
      <name>weight</name>
      <display_name>weight</display_name>
      <short_name>weight</short_name>
      <type>Double</type>
      <model_dependent>false</model_dependent>
    </output>
  </outputs>
  <provenances/>
  <tags>
    <tag>Reporting.QAQC</tag>
  </tags>
  <attributes>
    <attribute>
      <name>Measure Type</name>
      <value>ReportingMeasure</value>
      <datatype>string</datatype>
    </attribute>
    <attribute>
      <name>Uses SketchUp API</name>
      <value>false</value>
      <datatype>boolean</datatype>
    </attribute>
  </attributes>
  <files>
    <file>
      <filename>simulation_output_report_test.rb</filename>
      <filetype>rb</filetype>
      <usage_type>test</usage_type>
      <checksum>9E036BB5</checksum>
    </file>
    <file>
      <filename>SFD_1story_FB_UA_GRG_MSHP_FuelTanklessWH.osm</filename>
      <filetype>osm</filetype>
      <usage_type>test</usage_type>
      <checksum>FBCCE603</checksum>
    </file>
    <file>
      <filename>SFD_1story_FB_UA_GRG_RoomAC_ElecBoiler_FuelTanklessWH.osm</filename>
      <filetype>osm</filetype>
      <usage_type>test</usage_type>
      <checksum>320D0033</checksum>
    </file>
    <file>
      <filename>SFD_1story_UB_UA_ASHP2_HPWH.osm</filename>
      <filetype>osm</filetype>
      <usage_type>test</usage_type>
      <checksum>61C1EAA8</checksum>
    </file>
    <file>
      <filename>SFD_1story_UB_UA_GRG_ACV_FuelFurnace_HPWH.osm</filename>
      <filetype>osm</filetype>
      <usage_type>test</usage_type>
      <checksum>8F399B91</checksum>
    </file>
    <file>
      <filename>SFD_2story_CS_UA_AC2_FuelBoiler_FuelTankWH.osm</filename>
      <filetype>osm</filetype>
      <usage_type>test</usage_type>
      <checksum>D425213A</checksum>
    </file>
    <file>
      <filename>SFD_2story_CS_UA_GRG_ASHPV_FuelTanklessWH.osm</filename>
      <filetype>osm</filetype>
      <usage_type>test</usage_type>
      <checksum>3A7F8A30</checksum>
    </file>
    <file>
      <filename>SFD_2story_FB_UA_GRG_AC1_ElecBaseboard_FuelTankWH.osm</filename>
      <filetype>osm</filetype>
      <usage_type>test</usage_type>
      <checksum>F5848036</checksum>
    </file>
    <file>
      <filename>SFD_2story_FB_UA_GRG_GSHP_ElecTanklessWH.osm</filename>
      <filetype>osm</filetype>
      <usage_type>test</usage_type>
      <checksum>9A6E9A2D</checksum>
    </file>
    <file>
      <filename>SFD_2story_PB_UA_ElecFurnace_ElecTankWH.osm</filename>
      <filetype>osm</filetype>
      <usage_type>test</usage_type>
      <checksum>DA1A747F</checksum>
    </file>
    <file>
      <filename>SFD_2story_S_UA_GRG_ASHP1_FuelTanklessWH.osm</filename>
      <filetype>osm</filetype>
      <usage_type>test</usage_type>
      <checksum>33C383BF</checksum>
    </file>
    <file>
      <filename>SFD_2story_FB_UA_GRG_AC1_UnitHeater_FuelTankWH.osm</filename>
      <filetype>osm</filetype>
      <usage_type>test</usage_type>
      <checksum>4B634E7E</checksum>
    </file>
    <file>
      <version>
        <software_program>OpenStudio</software_program>
        <identifier>1.1.2</identifier>
        <min_compatible>1.1.2</min_compatible>
      </version>
      <filename>measure.rb</filename>
      <filetype>rb</filetype>
      <usage_type>script</usage_type>
      <checksum>025AC348</checksum>
    </file>
    <file>
      <filename>MF_2story_UB_ASHP2_HPWH.osm</filename>
      <filetype>osm</filetype>
      <usage_type>test</usage_type>
      <checksum>97559A10</checksum>
    </file>
    <file>
      <filename>MF_2story_UB_FuelBoiler_AC1_FuelTankWH.osm</filename>
      <filetype>osm</filetype>
      <usage_type>test</usage_type>
      <checksum>94987481</checksum>
    </file>
    <file>
      <filename>MF_2story_UB_Furnace_AC1_FuelTankWH.osm</filename>
      <filetype>osm</filetype>
      <usage_type>test</usage_type>
      <checksum>148F84CB</checksum>
    </file>
    <file>
      <filename>SFA_2story_UB_ASHP2_HPWH.osm</filename>
      <filetype>osm</filetype>
      <usage_type>test</usage_type>
      <checksum>51710AA5</checksum>
    </file>
    <file>
      <filename>SFA_2story_UB_FuelBoiler_RoomAC_FuelTankWH.osm</filename>
      <filetype>osm</filetype>
      <usage_type>test</usage_type>
      <checksum>EFDDEB82</checksum>
    </file>
    <file>
      <filename>SFA_2story_UB_Furnace_RoomAC_FuelTankWH.osm</filename>
      <filetype>osm</filetype>
      <usage_type>test</usage_type>
      <checksum>C60BF6F4</checksum>
    </file>
  </files>
</measure>
