<measure>
  <schema_version>3.0</schema_version>
  <name>process_central_system_ptac</name>
  <uid>76aec197-3459-4562-8f74-4741271d9d2f</uid>
  <version_id>ccd62ba3-7e31-4020-a5a2-cdcc2129850b</version_id>
  <version_modified>20190104T195001Z</version_modified>
  <xml_checksum>ED6112BA</xml_checksum>
  <class_name>ProcessCentralSystemPTAC</class_name>
  <display_name>ResidentialHVACCentralSystemPTAC</display_name>
  <description>Adds a central hot water boiler to the model connected to zones through PTAC units.</description>
  <modeler_description>Adds a hot water boiler with variable-speed pump to a single plant loop. Also adds zone hvac packaged terminal air conditioner objects with coil heating water and single-speed coil dx objects to each zone in the model.</modeler_description>
  <arguments>
    <argument>
      <name>central_boiler_fuel_type</name>
      <display_name>Central Boiler Fuel Type</display_name>
      <description>The fuel type of the central boiler used for heating.</description>
      <type>Choice</type>
      <required>true</required>
      <model_dependent>false</model_dependent>
      <default_value>gas</default_value>
      <choices>
        <choice>
          <value>electric</value>
          <display_name>electric</display_name>
        </choice>
        <choice>
          <value>gas</value>
          <display_name>gas</display_name>
        </choice>
        <choice>
          <value>oil</value>
          <display_name>oil</display_name>
        </choice>
        <choice>
          <value>propane</value>
          <display_name>propane</display_name>
        </choice>
      </choices>
    </argument>
  </arguments>
  <outputs/>
  <provenances/>
  <tags>
    <tag>HVAC.Whole System</tag>
  </tags>
  <attributes>
    <attribute>
      <name>Measure Type</name>
      <value>ModelMeasure</value>
      <datatype>string</datatype>
    </attribute>
  </attributes>
  <files>
    <file>
      <filename>process_central_system_ptac_test.rb</filename>
      <filetype>rb</filetype>
      <usage_type>test</usage_type>
      <checksum>D7C5AE26</checksum>
    </file>
    <file>
      <version>
        <software_program>OpenStudio</software_program>
        <identifier>2.4.0</identifier>
        <min_compatible>2.4.0</min_compatible>
      </version>
      <filename>measure.rb</filename>
      <filetype>rb</filetype>
      <usage_type>script</usage_type>
      <checksum>0A6E6932</checksum>
    </file>
  </files>
</measure>
