<measure>
  <schema_version>3.0</schema_version>
  <name>set_residential_window_skylight_area</name>
  <uid>d05f5b32-1ad6-4c3d-964a-0dbd49a7fde8</uid>
  <version_id>a292f7a1-1341-4cd7-9b63-389573afd933</version_id>
  <version_modified>20190103T214700Z</version_modified>
  <xml_checksum>9014E219</xml_checksum>
  <class_name>SetResidentialWindowSkylightArea</class_name>
  <display_name>Set Residential Window/Skylight Area</display_name>
  <description>Sets the window/skylight area for the building. Doors with glazing should be set as window area. Also, sets presence/dimensions of overhangs for windows on the specified building facade(s). See https://github.com/NREL/OpenStudio-BEopt#workflows for supported workflows using this measure.</description>
  <modeler_description>Automatically creates and positions standard residential windows/skylights based on the specified window/skylight area on each building facade. Windows are only added to surfaces between finished space and outside. Any existing windows are removed. Also, creates overhang shading surfaces for windows on the specified building facade(s) and specified depth/offset. Any existing overhang shading surfaces are removed.</modeler_description>
  <arguments>
    <argument>
      <name>front_wwr</name>
      <display_name>Windows: Front Window-to-Wall Ratio</display_name>
      <description>The ratio of window area to wall area for the building's front facade. Enter 0 if specifying Front Window Area instead.</description>
      <type>Double</type>
      <required>true</required>
      <model_dependent>false</model_dependent>
      <default_value>0.18</default_value>
    </argument>
    <argument>
      <name>back_wwr</name>
      <display_name>Back Window-to-Wall Ratio</display_name>
      <description>The ratio of window area to wall area for the building's back facade. Enter 0 if specifying Back Window Area instead.</description>
      <type>Double</type>
      <required>true</required>
      <model_dependent>false</model_dependent>
      <default_value>0.18</default_value>
    </argument>
    <argument>
      <name>left_wwr</name>
      <display_name>Windows: Left Window-to-Wall Ratio</display_name>
      <description>The ratio of window area to wall area for the building's left facade. Enter 0 if specifying Left Window Area instead.</description>
      <type>Double</type>
      <required>true</required>
      <model_dependent>false</model_dependent>
      <default_value>0.18</default_value>
    </argument>
    <argument>
      <name>right_wwr</name>
      <display_name>Windows: Right Window-to-Wall Ratio</display_name>
      <description>The ratio of window area to wall area for the building's right facade. Enter 0 if specifying Right Window Area instead.</description>
      <type>Double</type>
      <required>true</required>
      <model_dependent>false</model_dependent>
      <default_value>0.18</default_value>
    </argument>
    <argument>
      <name>front_window_area</name>
      <display_name>Windows: Front Window Area</display_name>
      <description>The amount of window area on the building's front facade. Enter 0 if specifying Front Window-to-Wall Ratio instead.</description>
      <type>Double</type>
      <required>true</required>
      <model_dependent>false</model_dependent>
      <default_value>0</default_value>
    </argument>
    <argument>
      <name>back_window_area</name>
      <display_name>Windows: Back Window Area</display_name>
      <description>The amount of window area on the building's back facade. Enter 0 if specifying Back Window-to-Wall Ratio instead.</description>
      <type>Double</type>
      <required>true</required>
      <model_dependent>false</model_dependent>
      <default_value>0</default_value>
    </argument>
    <argument>
      <name>left_window_area</name>
      <display_name>Windows: Left Window Area</display_name>
      <description>The amount of window area on the building's left facade. Enter 0 if specifying Left Window-to-Wall Ratio instead.</description>
      <type>Double</type>
      <required>true</required>
      <model_dependent>false</model_dependent>
      <default_value>0</default_value>
    </argument>
    <argument>
      <name>right_window_area</name>
      <display_name>Windows: Right Window Area</display_name>
      <description>The amount of window area on the building's right facade. Enter 0 if specifying Right Window-to-Wall Ratio instead.</description>
      <type>Double</type>
      <required>true</required>
      <model_dependent>false</model_dependent>
      <default_value>0</default_value>
    </argument>
    <argument>
      <name>window_aspect_ratio</name>
      <display_name>Windows: Aspect Ratio</display_name>
      <description>Ratio of window height to width.</description>
      <type>Double</type>
      <required>true</required>
      <model_dependent>false</model_dependent>
      <default_value>1.333</default_value>
    </argument>
    <argument>
      <name>overhang_depth</name>
      <display_name>Overhangs: Depth</display_name>
      <description>Depth of the overhang. The distance from the wall surface in the direction normal to the wall surface.</description>
      <type>Double</type>
      <units>ft</units>
      <required>true</required>
      <model_dependent>false</model_dependent>
      <default_value>2</default_value>
    </argument>
    <argument>
      <name>overhang_offset</name>
      <display_name>Overhangs: Offset</display_name>
      <description>Height of the overhangs above windows, relative to the top of the window framing.</description>
      <type>Double</type>
      <units>ft</units>
      <required>true</required>
      <model_dependent>false</model_dependent>
      <default_value>0.5</default_value>
    </argument>
    <argument>
      <name>overhang_front_facade</name>
      <display_name>Front Facade</display_name>
      <description>Overhangs: Specifies the presence of overhangs for windows on the front facade.</description>
      <type>Boolean</type>
      <required>true</required>
      <model_dependent>false</model_dependent>
      <default_value>true</default_value>
      <choices>
        <choice>
          <value>true</value>
          <display_name>true</display_name>
        </choice>
        <choice>
          <value>false</value>
          <display_name>false</display_name>
        </choice>
      </choices>
    </argument>
    <argument>
      <name>overhang_back_facade</name>
      <display_name>Back Facade</display_name>
      <description>Overhangs: Specifies the presence of overhangs for windows on the back facade.</description>
      <type>Boolean</type>
      <required>true</required>
      <model_dependent>false</model_dependent>
      <default_value>true</default_value>
      <choices>
        <choice>
          <value>true</value>
          <display_name>true</display_name>
        </choice>
        <choice>
          <value>false</value>
          <display_name>false</display_name>
        </choice>
      </choices>
    </argument>
    <argument>
      <name>overhang_left_facade</name>
      <display_name>Left Facade</display_name>
      <description>Overhangs: Specifies the presence of overhangs for windows on the left facade.</description>
      <type>Boolean</type>
      <required>true</required>
      <model_dependent>false</model_dependent>
      <default_value>true</default_value>
      <choices>
        <choice>
          <value>true</value>
          <display_name>true</display_name>
        </choice>
        <choice>
          <value>false</value>
          <display_name>false</display_name>
        </choice>
      </choices>
    </argument>
    <argument>
      <name>overhang_right_facade</name>
      <display_name>Right Facade</display_name>
      <description>Overhangs: Specifies the presence of overhangs for windows on the right facade.</description>
      <type>Boolean</type>
      <required>true</required>
      <model_dependent>false</model_dependent>
      <default_value>true</default_value>
      <choices>
        <choice>
          <value>true</value>
          <display_name>true</display_name>
        </choice>
        <choice>
          <value>false</value>
          <display_name>false</display_name>
        </choice>
      </choices>
    </argument>
    <argument>
      <name>front_skylight_area</name>
      <display_name>Skylights: Front Roof Area</display_name>
      <description>The amount of skylight area on the building's front finished roof facade.</description>
      <type>Double</type>
      <required>true</required>
      <model_dependent>false</model_dependent>
      <default_value>0</default_value>
    </argument>
    <argument>
      <name>back_skylight_area</name>
      <display_name>Skylights: Back Roof Area</display_name>
      <description>The amount of skylight area on the building's back finished roof facade.</description>
      <type>Double</type>
      <required>true</required>
      <model_dependent>false</model_dependent>
      <default_value>0</default_value>
    </argument>
    <argument>
      <name>left_skylight_area</name>
      <display_name>Skylights: Left Roof Area</display_name>
      <description>The amount of skylight area on the building's left finished roof facade.</description>
      <type>Double</type>
      <required>true</required>
      <model_dependent>false</model_dependent>
      <default_value>0</default_value>
    </argument>
    <argument>
      <name>right_skylight_area</name>
      <display_name>Skylights: Right Roof Area</display_name>
      <description>The amount of skylight area on the building's right finished roof facade.</description>
      <type>Double</type>
      <required>true</required>
      <model_dependent>false</model_dependent>
      <default_value>0</default_value>
    </argument>
  </arguments>
  <outputs/>
  <provenances/>
  <tags>
    <tag>Envelope.Fenestration</tag>
  </tags>
  <attributes>
    <attribute>
      <name>Intended Software Tool</name>
      <value>Apply Measure Now</value>
      <datatype>string</datatype>
    </attribute>
    <attribute>
      <name>Intended Software Tool</name>
      <value>OpenStudio Application</value>
      <datatype>string</datatype>
    </attribute>
    <attribute>
      <name>Intended Software Tool</name>
      <value>Parametric Analysis Tool</value>
      <datatype>string</datatype>
    </attribute>
    <attribute>
      <name>Measure Type</name>
      <value>ModelMeasure</value>
      <datatype>string</datatype>
    </attribute>
    <attribute>
      <name>Intended Software Tool</name>
      <value>Apply Measure Now</value>
      <datatype>string</datatype>
    </attribute>
    <attribute>
      <name>Intended Software Tool</name>
      <value>OpenStudio Application</value>
      <datatype>string</datatype>
    </attribute>
    <attribute>
      <name>Intended Software Tool</name>
      <value>Parametric Analysis Tool</value>
      <datatype>string</datatype>
    </attribute>
  </attributes>
  <files>
    <file>
      <filename>WindowSkylightArea_Test.rb</filename>
      <filetype>rb</filetype>
      <usage_type>test</usage_type>
      <checksum>2C4DF3DC</checksum>
    </file>
    <file>
      <version>
        <software_program>OpenStudio</software_program>
        <identifier>1.9.0</identifier>
        <min_compatible>2.0.4</min_compatible>
      </version>
      <filename>measure.rb</filename>
      <filetype>rb</filetype>
      <usage_type>script</usage_type>
      <checksum>A72C09B1</checksum>
    </file>
  </files>
</measure>
