<measure>
  <schema_version>3.0</schema_version>
  <name>residential_hot_water_distribution</name>
  <uid>4615ccb7-3ce5-4627-b7c2-a7fea9c4af87</uid>
  <version_id>76d6352d-67be-422a-8b89-58a20f2af14e</version_id>
  <version_modified>20190103T214700Z</version_modified>
  <xml_checksum>D2231FB9</xml_checksum>
  <class_name>ResidentialHotWaterDistribution</class_name>
  <display_name>Set Residential Hot Water Distribution</display_name>
  <description>Adds a hot water distribution system, including pipes and any recirculation pumps, into the home. This measure must be run after hot water fixtures have been added to the home. For multifamily buildings, the hot water fixtures can be set for all units of the building. See https://github.com/NREL/OpenStudio-BEopt#workflows for supported workflows using this measure.</description>
  <modeler_description>Modifies the existing HotWater:Equipment Objects for showers, sinks, and baths to take into account the additional water drawn due to distribution system inefficiencies. Also adds an internal gain to the space due to heat loss from the pipes and an ElectricEquipment object for the pump if recirculation is included.</modeler_description>
  <arguments>
    <argument>
      <name>pipe_mat</name>
      <display_name>Pipe Material</display_name>
      <description>The plumbing material.</description>
      <type>Choice</type>
      <required>true</required>
      <model_dependent>false</model_dependent>
      <default_value>copper</default_value>
      <choices>
        <choice>
          <value>copper</value>
          <display_name>copper</display_name>
        </choice>
        <choice>
          <value>pex</value>
          <display_name>pex</display_name>
        </choice>
      </choices>
    </argument>
    <argument>
      <name>dist_layout</name>
      <display_name>Distribution system layout</display_name>
      <description>The plumbing layout of the hot water distribution system. Trunk and branch uses a main trunk line to supply various branch take-offs to specific fixtures. In the home run layout, all fixtures are fed from dedicated piping that runs directly from central manifolds.</description>
      <type>Choice</type>
      <required>true</required>
      <model_dependent>false</model_dependent>
      <default_value>trunk and branch</default_value>
      <choices>
        <choice>
          <value>home run</value>
          <display_name>home run</display_name>
        </choice>
        <choice>
          <value>trunk and branch</value>
          <display_name>trunk and branch</display_name>
        </choice>
      </choices>
    </argument>
    <argument>
      <name>space</name>
      <display_name>space</display_name>
      <description>Select the primary space where the DHW distribution system is located.</description>
      <type>Choice</type>
      <required>true</required>
      <model_dependent>false</model_dependent>
      <default_value>interior</default_value>
      <choices>
        <choice>
          <value>interior</value>
          <display_name>interior</display_name>
        </choice>
        <choice>
          <value>exterior</value>
          <display_name>exterior</display_name>
        </choice>
      </choices>
    </argument>
    <argument>
      <name>recirc_type</name>
      <display_name>Recirculation Type</display_name>
      <description>The type of hot water recirculation control, if any. Timer recirculation control assumes 16 hours of daily pump operation from 6am to 10pm. Demand recirculation controls assume push button control at all non-appliance fistures with 100% ideal control.</description>
      <type>Choice</type>
      <required>true</required>
      <model_dependent>false</model_dependent>
      <default_value>none</default_value>
      <choices>
        <choice>
          <value>none</value>
          <display_name>none</display_name>
        </choice>
        <choice>
          <value>timer</value>
          <display_name>timer</display_name>
        </choice>
        <choice>
          <value>demand</value>
          <display_name>demand</display_name>
        </choice>
      </choices>
    </argument>
    <argument>
      <name>dist_ins</name>
      <display_name>Insulation Nominal R-Value</display_name>
      <description>Nominal R-value of the insulation on the DHW distribution system.</description>
      <type>Double</type>
      <units>h-ft^2-R/Btu</units>
      <required>true</required>
      <model_dependent>false</model_dependent>
      <default_value>0</default_value>
    </argument>
  </arguments>
  <outputs/>
  <provenances/>
  <tags>
    <tag>Service Water Heating.Distribution</tag>
  </tags>
  <attributes>
    <attribute>
      <name>Measure Type</name>
      <value>ModelMeasure</value>
      <datatype>string</datatype>
    </attribute>
    <attribute>
      <name>Uses SketchUp API</name>
      <value>false</value>
      <datatype>boolean</datatype>
    </attribute>
  </attributes>
  <files>
    <file>
      <filename>ResidentialHotWaterDistribution_Test.rb</filename>
      <filetype>rb</filetype>
      <usage_type>test</usage_type>
      <checksum>FD1F49C3</checksum>
    </file>
    <file>
      <version>
        <software_program>OpenStudio</software_program>
        <identifier>1.4.1</identifier>
        <min_compatible>2.0.4</min_compatible>
      </version>
      <filename>measure.rb</filename>
      <filetype>rb</filetype>
      <usage_type>script</usage_type>
      <checksum>905F7EEB</checksum>
    </file>
  </files>
</measure>
