<measure>
  <schema_version>3.0</schema_version>
  <name>hpxml_translator</name>
  <uid>b1543b30-9465-45ff-ba04-1d1f85e763bc</uid>
  <version_id>378c3a25-4d9c-4df5-8ba0-b9189a64a36b</version_id>
  <version_modified>20190103T214655Z</version_modified>
  <xml_checksum>D8922A73</xml_checksum>
  <class_name>HPXMLTranslator</class_name>
  <display_name>HPXML Translator</display_name>
  <description>Translates HPXML file to OpenStudio Model</description>
  <modeler_description>TODO</modeler_description>
  <arguments>
    <argument>
      <name>hpxml_path</name>
      <display_name>HPXML File Path</display_name>
      <description>Absolute (or relative) path of the HPXML file.</description>
      <type>String</type>
      <required>true</required>
      <model_dependent>false</model_dependent>
    </argument>
    <argument>
      <name>weather_dir</name>
      <display_name>Weather Directory</display_name>
      <description>Absolute path of the weather directory.</description>
      <type>String</type>
      <required>true</required>
      <model_dependent>false</model_dependent>
    </argument>
    <argument>
      <name>schemas_dir</name>
      <display_name>HPXML Schemas Directory</display_name>
      <description>Absolute path of the hpxml schemas directory.</description>
      <type>String</type>
      <required>false</required>
      <model_dependent>false</model_dependent>
    </argument>
    <argument>
      <name>epw_output_path</name>
      <display_name>EPW Output File Path</display_name>
      <description>Absolute (or relative) path of the output EPW file.</description>
      <type>String</type>
      <required>false</required>
      <model_dependent>false</model_dependent>
    </argument>
    <argument>
      <name>osm_output_path</name>
      <display_name>OSM Output File Path</display_name>
      <description>Absolute (or relative) path of the output OSM file.</description>
      <type>String</type>
      <required>false</required>
      <model_dependent>false</model_dependent>
    </argument>
    <argument>
      <name>skip_validation</name>
      <display_name>Skip HPXML validation</display_name>
      <description>If true, only checks for and reports HPXML validation issues if an error occurs during processing. Used for faster runtime.</description>
      <type>Boolean</type>
      <required>true</required>
      <model_dependent>false</model_dependent>
      <default_value>false</default_value>
      <choices>
        <choice>
          <value>true</value>
          <display_name>true</display_name>
        </choice>
        <choice>
          <value>false</value>
          <display_name>false</display_name>
        </choice>
      </choices>
    </argument>
  </arguments>
  <outputs/>
  <provenances/>
  <tags>
    <tag>Whole Building.Space Types</tag>
  </tags>
  <attributes>
    <attribute>
      <name>Measure Type</name>
      <value>ModelMeasure</value>
      <datatype>string</datatype>
    </attribute>
    <attribute>
      <name>Intended Software Tool</name>
      <value>Apply Measure Now</value>
      <datatype>string</datatype>
    </attribute>
    <attribute>
      <name>Intended Software Tool</name>
      <value>OpenStudio Application</value>
      <datatype>string</datatype>
    </attribute>
    <attribute>
      <name>Intended Software Tool</name>
      <value>Parametric Analysis Tool</value>
      <datatype>string</datatype>
    </attribute>
  </attributes>
  <files>
    <file>
      <filename>ASHRAE622WSF.csv</filename>
      <filetype>csv</filetype>
      <usage_type>resource</usage_type>
      <checksum>308F75BA</checksum>
    </file>
    <file>
      <filename>climate_zones.csv</filename>
      <filetype>csv</filetype>
      <usage_type>resource</usage_type>
      <checksum>63C6A1E2</checksum>
    </file>
    <file>
      <filename>HotWaterBathSchedule_1bed.csv</filename>
      <filetype>csv</filetype>
      <usage_type>resource</usage_type>
      <checksum>2756B8A4</checksum>
    </file>
    <file>
      <filename>HotWaterBathSchedule_2bed.csv</filename>
      <filetype>csv</filetype>
      <usage_type>resource</usage_type>
      <checksum>DD7631E9</checksum>
    </file>
    <file>
      <filename>HotWaterBathSchedule_3bed.csv</filename>
      <filetype>csv</filetype>
      <usage_type>resource</usage_type>
      <checksum>CA94B43E</checksum>
    </file>
    <file>
      <filename>HotWaterBathSchedule_4bed.csv</filename>
      <filetype>csv</filetype>
      <usage_type>resource</usage_type>
      <checksum>5A74968C</checksum>
    </file>
    <file>
      <filename>HotWaterBathSchedule_5bed.csv</filename>
      <filetype>csv</filetype>
      <usage_type>resource</usage_type>
      <checksum>61E873CD</checksum>
    </file>
    <file>
      <filename>HotWaterClothesDryerExhaustSchedule_1bed.csv</filename>
      <filetype>csv</filetype>
      <usage_type>resource</usage_type>
      <checksum>85CDD535</checksum>
    </file>
    <file>
      <filename>HotWaterClothesDryerExhaustSchedule_2bed.csv</filename>
      <filetype>csv</filetype>
      <usage_type>resource</usage_type>
      <checksum>1D475929</checksum>
    </file>
    <file>
      <filename>HotWaterClothesDryerExhaustSchedule_3bed.csv</filename>
      <filetype>csv</filetype>
      <usage_type>resource</usage_type>
      <checksum>A0F57E5A</checksum>
    </file>
    <file>
      <filename>HotWaterClothesDryerExhaustSchedule_4bed.csv</filename>
      <filetype>csv</filetype>
      <usage_type>resource</usage_type>
      <checksum>A893C107</checksum>
    </file>
    <file>
      <filename>HotWaterClothesDryerExhaustSchedule_5bed.csv</filename>
      <filetype>csv</filetype>
      <usage_type>resource</usage_type>
      <checksum>CDC5BFE0</checksum>
    </file>
    <file>
      <filename>HotWaterClothesWasherSchedule_1bed.csv</filename>
      <filetype>csv</filetype>
      <usage_type>resource</usage_type>
      <checksum>78DFDC72</checksum>
    </file>
    <file>
      <filename>HotWaterClothesWasherSchedule_2bed.csv</filename>
      <filetype>csv</filetype>
      <usage_type>resource</usage_type>
      <checksum>3BAFB696</checksum>
    </file>
    <file>
      <filename>HotWaterClothesWasherSchedule_3bed.csv</filename>
      <filetype>csv</filetype>
      <usage_type>resource</usage_type>
      <checksum>9289E6F2</checksum>
    </file>
    <file>
      <filename>HotWaterClothesWasherSchedule_4bed.csv</filename>
      <filetype>csv</filetype>
      <usage_type>resource</usage_type>
      <checksum>268D812A</checksum>
    </file>
    <file>
      <filename>HotWaterClothesWasherSchedule_5bed.csv</filename>
      <filetype>csv</filetype>
      <usage_type>resource</usage_type>
      <checksum>5109687D</checksum>
    </file>
    <file>
      <filename>HotWaterDishwasherSchedule_1bed.csv</filename>
      <filetype>csv</filetype>
      <usage_type>resource</usage_type>
      <checksum>736F23BC</checksum>
    </file>
    <file>
      <filename>HotWaterDishwasherSchedule_2bed.csv</filename>
      <filetype>csv</filetype>
      <usage_type>resource</usage_type>
      <checksum>ADCCC080</checksum>
    </file>
    <file>
      <filename>HotWaterDishwasherSchedule_3bed.csv</filename>
      <filetype>csv</filetype>
      <usage_type>resource</usage_type>
      <checksum>54BA8BB0</checksum>
    </file>
    <file>
      <filename>HotWaterDishwasherSchedule_4bed.csv</filename>
      <filetype>csv</filetype>
      <usage_type>resource</usage_type>
      <checksum>F34BF3A8</checksum>
    </file>
    <file>
      <filename>HotWaterDishwasherSchedule_5bed.csv</filename>
      <filetype>csv</filetype>
      <usage_type>resource</usage_type>
      <checksum>DAF9D44B</checksum>
    </file>
    <file>
      <filename>HotWaterMinuteDrawProfilesMaxFlows.csv</filename>
      <filetype>csv</filetype>
      <usage_type>resource</usage_type>
      <checksum>0E1048A3</checksum>
    </file>
    <file>
      <filename>HotWaterShowerSchedule_1bed.csv</filename>
      <filetype>csv</filetype>
      <usage_type>resource</usage_type>
      <checksum>9222E591</checksum>
    </file>
    <file>
      <filename>HotWaterShowerSchedule_2bed.csv</filename>
      <filetype>csv</filetype>
      <usage_type>resource</usage_type>
      <checksum>4A282B1D</checksum>
    </file>
    <file>
      <filename>HotWaterShowerSchedule_3bed.csv</filename>
      <filetype>csv</filetype>
      <usage_type>resource</usage_type>
      <checksum>57187E02</checksum>
    </file>
    <file>
      <filename>HotWaterShowerSchedule_4bed.csv</filename>
      <filetype>csv</filetype>
      <usage_type>resource</usage_type>
      <checksum>63D51C5E</checksum>
    </file>
    <file>
      <filename>HotWaterShowerSchedule_5bed.csv</filename>
      <filetype>csv</filetype>
      <usage_type>resource</usage_type>
      <checksum>248E17B8</checksum>
    </file>
    <file>
      <filename>HotWaterSinkSchedule_1bed.csv</filename>
      <filetype>csv</filetype>
      <usage_type>resource</usage_type>
      <checksum>162386DA</checksum>
    </file>
    <file>
      <filename>HotWaterSinkSchedule_2bed.csv</filename>
      <filetype>csv</filetype>
      <usage_type>resource</usage_type>
      <checksum>ADC2C5DD</checksum>
    </file>
    <file>
      <filename>HotWaterSinkSchedule_3bed.csv</filename>
      <filetype>csv</filetype>
      <usage_type>resource</usage_type>
      <checksum>6828ECEE</checksum>
    </file>
    <file>
      <filename>HotWaterSinkSchedule_4bed.csv</filename>
      <filetype>csv</filetype>
      <usage_type>resource</usage_type>
      <checksum>E6D39D36</checksum>
    </file>
    <file>
      <filename>HotWaterSinkSchedule_5bed.csv</filename>
      <filetype>csv</filetype>
      <usage_type>resource</usage_type>
      <checksum>35E27F20</checksum>
    </file>
    <file>
      <filename>pv.rb</filename>
      <filetype>rb</filetype>
      <usage_type>resource</usage_type>
      <checksum>2CE2612C</checksum>
    </file>
    <file>
      <filename>simulation.rb</filename>
      <filetype>rb</filetype>
      <usage_type>resource</usage_type>
      <checksum>2C55EDCD</checksum>
    </file>
    <file>
      <filename>README.md</filename>
      <filetype>md</filetype>
      <usage_type>readme</usage_type>
      <checksum>0BE6D0F6</checksum>
    </file>
    <file>
      <filename>meta_measure.rb</filename>
      <filetype>rb</filetype>
      <usage_type>resource</usage_type>
      <checksum>CABAAEC4</checksum>
    </file>
    <file>
      <filename>lighting.rb</filename>
      <filetype>rb</filetype>
      <usage_type>resource</usage_type>
      <checksum>E68ACA4A</checksum>
    </file>
    <file>
      <filename>misc_loads.rb</filename>
      <filetype>rb</filetype>
      <usage_type>resource</usage_type>
      <checksum>F8B2D4D1</checksum>
    </file>
    <file>
      <filename>hotwater_appliances.rb</filename>
      <filetype>rb</filetype>
      <usage_type>resource</usage_type>
      <checksum>3618DADC</checksum>
    </file>
    <file>
      <filename>location.rb</filename>
      <filetype>rb</filetype>
      <usage_type>resource</usage_type>
      <checksum>07B0E841</checksum>
    </file>
    <file>
      <filename>weather.rb</filename>
      <filetype>rb</filetype>
      <usage_type>resource</usage_type>
      <checksum>A452A666</checksum>
    </file>
    <file>
      <filename>util.rb</filename>
      <filetype>rb</filetype>
      <usage_type>resource</usage_type>
      <checksum>296CE1A7</checksum>
    </file>
    <file>
      <filename>psychrometrics.rb</filename>
      <filetype>rb</filetype>
      <usage_type>resource</usage_type>
      <checksum>1CCE0009</checksum>
    </file>
    <file>
      <filename>constructions.rb</filename>
      <filetype>rb</filetype>
      <usage_type>resource</usage_type>
      <checksum>70601528</checksum>
    </file>
    <file>
      <filename>geometry.rb</filename>
      <filetype>rb</filetype>
      <usage_type>resource</usage_type>
      <checksum>4FC357C6</checksum>
    </file>
    <file>
      <filename>materials.rb</filename>
      <filetype>rb</filetype>
      <usage_type>resource</usage_type>
      <checksum>E93964BE</checksum>
    </file>
    <file>
      <filename>invalid-bad-wmo.xml</filename>
      <filetype>xml</filetype>
      <usage_type>test</usage_type>
      <checksum>265964ED</checksum>
    </file>
    <file>
      <filename>invalid-missing-elements.xml</filename>
      <filetype>xml</filetype>
      <usage_type>test</usage_type>
      <checksum>AD7332EC</checksum>
    </file>
    <file>
      <filename>valid-addenda-exclude-g-e-a.xml</filename>
      <filetype>xml</filetype>
      <usage_type>test</usage_type>
      <checksum>69FAD4BD</checksum>
    </file>
    <file>
      <filename>valid-addenda-exclude-g-e.xml</filename>
      <filetype>xml</filetype>
      <usage_type>test</usage_type>
      <checksum>045876A2</checksum>
    </file>
    <file>
      <filename>valid-addenda-exclude-g.xml</filename>
      <filetype>xml</filetype>
      <usage_type>test</usage_type>
      <checksum>1EB35C03</checksum>
    </file>
    <file>
      <filename>valid-appliances-dishwasher-ef.xml</filename>
      <filetype>xml</filetype>
      <usage_type>test</usage_type>
      <checksum>8DA5AF19</checksum>
    </file>
    <file>
      <filename>valid-appliances-dryer-cef.xml</filename>
      <filetype>xml</filetype>
      <usage_type>test</usage_type>
      <checksum>B2278AC5</checksum>
    </file>
    <file>
      <filename>valid-appliances-gas.xml</filename>
      <filetype>xml</filetype>
      <usage_type>test</usage_type>
      <checksum>72E9B233</checksum>
    </file>
    <file>
      <filename>valid-appliances-reference-elec.xml</filename>
      <filetype>xml</filetype>
      <usage_type>test</usage_type>
      <checksum>2B2F9930</checksum>
    </file>
    <file>
      <filename>valid-appliances-reference-gas.xml</filename>
      <filetype>xml</filetype>
      <usage_type>test</usage_type>
      <checksum>7E5FABCF</checksum>
    </file>
    <file>
      <filename>valid-appliances-washer-imef.xml</filename>
      <filetype>xml</filetype>
      <usage_type>test</usage_type>
      <checksum>003C92B2</checksum>
    </file>
    <file>
      <filename>valid-dhw-dwhr.xml</filename>
      <filetype>xml</filetype>
      <usage_type>test</usage_type>
      <checksum>B208C5BD</checksum>
    </file>
    <file>
      <filename>valid-dhw-location-attic.xml</filename>
      <filetype>xml</filetype>
      <usage_type>test</usage_type>
      <checksum>3BD4B98E</checksum>
    </file>
    <file>
      <filename>valid-dhw-low-flow-fixtures.xml</filename>
      <filetype>xml</filetype>
      <usage_type>test</usage_type>
      <checksum>4A213CFC</checksum>
    </file>
    <file>
      <filename>valid-dhw-none.xml</filename>
      <filetype>xml</filetype>
      <usage_type>test</usage_type>
      <checksum>B2AA5F11</checksum>
    </file>
    <file>
      <filename>valid-dhw-recirc-demand.xml</filename>
      <filetype>xml</filetype>
      <usage_type>test</usage_type>
      <checksum>CF45BBFF</checksum>
    </file>
    <file>
      <filename>valid-dhw-recirc-manual.xml</filename>
      <filetype>xml</filetype>
      <usage_type>test</usage_type>
      <checksum>D0AAAE4B</checksum>
    </file>
    <file>
      <filename>valid-dhw-recirc-nocontrol.xml</filename>
      <filetype>xml</filetype>
      <usage_type>test</usage_type>
      <checksum>C6950D18</checksum>
    </file>
    <file>
      <filename>valid-dhw-recirc-temperature.xml</filename>
      <filetype>xml</filetype>
      <usage_type>test</usage_type>
      <checksum>5F294684</checksum>
    </file>
    <file>
      <filename>valid-dhw-recirc-timer.xml</filename>
      <filetype>xml</filetype>
      <usage_type>test</usage_type>
      <checksum>2D7492D3</checksum>
    </file>
    <file>
      <filename>valid-dhw-tank-gas.xml</filename>
      <filetype>xml</filetype>
      <usage_type>test</usage_type>
      <checksum>F0563585</checksum>
    </file>
    <file>
      <filename>valid-dhw-tank-heat-pump.xml</filename>
      <filetype>xml</filetype>
      <usage_type>test</usage_type>
      <checksum>2234B8F4</checksum>
    </file>
    <file>
      <filename>valid-dhw-tankless-electric.xml</filename>
      <filetype>xml</filetype>
      <usage_type>test</usage_type>
      <checksum>603BE5AB</checksum>
    </file>
    <file>
      <filename>valid-dhw-tankless-gas.xml</filename>
      <filetype>xml</filetype>
      <usage_type>test</usage_type>
      <checksum>699FA411</checksum>
    </file>
    <file>
      <filename>valid-dhw-uef.xml</filename>
      <filetype>xml</filetype>
      <usage_type>test</usage_type>
      <checksum>33FFD4E0</checksum>
    </file>
    <file>
      <filename>valid-enclosure-orientation-45.xml</filename>
      <filetype>xml</filetype>
      <usage_type>test</usage_type>
      <checksum>F1995DAD</checksum>
    </file>
    <file>
      <filename>valid-enclosure-skylights.xml</filename>
      <filetype>xml</filetype>
      <usage_type>test</usage_type>
      <checksum>2102C46D</checksum>
    </file>
    <file>
      <filename>valid-foundation-pier-beam.xml</filename>
      <filetype>xml</filetype>
      <usage_type>test</usage_type>
      <checksum>DD466D5F</checksum>
    </file>
    <file>
      <filename>valid-foundation-unconditioned-basement.xml</filename>
      <filetype>xml</filetype>
      <usage_type>test</usage_type>
      <checksum>39CB5D19</checksum>
    </file>
    <file>
      <filename>valid-foundation-vented-crawlspace.xml</filename>
      <filetype>xml</filetype>
      <usage_type>test</usage_type>
      <checksum>BDFD5C73</checksum>
    </file>
    <file>
      <filename>valid-hvac-boiler-elec-only.xml</filename>
      <filetype>xml</filetype>
      <usage_type>test</usage_type>
      <checksum>19156B49</checksum>
    </file>
    <file>
      <filename>valid-hvac-boiler-gas-only.xml</filename>
      <filetype>xml</filetype>
      <usage_type>test</usage_type>
      <checksum>3489A478</checksum>
    </file>
    <file>
      <filename>valid-hvac-elec-resistance-only.xml</filename>
      <filetype>xml</filetype>
      <usage_type>test</usage_type>
      <checksum>9D38CCB3</checksum>
    </file>
    <file>
      <filename>valid-hvac-furnace-elec-only.xml</filename>
      <filetype>xml</filetype>
      <usage_type>test</usage_type>
      <checksum>44F82087</checksum>
    </file>
    <file>
      <filename>valid-hvac-furnace-gas-only.xml</filename>
      <filetype>xml</filetype>
      <usage_type>test</usage_type>
      <checksum>90A41928</checksum>
    </file>
    <file>
      <filename>valid-hvac-ground-to-air-heat-pump.xml</filename>
      <filetype>xml</filetype>
      <usage_type>test</usage_type>
      <checksum>739244FF</checksum>
    </file>
    <file>
      <filename>valid-hvac-none-no-fuel-access.xml</filename>
      <filetype>xml</filetype>
      <usage_type>test</usage_type>
      <checksum>627C41B9</checksum>
    </file>
    <file>
      <filename>valid-hvac-none.xml</filename>
      <filetype>xml</filetype>
      <usage_type>test</usage_type>
      <checksum>C41CA262</checksum>
    </file>
    <file>
      <filename>valid-hvac-programmable-thermostat.xml</filename>
      <filetype>xml</filetype>
      <usage_type>test</usage_type>
      <checksum>DB0804D8</checksum>
    </file>
    <file>
      <filename>valid-hvac-room-ac-only.xml</filename>
      <filetype>xml</filetype>
      <usage_type>test</usage_type>
      <checksum>0B950F62</checksum>
    </file>
    <file>
      <filename>valid-hvac-stove-oil-only.xml</filename>
      <filetype>xml</filetype>
      <usage_type>test</usage_type>
      <checksum>E5749D80</checksum>
    </file>
    <file>
      <filename>valid-hvac-wall-furnace-propane-only.xml</filename>
      <filetype>xml</filetype>
      <usage_type>test</usage_type>
      <checksum>07DA190A</checksum>
    </file>
    <file>
      <filename>valid-mechvent-balanced.xml</filename>
      <filetype>xml</filetype>
      <usage_type>test</usage_type>
      <checksum>FB74B3FE</checksum>
    </file>
    <file>
      <filename>valid-mechvent-erv.xml</filename>
      <filetype>xml</filetype>
      <usage_type>test</usage_type>
      <checksum>B5238958</checksum>
    </file>
    <file>
      <filename>valid-mechvent-exhaust.xml</filename>
      <filetype>xml</filetype>
      <usage_type>test</usage_type>
      <checksum>88C22EE2</checksum>
    </file>
    <file>
      <filename>valid-mechvent-hrv.xml</filename>
      <filetype>xml</filetype>
      <usage_type>test</usage_type>
      <checksum>66DDDABF</checksum>
    </file>
    <file>
      <filename>valid-mechvent-supply.xml</filename>
      <filetype>xml</filetype>
      <usage_type>test</usage_type>
      <checksum>CD7CCA13</checksum>
    </file>
    <file>
      <filename>valid-pv-array-1axis-backtracked.xml</filename>
      <filetype>xml</filetype>
      <usage_type>test</usage_type>
      <checksum>5B62C15C</checksum>
    </file>
    <file>
      <filename>valid-pv-array-1axis.xml</filename>
      <filetype>xml</filetype>
      <usage_type>test</usage_type>
      <checksum>10BCAC15</checksum>
    </file>
    <file>
      <filename>valid-pv-array-2axis.xml</filename>
      <filetype>xml</filetype>
      <usage_type>test</usage_type>
      <checksum>56080E50</checksum>
    </file>
    <file>
      <filename>valid-pv-array-fixed-open-rack.xml</filename>
      <filetype>xml</filetype>
      <usage_type>test</usage_type>
      <checksum>10BCAC15</checksum>
    </file>
    <file>
      <filename>valid-pv-module-premium.xml</filename>
      <filetype>xml</filetype>
      <usage_type>test</usage_type>
      <checksum>231011A3</checksum>
    </file>
    <file>
      <filename>valid-pv-module-standard.xml</filename>
      <filetype>xml</filetype>
      <usage_type>test</usage_type>
      <checksum>BA66F2EE</checksum>
    </file>
    <file>
      <filename>valid-pv-module-thinfilm.xml.skip</filename>
      <filetype>skip</filetype>
      <usage_type>test</usage_type>
      <checksum>86E24C34</checksum>
    </file>
    <file>
      <filename>valid-pv-multiple.xml</filename>
      <filetype>xml</filetype>
      <usage_type>test</usage_type>
      <checksum>B585095A</checksum>
    </file>
    <file>
      <filename>valid.xml</filename>
      <filetype>xml</filetype>
      <usage_type>test</usage_type>
      <checksum>F4BF66AC</checksum>
    </file>
    <file>
      <filename>valid-foundation-unvented-crawlspace.xml</filename>
      <filetype>xml</filetype>
      <usage_type>test</usage_type>
      <checksum>913FF126</checksum>
    </file>
    <file>
      <filename>valid-misc-ceiling-fans.xml</filename>
      <filetype>xml</filetype>
      <usage_type>test</usage_type>
      <checksum>C47C1B30</checksum>
    </file>
    <file>
      <filename>valid-enclosure-multiple-walls.xml</filename>
      <filetype>xml</filetype>
      <usage_type>test</usage_type>
      <checksum>1A2E64CB</checksum>
    </file>
    <file>
      <filename>valid-enclosure-overhangs.xml</filename>
      <filetype>xml</filetype>
      <usage_type>test</usage_type>
      <checksum>D53F2935</checksum>
    </file>
    <file>
      <filename>valid-mechvent-cfis.xml</filename>
      <filetype>xml</filetype>
      <usage_type>test</usage_type>
      <checksum>B9D7C30D</checksum>
    </file>
    <file>
      <filename>unit_conversions.rb</filename>
      <filetype>rb</filetype>
      <usage_type>resource</usage_type>
      <checksum>0D6EF570</checksum>
    </file>
    <file>
      <filename>xmlhelper.rb</filename>
      <filetype>rb</filetype>
      <usage_type>resource</usage_type>
      <checksum>68D33D7E</checksum>
    </file>
    <file>
      <filename>valid-enclosure-walltype-cmu.xml</filename>
      <filetype>xml</filetype>
      <usage_type>test</usage_type>
      <checksum>9F1C469C</checksum>
    </file>
    <file>
      <filename>valid-enclosure-walltype-doublestud.xml</filename>
      <filetype>xml</filetype>
      <usage_type>test</usage_type>
      <checksum>BEA050A9</checksum>
    </file>
    <file>
      <filename>valid-enclosure-walltype-icf.xml</filename>
      <filetype>xml</filetype>
      <usage_type>test</usage_type>
      <checksum>F7F7CF84</checksum>
    </file>
    <file>
      <filename>valid-enclosure-walltype-log.xml</filename>
      <filetype>xml</filetype>
      <usage_type>test</usage_type>
      <checksum>AB877C23</checksum>
    </file>
    <file>
      <filename>valid-enclosure-walltype-sip.xml</filename>
      <filetype>xml</filetype>
      <usage_type>test</usage_type>
      <checksum>363A4C9F</checksum>
    </file>
    <file>
      <filename>valid-enclosure-walltype-solidconcrete.xml</filename>
      <filetype>xml</filetype>
      <usage_type>test</usage_type>
      <checksum>D2BFEEA2</checksum>
    </file>
    <file>
      <filename>valid-enclosure-walltype-steelstud.xml</filename>
      <filetype>xml</filetype>
      <usage_type>test</usage_type>
      <checksum>2547F649</checksum>
    </file>
    <file>
      <filename>valid-enclosure-walltype-stone.xml</filename>
      <filetype>xml</filetype>
      <usage_type>test</usage_type>
      <checksum>1AD09362</checksum>
    </file>
    <file>
      <filename>valid-enclosure-walltype-strawbale.xml</filename>
      <filetype>xml</filetype>
      <usage_type>test</usage_type>
      <checksum>54FA4FCE</checksum>
    </file>
    <file>
      <filename>valid-enclosure-walltype-structuralbrick.xml</filename>
      <filetype>xml</filetype>
      <usage_type>test</usage_type>
      <checksum>2187B830</checksum>
    </file>
    <file>
      <filename>valid-hvac-boiler-gas-only-no-eae.xml</filename>
      <filetype>xml</filetype>
      <usage_type>test</usage_type>
      <checksum>87E5B684</checksum>
    </file>
    <file>
      <filename>valid-hvac-furnace-gas-only-no-eae.xml</filename>
      <filetype>xml</filetype>
      <usage_type>test</usage_type>
      <checksum>01354D54</checksum>
    </file>
    <file>
      <filename>valid-hvac-stove-oil-only-no-eae.xml</filename>
      <filetype>xml</filetype>
      <usage_type>test</usage_type>
      <checksum>3553927D</checksum>
    </file>
    <file>
      <filename>valid-hvac-wall-furnace-propane-only-no-eae.xml</filename>
      <filetype>xml</filetype>
      <usage_type>test</usage_type>
      <checksum>2FE3EA66</checksum>
    </file>
    <file>
      <filename>hvac_sizing.rb</filename>
      <filetype>rb</filetype>
      <usage_type>resource</usage_type>
      <checksum>7C35233E</checksum>
    </file>
    <file>
      <filename>airflow.rb</filename>
      <filetype>rb</filetype>
      <usage_type>resource</usage_type>
      <checksum>B5E50627</checksum>
    </file>
    <file>
      <filename>hvac.rb</filename>
      <filetype>rb</filetype>
      <usage_type>resource</usage_type>
      <checksum>F588034C</checksum>
    </file>
    <file>
      <filename>EPvalidator.rb</filename>
      <filetype>rb</filetype>
      <usage_type>resource</usage_type>
      <checksum>C08C659D</checksum>
    </file>
    <file>
      <filename>hpxml_translator_test.rb</filename>
      <filetype>rb</filetype>
      <usage_type>test</usage_type>
      <checksum>6972ACB3</checksum>
    </file>
    <file>
      <version>
        <software_program>OpenStudio</software_program>
        <identifier>2.1.1</identifier>
        <min_compatible>2.1.1</min_compatible>
      </version>
      <filename>measure.rb</filename>
      <filetype>rb</filetype>
      <usage_type>script</usage_type>
      <checksum>FC447E95</checksum>
    </file>
    <file>
      <filename>valid-foundation-slab.xml</filename>
      <filetype>xml</filetype>
      <usage_type>test</usage_type>
      <checksum>D1EECC16</checksum>
    </file>
    <file>
      <filename>valid-hvac-air-to-air-heat-pump-1-speed.xml</filename>
      <filetype>xml</filetype>
      <usage_type>test</usage_type>
      <checksum>1BF301F7</checksum>
    </file>
    <file>
      <filename>valid-hvac-air-to-air-heat-pump-2-speed.xml</filename>
      <filetype>xml</filetype>
      <usage_type>test</usage_type>
      <checksum>A5CCFD2F</checksum>
    </file>
    <file>
      <filename>valid-hvac-air-to-air-heat-pump-var-speed.xml</filename>
      <filetype>xml</filetype>
      <usage_type>test</usage_type>
      <checksum>3EA08981</checksum>
    </file>
    <file>
      <filename>valid-hvac-central-ac-only-1-speed.xml</filename>
      <filetype>xml</filetype>
      <usage_type>test</usage_type>
      <checksum>13D948DA</checksum>
    </file>
    <file>
      <filename>valid-hvac-central-ac-only-2-speed.xml</filename>
      <filetype>xml</filetype>
      <usage_type>test</usage_type>
      <checksum>0499855D</checksum>
    </file>
    <file>
      <filename>valid-hvac-central-ac-only-var-speed.xml</filename>
      <filetype>xml</filetype>
      <usage_type>test</usage_type>
      <checksum>AE71700D</checksum>
    </file>
    <file>
      <filename>valid-hvac-furnace-gas-central-ac-2-speed.xml</filename>
      <filetype>xml</filetype>
      <usage_type>test</usage_type>
      <checksum>E3FFAB2B</checksum>
    </file>
    <file>
      <filename>valid-hvac-furnace-gas-central-ac-var-speed.xml</filename>
      <filetype>xml</filetype>
      <usage_type>test</usage_type>
      <checksum>49175E7B</checksum>
    </file>
    <file>
      <filename>valid-hvac-furnace-gas-room-ac.xml</filename>
      <filetype>xml</filetype>
      <usage_type>test</usage_type>
      <checksum>088FCB9B</checksum>
    </file>
    <file>
      <filename>valid-hvac-mini-split-heat-pump-ducted.xml</filename>
      <filetype>xml</filetype>
      <usage_type>test</usage_type>
      <checksum>A1D6ED92</checksum>
    </file>
    <file>
      <filename>valid-hvac-mini-split-heat-pump-ductless.xml</filename>
      <filetype>xml</filetype>
      <usage_type>test</usage_type>
      <checksum>6D6E749D</checksum>
    </file>
    <file>
      <filename>appliances.rb</filename>
      <filetype>rb</filetype>
      <usage_type>resource</usage_type>
      <checksum>E0BCAF0B</checksum>
    </file>
    <file>
      <filename>waterheater.rb</filename>
      <filetype>rb</filetype>
      <usage_type>resource</usage_type>
      <checksum>0975F889</checksum>
    </file>
    <file>
      <filename>schedules.rb</filename>
      <filetype>rb</filetype>
      <usage_type>resource</usage_type>
      <checksum>D24EB32C</checksum>
    </file>
    <file>
      <filename>constants.rb</filename>
      <filetype>rb</filetype>
      <usage_type>resource</usage_type>
      <checksum>CA5F7807</checksum>
    </file>
  </files>
</measure>
