<measure>
  <schema_version>3.0</schema_version>
  <name>process_constructions_walls_exterior_thermal_mass</name>
  <uid>b2da04af-0f9f-4a30-b2a0-cc2dbc20d5aa</uid>
  <version_id>9af79c48-5baf-4656-a1b6-0247904f2313</version_id>
  <version_modified>20170731T151912Z</version_modified>
  <xml_checksum>5091078B</xml_checksum>
  <class_name>ProcessConstructionsWallsExteriorThermalMass</class_name>
  <display_name>Set Residential Walls - Exterior Thermal Mass</display_name>
  <description>This measure assigns wall mass to above-grade exterior walls adjacent to finished space. See https://github.com/NREL/OpenStudio-BEopt#workflows for supported workflows using this measure.</description>
  <modeler_description>Assigns material layer properties for above-grade walls between finished space and outside.</modeler_description>
  <arguments>
    <argument>
      <name>surface</name>
      <display_name>Surface(s)</display_name>
      <description>Select the surface(s) to assign constructions.</description>
      <type>Choice</type>
      <required>false</required>
      <model_dependent>false</model_dependent>
      <default_value>auto</default_value>
      <choices>
        <choice>
          <value>auto</value>
          <display_name>auto</display_name>
        </choice>
      </choices>
    </argument>
    <argument>
      <name>thick_in1</name>
      <display_name>Thickness 1</display_name>
      <description>Thickness of the layer.</description>
      <type>Double</type>
      <units>in</units>
      <required>true</required>
      <model_dependent>false</model_dependent>
      <default_value>0.5</default_value>
    </argument>
    <argument>
      <name>thick_in2</name>
      <display_name>Thickness 2</display_name>
      <description>Thickness of the second layer. Leave blank if no second layer.</description>
      <type>Double</type>
      <units>in</units>
      <required>false</required>
      <model_dependent>false</model_dependent>
    </argument>
    <argument>
      <name>cond1</name>
      <display_name>Conductivity 1</display_name>
      <description>Conductivity of the layer.</description>
      <type>Double</type>
      <units>Btu-in/h-ft^2-R</units>
      <required>true</required>
      <model_dependent>false</model_dependent>
      <default_value>1.1112</default_value>
    </argument>
    <argument>
      <name>cond2</name>
      <display_name>Conductivity 2</display_name>
      <description>Conductivity of the second layer. Leave blank if no second layer.</description>
      <type>Double</type>
      <units>Btu-in/h-ft^2-R</units>
      <required>false</required>
      <model_dependent>false</model_dependent>
    </argument>
    <argument>
      <name>dens1</name>
      <display_name>Density 1</display_name>
      <description>Density of the layer.</description>
      <type>Double</type>
      <units>lb/ft^3</units>
      <required>true</required>
      <model_dependent>false</model_dependent>
      <default_value>50</default_value>
    </argument>
    <argument>
      <name>dens2</name>
      <display_name>Density 2</display_name>
      <description>Density of the second layer. Leave blank if no second layer.</description>
      <type>Double</type>
      <units>lb/ft^3</units>
      <required>false</required>
      <model_dependent>false</model_dependent>
    </argument>
    <argument>
      <name>specheat1</name>
      <display_name>Specific Heat 1</display_name>
      <description>Specific heat of the layer.</description>
      <type>Double</type>
      <units>Btu/lb-R</units>
      <required>true</required>
      <model_dependent>false</model_dependent>
      <default_value>0.2</default_value>
    </argument>
    <argument>
      <name>specheat2</name>
      <display_name>Specific Heat 2</display_name>
      <description>Specific heat of the second layer. Leave blank if no second layer.</description>
      <type>Double</type>
      <units>Btu/lb-R</units>
      <required>false</required>
      <model_dependent>false</model_dependent>
    </argument>
  </arguments>
  <outputs/>
  <provenances/>
  <tags>
    <tag>Envelope.Opaque</tag>
  </tags>
  <attributes>
    <attribute>
      <name>Uses SketchUp API</name>
      <value>false</value>
      <datatype>boolean</datatype>
    </attribute>
    <attribute>
      <name>Measure Type</name>
      <value>ModelMeasure</value>
      <datatype>string</datatype>
    </attribute>
  </attributes>
  <files>
    <file>
      <filename>WallsExteriorThermalMass_Test.rb</filename>
      <filetype>rb</filetype>
      <usage_type>test</usage_type>
      <checksum>CEB01EFD</checksum>
    </file>
    <file>
      <filename>geometry.rb</filename>
      <filetype>rb</filetype>
      <usage_type>resource</usage_type>
      <checksum>20190C86</checksum>
    </file>
    <file>
      <filename>util.rb</filename>
      <filetype>rb</filetype>
      <usage_type>resource</usage_type>
      <checksum>64BC6389</checksum>
    </file>
    <file>
      <version>
        <software_program>OpenStudio</software_program>
        <identifier>1.4.0</identifier>
        <min_compatible>2.0.4</min_compatible>
      </version>
      <filename>measure.rb</filename>
      <filetype>rb</filetype>
      <usage_type>script</usage_type>
      <checksum>65048F36</checksum>
    </file>
    <file>
      <filename>constants.rb</filename>
      <filetype>rb</filetype>
      <usage_type>resource</usage_type>
      <checksum>B34275B6</checksum>
    </file>
    <file>
      <filename>SFD_2000sqft_2story_SL_UA_AllLayersButWallThermalMass_CeilingIns.osm</filename>
      <filetype>osm</filetype>
      <usage_type>test</usage_type>
      <checksum>95CD1938</checksum>
    </file>
    <file>
      <filename>SFD_2000sqft_2story_SL_UA_CeilingIns.osm</filename>
      <filetype>osm</filetype>
      <usage_type>test</usage_type>
      <checksum>61D570ED</checksum>
    </file>
  </files>
</measure>
