<measure>
  <schema_version>3.0</schema_version>
  <name>residential_airflow</name>
  <uid>7d2adf5c-9995-49be-b662-a23d2452bb36</uid>
  <version_id>ecce88f6-8c48-4067-be64-915fcda41108</version_id>
  <version_modified>20181113T060857Z</version_modified>
  <xml_checksum>19EEDBBB</xml_checksum>
  <class_name>ResidentialAirflow</class_name>
  <display_name>Set Residential Airflow</display_name>
  <description>Adds (or replaces) all building components related to airflow: infiltration, mechanical ventilation, natural ventilation, and ducts. See https://github.com/NREL/OpenStudio-BEopt#workflows for supported workflows using this measure.</description>
  <modeler_description>Uses EMS to model the building airflow.</modeler_description>
  <arguments>
    <argument>
      <name>living_ach50</name>
      <display_name>Air Leakage: Above-Grade Living ACH50</display_name>
      <description>Air exchange rate, in Air Changes per Hour at 50 Pascals (ACH50), for above-grade living space (including finished attic).</description>
      <type>Double</type>
      <units>1/hr</units>
      <required>true</required>
      <model_dependent>false</model_dependent>
      <default_value>7</default_value>
    </argument>
    <argument>
      <name>garage_ach50</name>
      <display_name>Air Leakage: Garage ACH50</display_name>
      <description>Air exchange rate, in Air Changes per Hour at 50 Pascals (ACH50), for the garage.</description>
      <type>Double</type>
      <units>1/hr</units>
      <required>true</required>
      <model_dependent>false</model_dependent>
      <default_value>7</default_value>
    </argument>
    <argument>
      <name>finished_basement_ach</name>
      <display_name>Air Leakage: Finished Basement Constant ACH</display_name>
      <description>Constant air exchange rate, in Air Changes per Hour (ACH), for the finished basement.</description>
      <type>Double</type>
      <units>1/hr</units>
      <required>true</required>
      <model_dependent>false</model_dependent>
      <default_value>0</default_value>
    </argument>
    <argument>
      <name>unfinished_basement_ach</name>
      <display_name>Air Leakage: Unfinished Basement Constant ACH</display_name>
      <description>Constant air exchange rate, in Air Changes per Hour (ACH), for the unfinished basement. A value of 0.10 ACH or greater is recommended for modeling Heat Pump Water Heaters in unfinished basements.</description>
      <type>Double</type>
      <units>1/hr</units>
      <required>true</required>
      <model_dependent>false</model_dependent>
      <default_value>0.1</default_value>
    </argument>
    <argument>
      <name>crawl_ach</name>
      <display_name>Air Leakage: Crawlspace Constant ACH</display_name>
      <description>Air exchange rate, in Air Changes per Hour at 50 Pascals (ACH50), for the crawlspace.</description>
      <type>Double</type>
      <units>1/hr</units>
      <required>true</required>
      <model_dependent>false</model_dependent>
      <default_value>0</default_value>
    </argument>
    <argument>
      <name>pier_beam_ach</name>
      <display_name>Air Leakage: Pier &amp; Beam Constant ACH</display_name>
      <description>Air exchange rate, in Air Changes per Hour at 50 Pascals (ACH50), for the pier &amp; beam foundation.</description>
      <type>Double</type>
      <units>1/hr</units>
      <required>true</required>
      <model_dependent>false</model_dependent>
      <default_value>100</default_value>
    </argument>
    <argument>
      <name>unfinished_attic_sla</name>
      <display_name>Air Leakage: Unfinished Attic SLA</display_name>
      <description>Ratio of the effective leakage area (infiltration and/or ventilation) in the unfinished attic to the total floor area of the attic.</description>
      <type>Double</type>
      <required>true</required>
      <model_dependent>false</model_dependent>
      <default_value>0.00333</default_value>
    </argument>
    <argument>
      <name>shelter_coef</name>
      <display_name>Air Leakage: Shelter Coefficient</display_name>
      <description>The local shelter coefficient (AIM-2 infiltration model) accounts for nearby buildings, trees and obstructions.</description>
      <type>String</type>
      <required>true</required>
      <model_dependent>false</model_dependent>
      <default_value>auto</default_value>
    </argument>
    <argument>
      <name>has_hvac_flue</name>
      <display_name>Air Leakage: Has Open HVAC Flue</display_name>
      <description>Specifies whether the building has an open flue associated with the HVAC system.</description>
      <type>Boolean</type>
      <required>true</required>
      <model_dependent>false</model_dependent>
      <default_value>false</default_value>
      <choices>
        <choice>
          <value>true</value>
          <display_name>true</display_name>
        </choice>
        <choice>
          <value>false</value>
          <display_name>false</display_name>
        </choice>
      </choices>
    </argument>
    <argument>
      <name>has_water_heater_flue</name>
      <display_name>Air Leakage: Has Open Water Heater Flue</display_name>
      <description>Specifies whether the building has an open flue associated with the water heater.</description>
      <type>Boolean</type>
      <required>true</required>
      <model_dependent>false</model_dependent>
      <default_value>false</default_value>
      <choices>
        <choice>
          <value>true</value>
          <display_name>true</display_name>
        </choice>
        <choice>
          <value>false</value>
          <display_name>false</display_name>
        </choice>
      </choices>
    </argument>
    <argument>
      <name>has_fireplace_chimney</name>
      <display_name>Air Leakage: Has Open HVAC Flue</display_name>
      <description>Specifies whether the building has an open chimney associated with a fireplace.</description>
      <type>Boolean</type>
      <required>true</required>
      <model_dependent>false</model_dependent>
      <default_value>false</default_value>
      <choices>
        <choice>
          <value>true</value>
          <display_name>true</display_name>
        </choice>
        <choice>
          <value>false</value>
          <display_name>false</display_name>
        </choice>
      </choices>
    </argument>
    <argument>
      <name>terrain</name>
      <display_name>Air Leakage: Site Terrain</display_name>
      <description>The terrain of the site.</description>
      <type>Choice</type>
      <required>true</required>
      <model_dependent>false</model_dependent>
      <default_value>suburban</default_value>
      <choices>
        <choice>
          <value>ocean</value>
          <display_name>ocean</display_name>
        </choice>
        <choice>
          <value>plains</value>
          <display_name>plains</display_name>
        </choice>
        <choice>
          <value>rural</value>
          <display_name>rural</display_name>
        </choice>
        <choice>
          <value>suburban</value>
          <display_name>suburban</display_name>
        </choice>
        <choice>
          <value>city</value>
          <display_name>city</display_name>
        </choice>
      </choices>
    </argument>
    <argument>
      <name>mech_vent_type</name>
      <display_name>Mechanical Ventilation: Ventilation Type</display_name>
      <description>Whole house ventilation strategy used.</description>
      <type>Choice</type>
      <required>true</required>
      <model_dependent>false</model_dependent>
      <default_value>exhaust</default_value>
      <choices>
        <choice>
          <value>none</value>
          <display_name>none</display_name>
        </choice>
        <choice>
          <value>exhaust</value>
          <display_name>exhaust</display_name>
        </choice>
        <choice>
          <value>supply</value>
          <display_name>supply</display_name>
        </choice>
        <choice>
          <value>central fan integrated supply</value>
          <display_name>central fan integrated supply</display_name>
        </choice>
        <choice>
          <value>balanced</value>
          <display_name>balanced</display_name>
        </choice>
      </choices>
    </argument>
    <argument>
      <name>mech_vent_fan_power</name>
      <display_name>Mechanical Ventilation: Fan Power</display_name>
      <description>Fan power (in W) per delivered airflow rate (in cfm) of fan(s) providing whole house ventilation. If the house uses a balanced ventilation system there is assumed to be two fans operating at this efficiency. Not used for central fan integrated supply systems.</description>
      <type>Double</type>
      <units>W/cfm</units>
      <required>true</required>
      <model_dependent>false</model_dependent>
      <default_value>0.15</default_value>
    </argument>
    <argument>
      <name>mech_vent_total_efficiency</name>
      <display_name>Mechanical Ventilation: Total Recovery Efficiency</display_name>
      <description>The net total energy (sensible plus latent, also called enthalpy) recovered by the supply airstream adjusted by electric consumption, case heat loss or heat gain, air leakage and airflow mass imbalance between the two airstreams, as a percent of the potential total energy that could be recovered plus the exhaust fan energy. Only used for balanced systems.</description>
      <type>Double</type>
      <required>true</required>
      <model_dependent>false</model_dependent>
      <default_value>0</default_value>
    </argument>
    <argument>
      <name>mech_vent_sensible_efficiency</name>
      <display_name>Mechanical Ventilation: Sensible Recovery Efficiency</display_name>
      <description>The net sensible energy recovered by the supply airstream as adjusted by electric consumption, case heat loss or heat gain, air leakage, airflow mass imbalance between the two airstreams and the energy used for defrost (when running the Very Low Temperature Test), as a percent of the potential sensible energy that could be recovered plus the exhaust fan energy. Only used for balanced systems.</description>
      <type>Double</type>
      <required>true</required>
      <model_dependent>false</model_dependent>
      <default_value>0</default_value>
    </argument>
    <argument>
      <name>mech_vent_frac_62_2</name>
      <display_name>Mechanical Ventilation: Fraction of ASHRAE 62.2</display_name>
      <description>Fraction of the ventilation rate (including any infiltration credit) specified by ASHRAE 62.2 that is desired in the building.</description>
      <type>Double</type>
      <units>frac</units>
      <required>true</required>
      <model_dependent>false</model_dependent>
      <default_value>1</default_value>
    </argument>
    <argument>
      <name>mech_vent_ashrae_std</name>
      <display_name>Mechanical Ventilation: ASHRAE 62.2 Standard</display_name>
      <description>Specifies which version (year) of the ASHRAE 62.2 Standard should be used.</description>
      <type>Choice</type>
      <required>true</required>
      <model_dependent>false</model_dependent>
      <default_value>2010</default_value>
      <choices>
        <choice>
          <value>2010</value>
          <display_name>2010</display_name>
        </choice>
        <choice>
          <value>2013</value>
          <display_name>2013</display_name>
        </choice>
      </choices>
    </argument>
    <argument>
      <name>mech_vent_infil_credit</name>
      <display_name>Mechanical Ventilation: Allow Infiltration Credit</display_name>
      <description>Defines whether the infiltration credit allowed per the ASHRAE 62.2 Standard will be included in the calculation of the mechanical ventilation rate. If True, the infiltration credit will apply 1) to new/existing single-family detached homes for 2013 ASHRAE 62.2, or 2) to existing single-family detached or multi-family homes for 2010 ASHRAE 62.2.</description>
      <type>Boolean</type>
      <required>true</required>
      <model_dependent>false</model_dependent>
      <default_value>true</default_value>
      <choices>
        <choice>
          <value>true</value>
          <display_name>true</display_name>
        </choice>
        <choice>
          <value>false</value>
          <display_name>false</display_name>
        </choice>
      </choices>
    </argument>
    <argument>
      <name>is_existing_home</name>
      <display_name>Mechanical Ventilation: Is Existing Home</display_name>
      <description>Specifies whether the building is an existing home or new construction.</description>
      <type>Boolean</type>
      <required>true</required>
      <model_dependent>false</model_dependent>
      <default_value>false</default_value>
      <choices>
        <choice>
          <value>true</value>
          <display_name>true</display_name>
        </choice>
        <choice>
          <value>false</value>
          <display_name>false</display_name>
        </choice>
      </choices>
    </argument>
    <argument>
      <name>mech_vent_cfis_open_time</name>
      <display_name>Mechanical Ventilation: CFIS Damper Open Time</display_name>
      <description>Minimum damper open time for a central fan integrated supply system.</description>
      <type>Double</type>
      <required>true</required>
      <model_dependent>false</model_dependent>
      <default_value>20</default_value>
    </argument>
    <argument>
      <name>mech_vent_cfis_airflow_frac</name>
      <display_name>Mechanical Ventilation: CFIS Ventilation Mode Airflow Fraction</display_name>
      <description>Blower airflow rate, when the central fan integrated supply system is operating in ventilation mode, as a fraction of maximum blower airflow rate.</description>
      <type>Double</type>
      <required>true</required>
      <model_dependent>false</model_dependent>
      <default_value>1</default_value>
    </argument>
    <argument>
      <name>range_exhaust_hour</name>
      <display_name>Spot Ventilation: Hour of range spot ventilation</display_name>
      <description>Hour in which range spot ventilation occurs. Values indicate the time of spot ventilation, which lasts for 1 hour.</description>
      <type>Integer</type>
      <required>true</required>
      <model_dependent>false</model_dependent>
      <default_value>16</default_value>
    </argument>
    <argument>
      <name>bathroom_exhaust_hour</name>
      <display_name>Spot Ventilation: Hour of bathroom spot ventilation</display_name>
      <description>Hour in which bathroom spot ventilation occurs. Values indicate the time of spot ventilation, which lasts for 1 hour.</description>
      <type>Integer</type>
      <required>true</required>
      <model_dependent>false</model_dependent>
      <default_value>5</default_value>
    </argument>
    <argument>
      <name>clothes_dryer_exhaust</name>
      <display_name>Clothes Dryer: Exhaust</display_name>
      <description>Rated flow capacity of the clothes dryer exhaust. This fan is assumed to run after any clothes dryer events.</description>
      <type>Double</type>
      <units>cfm</units>
      <required>true</required>
      <model_dependent>false</model_dependent>
      <default_value>100</default_value>
    </argument>
    <argument>
      <name>nat_vent_htg_offset</name>
      <display_name>Natural Ventilation: Heating Season Setpoint Offset</display_name>
      <description>The temperature offset below the hourly cooling setpoint, to which the living space is allowed to cool during months that are only in the heating season.</description>
      <type>Double</type>
      <units>degrees F</units>
      <required>true</required>
      <model_dependent>false</model_dependent>
      <default_value>1</default_value>
    </argument>
    <argument>
      <name>nat_vent_clg_offset</name>
      <display_name>Natural Ventilation: Cooling Season Setpoint Offset</display_name>
      <description>The temperature offset above the hourly heating setpoint, to which the living space is allowed to cool during months that are only in the cooling season.</description>
      <type>Double</type>
      <units>degrees F</units>
      <required>true</required>
      <model_dependent>false</model_dependent>
      <default_value>1</default_value>
    </argument>
    <argument>
      <name>nat_vent_ovlp_offset</name>
      <display_name>Natural Ventilation: Overlap Season Setpoint Offset</display_name>
      <description>The temperature offset above the maximum heating setpoint, to which the living space is allowed to cool during months that are in both the heating season and cooling season.</description>
      <type>Double</type>
      <units>degrees F</units>
      <required>true</required>
      <model_dependent>false</model_dependent>
      <default_value>1</default_value>
    </argument>
    <argument>
      <name>nat_vent_htg_season</name>
      <display_name>Natural Ventilation: Heating Season</display_name>
      <description>True if windows are allowed to be opened during months that are only in the heating season.</description>
      <type>Boolean</type>
      <required>true</required>
      <model_dependent>false</model_dependent>
      <default_value>true</default_value>
      <choices>
        <choice>
          <value>true</value>
          <display_name>true</display_name>
        </choice>
        <choice>
          <value>false</value>
          <display_name>false</display_name>
        </choice>
      </choices>
    </argument>
    <argument>
      <name>nat_vent_clg_season</name>
      <display_name>Natural Ventilation: Cooling Season</display_name>
      <description>True if windows are allowed to be opened during months that are only in the cooling season.</description>
      <type>Boolean</type>
      <required>true</required>
      <model_dependent>false</model_dependent>
      <default_value>true</default_value>
      <choices>
        <choice>
          <value>true</value>
          <display_name>true</display_name>
        </choice>
        <choice>
          <value>false</value>
          <display_name>false</display_name>
        </choice>
      </choices>
    </argument>
    <argument>
      <name>nat_vent_ovlp_season</name>
      <display_name>Natural Ventilation: Overlap Season</display_name>
      <description>True if windows are allowed to be opened during months that are in both the heating season and cooling season.</description>
      <type>Boolean</type>
      <required>true</required>
      <model_dependent>false</model_dependent>
      <default_value>true</default_value>
      <choices>
        <choice>
          <value>true</value>
          <display_name>true</display_name>
        </choice>
        <choice>
          <value>false</value>
          <display_name>false</display_name>
        </choice>
      </choices>
    </argument>
    <argument>
      <name>nat_vent_num_weekdays</name>
      <display_name>Natural Ventilation: Number Weekdays</display_name>
      <description>Number of weekdays in the week that natural ventilation can occur.</description>
      <type>Integer</type>
      <required>true</required>
      <model_dependent>false</model_dependent>
      <default_value>3</default_value>
    </argument>
    <argument>
      <name>nat_vent_num_weekends</name>
      <display_name>Natural Ventilation: Number Weekend Days</display_name>
      <description>Number of weekend days in the week that natural ventilation can occur.</description>
      <type>Integer</type>
      <required>true</required>
      <model_dependent>false</model_dependent>
      <default_value>0</default_value>
    </argument>
    <argument>
      <name>nat_vent_frac_windows_open</name>
      <display_name>Natural Ventilation: Fraction of Openable Windows Open</display_name>
      <description>Specifies the fraction of the total openable window area in the building that is opened for ventilation.</description>
      <type>Double</type>
      <units>frac</units>
      <required>true</required>
      <model_dependent>false</model_dependent>
      <default_value>0.33</default_value>
    </argument>
    <argument>
      <name>nat_vent_frac_window_area_openable</name>
      <display_name>Natural Ventilation: Fraction Window Area Openable</display_name>
      <description>Specifies the fraction of total window area in the home that can be opened (e.g. typical sliding windows can be opened to half of their area).</description>
      <type>Double</type>
      <units>frac</units>
      <required>true</required>
      <model_dependent>false</model_dependent>
      <default_value>0.2</default_value>
    </argument>
    <argument>
      <name>nat_vent_max_oa_hr</name>
      <display_name>Natural Ventilation: Max OA Humidity Ratio</display_name>
      <description>Outdoor air humidity ratio above which windows will not open for natural ventilation.</description>
      <type>Double</type>
      <units>frac</units>
      <required>true</required>
      <model_dependent>false</model_dependent>
      <default_value>0.0115</default_value>
    </argument>
    <argument>
      <name>nat_vent_max_oa_rh</name>
      <display_name>Natural Ventilation: Max OA Relative Humidity</display_name>
      <description>Outdoor air relative humidity (0-1) above which windows will not open for natural ventilation.</description>
      <type>Double</type>
      <units>frac</units>
      <required>true</required>
      <model_dependent>false</model_dependent>
      <default_value>0.7</default_value>
    </argument>
    <argument>
      <name>duct_location</name>
      <display_name>Ducts: Location</display_name>
      <description>The primary location of ducts.</description>
      <type>Choice</type>
      <required>true</required>
      <model_dependent>true</model_dependent>
      <default_value>auto</default_value>
      <choices>
        <choice>
          <value>none</value>
          <display_name>none</display_name>
        </choice>
        <choice>
          <value>auto</value>
          <display_name>auto</display_name>
        </choice>
      </choices>
    </argument>
    <argument>
      <name>duct_total_leakage</name>
      <display_name>Ducts: Total Leakage</display_name>
      <description>The total amount of air flow leakage expressed as a fraction of the total air flow rate.</description>
      <type>Double</type>
      <units>frac</units>
      <required>true</required>
      <model_dependent>false</model_dependent>
      <default_value>0.3</default_value>
    </argument>
    <argument>
      <name>duct_supply_frac</name>
      <display_name>Ducts: Supply Leakage Fraction of Total</display_name>
      <description>The amount of air flow leakage leaking out from the supply duct expressed as a fraction of the total duct leakage.</description>
      <type>Double</type>
      <units>frac</units>
      <required>true</required>
      <model_dependent>false</model_dependent>
      <default_value>0.6</default_value>
    </argument>
    <argument>
      <name>duct_return_frac</name>
      <display_name>Ducts: Return Leakage Fraction of Total</display_name>
      <description>The amount of air flow leakage leaking into the return duct expressed as a fraction of the total duct leakage.</description>
      <type>Double</type>
      <units>frac</units>
      <required>true</required>
      <model_dependent>false</model_dependent>
      <default_value>0.067</default_value>
    </argument>
    <argument>
      <name>duct_ah_supply_frac</name>
      <display_name>Ducts: Supply Air Handler Leakage Fraction of Total</display_name>
      <description>The amount of air flow leakage leaking out from the supply-side of the air handler expressed as a fraction of the total duct leakage.</description>
      <type>Double</type>
      <units>frac</units>
      <required>true</required>
      <model_dependent>false</model_dependent>
      <default_value>0.067</default_value>
    </argument>
    <argument>
      <name>duct_ah_return_frac</name>
      <display_name>Ducts: Return Air Handler Leakage Fraction of Total</display_name>
      <description>The amount of air flow leakage leaking out from the return-side of the air handler expressed as a fraction of the total duct leakage.</description>
      <type>Double</type>
      <units>frac</units>
      <required>true</required>
      <model_dependent>false</model_dependent>
      <default_value>0.267</default_value>
    </argument>
    <argument>
      <name>duct_location_frac</name>
      <display_name>Ducts: Location Fraction</display_name>
      <description>Fraction of supply ducts in the specified Duct Location; the remainder of supply ducts will be located in above-grade conditioned space.</description>
      <type>String</type>
      <units>frac</units>
      <required>true</required>
      <model_dependent>false</model_dependent>
      <default_value>auto</default_value>
    </argument>
    <argument>
      <name>duct_num_returns</name>
      <display_name>Ducts: Number of Returns</display_name>
      <description>The number of duct returns.</description>
      <type>String</type>
      <units>#</units>
      <required>true</required>
      <model_dependent>false</model_dependent>
      <default_value>auto</default_value>
    </argument>
    <argument>
      <name>duct_supply_area_mult</name>
      <display_name>Ducts: Supply Surface Area Multiplier</display_name>
      <description>Values specify a fraction of the Building America Benchmark supply duct surface area.</description>
      <type>Double</type>
      <units>mult</units>
      <required>true</required>
      <model_dependent>false</model_dependent>
      <default_value>1</default_value>
    </argument>
    <argument>
      <name>duct_return_area_mult</name>
      <display_name>Ducts: Return Surface Area Multiplier</display_name>
      <description>Values specify a fraction of the Building America Benchmark return duct surface area.</description>
      <type>Double</type>
      <units>mult</units>
      <required>true</required>
      <model_dependent>false</model_dependent>
      <default_value>1</default_value>
    </argument>
    <argument>
      <name>duct_r</name>
      <display_name>Ducts: Insulation Nominal R-Value</display_name>
      <description>The nominal R-value for duct insulation.</description>
      <type>Double</type>
      <units>h-ft^2-R/Btu</units>
      <required>true</required>
      <model_dependent>false</model_dependent>
      <default_value>0</default_value>
    </argument>
  </arguments>
  <outputs/>
  <provenances/>
  <tags>
    <tag>Envelope.Infiltration</tag>
  </tags>
  <attributes>
    <attribute>
      <name>Measure Type</name>
      <value>ModelMeasure</value>
      <datatype>string</datatype>
    </attribute>
    <attribute>
      <name>Intended Software Tool</name>
      <value>Apply Measure Now</value>
      <datatype>string</datatype>
    </attribute>
    <attribute>
      <name>Intended Software Tool</name>
      <value>OpenStudio Application</value>
      <datatype>string</datatype>
    </attribute>
    <attribute>
      <name>Intended Software Tool</name>
      <value>Parametric Analysis Tool</value>
      <datatype>string</datatype>
    </attribute>
  </attributes>
  <files>
    <file>
      <filename>USA_CO_Denver_Intl_AP_725650_TMY3.ddy</filename>
      <filetype>ddy</filetype>
      <usage_type>test</usage_type>
      <checksum>FB253570</checksum>
    </file>
    <file>
      <filename>USA_CO_Denver_Intl_AP_725650_TMY3.epw</filename>
      <filetype>epw</filetype>
      <usage_type>test</usage_type>
      <checksum>E23378AA</checksum>
    </file>
    <file>
      <filename>residential_airflow_test.rb</filename>
      <filetype>rb</filetype>
      <usage_type>test</usage_type>
      <checksum>CBA30617</checksum>
    </file>
    <file>
      <version>
        <software_program>OpenStudio</software_program>
        <identifier>1.13.1</identifier>
        <min_compatible>2.0.4</min_compatible>
      </version>
      <filename>measure.rb</filename>
      <filetype>rb</filetype>
      <usage_type>script</usage_type>
      <checksum>53F8C2B8</checksum>
    </file>
  </files>
</measure>
