[
  {
    "group_name": "1. Simulation Controls",
    "group_steps": [
      {
        "name": "1. Simulation Controls",
        "measures": [
          "ResidentialSimulationControls"
        ]
      }
    ]
  },
  {
    "group_name": "2. Location",
    "group_steps": [
      {
        "name": "1. Location",
        "dependencies": "",
        "measures": [
          "ResidentialLocation"
        ]
      }
    ]
  },
  {
    "group_name": "3. Geometry",
    "group_steps": [
      {
        "name": "1. Geometry - Create Single-Family Detached (or Single-Family Attached or Multifamily)",
        "dependencies": "",
        "measures": [
          "ResidentialGeometryCreateSingleFamilyDetached",
          "ResidentialGeometryCreateSingleFamilyAttached",
          "ResidentialGeometryCreateMultifamily"
        ]
      },
      {
        "name": "2. Door Area",
        "dependencies": "",
        "measures": [
          "ResidentialGeometryDoorArea"
        ]
      },
      {
        "name": "3. Window/Skylight Area",
        "dependencies": "",
        "measures": [
          "ResidentialGeometryWindowSkylightArea"
        ]
      }
    ]
  },
  {
    "group_name": "4. Envelope Constructions",
    "group_steps": [
      {
        "name": "1. Unfinished Attic (or Finished Roof)",
        "dependencies": "",
        "measures": [
          "ResidentialConstructionsUnfinishedAttic",
          "ResidentialConstructionsFinishedRoof"
        ]
      },
      {
        "name": "2. Wood Stud Walls (or Double Stud, CMU, SIP, etc.)",
        "dependencies": "",
        "measures": [
          "ResidentialConstructionsWallsWoodStud",
          "ResidentialConstructionsWallsDoubleWoodStud",
          "ResidentialConstructionsWallsSteelStud",
          "ResidentialConstructionsWallsCMU",
          "ResidentialConstructionsWallsICF",
          "ResidentialConstructionsWallsSIP",
          "ResidentialConstructionsWallsGeneric"
        ]
      },
      {
        "name": "3. Slab (or Finished Basement, Unfinished Basement, Crawlspace, Pier & Beam)",
        "dependencies": "",
        "measures": [
          "ResidentialConstructionsSlab",
          "ResidentialConstructionsUnfinishedBasement",
          "ResidentialConstructionsFinishedBasement",
          "ResidentialConstructionsCrawlspace",
          "ResidentialConstructionsPierBeam"
        ]
      },
      {
        "name": "4. Floors",
        "dependencies": "",
        "measures": [
          "ResidentialConstructionsFloors"
        ]
      },
      {
        "name": "5. Windows/Skylights",
        "dependencies": "Window/Skylight Area, Location",
        "measures": [
          "ResidentialConstructionsWindowsSkylights"
        ]
      },
      {
        "name": "6. Doors",
        "dependencies": "Door Area",
        "measures": [
          "ResidentialConstructionsDoors"
        ]
      },
      {
        "name": "7. Shared Building Facades",
        "dependencies": "",
        "measures": [
          "ResidentialConstructionsFacadesShared"
        ]
      }
    ]
  }, 
  {
    "group_name": "5. Domestic Hot Water",
    "group_steps": [
      {
        "name": "1. Water Heater - Tank (or Tankless, Heat Pump, etc.)",
        "dependencies": "",
        "measures": [
          "ResidentialHotWaterHeaterTank",
          "ResidentialHotWaterHeaterTankless",
          "ResidentialHotWaterHeaterHeatPump"
        ]
      },
      {
        "name": "2. Hot Water Fixtures",
        "dependencies": "Water Heater",
        "measures": [
          "ResidentialHotWaterFixtures"
        ]
      },
      {
        "name": "3. Hot Water Distribution",
        "dependencies": "Hot Water Fixtures, Location",
        "measures": [
          "ResidentialHotWaterDistribution"
        ]
      },
      {
        "name": "4. Solar Hot Water",
        "dependencies": "Water Heater, Location",
        "measures": [
          "ResidentialHotWaterSolar"
        ]
      }
    ]
  },
  {
    "group_name": "6. HVAC",
    "group_steps": [
      {
        "name": "1. Central Air Source Heat Pump (or AC/Furnace, Boiler, MSHP, etc.)",
        "dependencies": "",
        "measures": [
          "ResidentialHVACAirSourceHeatPumpSingleSpeed",     
          "ResidentialHVACAirSourceHeatPumpTwoSpeed",
          "ResidentialHVACAirSourceHeatPumpVariableSpeed",
          "ResidentialHVACBoiler",
          "ResidentialHVACCentralAirConditionerSingleSpeed", 
          "ResidentialHVACCentralAirConditionerTwoSpeed",
          "ResidentialHVACCentralAirConditionerVariableSpeed",
          "ResidentialHVACElectricBaseboard",
          "ResidentialHVACFurnace",
          "ResidentialHVACGroundSourceHeatPumpVerticalBore",
          "ResidentialHVACMiniSplitHeatPump",
          "ResidentialHVACRoomAirConditioner",
          "ResidentialHVACUnitHeater",
          "ResidentialHVACCentralSystemBoilerBaseboards",
          "ResidentialHVACCentralSystemFanCoil",
          "ResidentialHVACCentralSystemPTAC"
        ]
      },     
      {
        "name": "2. Heating Setpoint",
        "dependencies": "HVAC Equipment, Location",
        "measures": [
          "ResidentialHVACHeatingSetpoints"
        ]
      },
      {
        "name": "3. Cooling Setpoint",
        "dependencies": "HVAC Equipment, Location",
        "measures": [
          "ResidentialHVACCoolingSetpoints"
        ]
      },
      {
        "name": "4. Ceiling Fan",
        "dependencies": "Cooling Setpoint",
        "measures": [
          "ResidentialHVACCeilingFan"
        ]
      },
      {
        "name": "5. Dehumidifier",
        "dependencies": "HVAC Equipment",
        "measures": [
          "ResidentialHVACDehumidifier"
        ]
      }
    ]
  },
  {
    "group_name": "7. Major Appliances",
    "group_steps": [
      {
        "name": "1. Refrigerator",
        "dependencies": "",
        "measures": [
          "ResidentialApplianceRefrigerator"
        ]
      },
      {
        "name": "2. Clothes Washer",
        "dependencies": "Water Heater, Location",
        "measures": [
          "ResidentialApplianceClothesWasher"
        ]
      },
      {
        "name": "3. Clothes Dryer",
        "dependencies": "Clothes Washer",
        "measures": [
          "ResidentialApplianceClothesDryer"
        ]
      },
      {
        "name": "4. Dishwasher",
        "dependencies": "Water Heater, Location",
        "measures": [
          "ResidentialApplianceDishwasher"
        ]
      },
      {
        "name": "5. Cooking Range",
        "dependencies": "",
        "measures": [
          "ResidentialApplianceCookingRange"
        ]
      }
    ]
  },
  {
    "group_name": "8. Lighting",
    "group_steps": [
      {
        "name": "1. Lighting",
        "dependencies": "Location",
        "measures": [
          "ResidentialLighting"
        ]
      }
    ]
  },
  {
    "group_name": "9. Misc Loads",
    "group_steps": [
      {
        "name": "1. Plug Loads",
        "dependencies": "",
        "measures": [
          "ResidentialMiscPlugLoads"
        ]
      },
      {
        "name": "2. Large, Uncommon Loads",
        "dependencies": "",
        "measures": [
          "ResidentialMiscLargeUncommonLoads"
        ]
      }
    ]
  },
  {
    "group_name": "10. Airflow",
    "group_steps": [
      {
        "name": "1. Airflow",
        "dependencies": "Location, HVAC Equipment, Clothes Dryer",
        "measures": [
          "ResidentialAirflow"
        ]
      }
    ]
  },
  {
    "group_name": "11. Sizing",
    "group_steps": [
      {
        "name": "1. HVAC Sizing",
        "dependencies": "(lots of measures...)",
        "measures": [
          "ResidentialHVACSizing"
        ]
      }
    ]
  },
  {
    "group_name": "12. Photovoltaics",
    "group_steps": [
      {
        "name": "1. Photovoltaics",
        "measures": [
          "ResidentialPhotovoltaics"
        ]
      }
    ]
  },
  {
    "group_name": "12. Zone Multipliers",
    "group_steps": [
      {
        "name": "1. Zone Multipliers",
        "dependencies": "",
        "measures": [
          "ZoneMultipliers"
        ]
      }
    ]
  }
]