Building,Location Weather Year,Usage Level,Geometry Single Unit Level,Geometry Single Unit Horizontal Location,Geometry Single Unit Has Rear Units,Geometry Building Type FPL,Location,Location Region,Location Weather Filename,Vintage FPL,Vintage,Heating Fuel,Geometry Building Type,Geometry Building Number Units HL,Geometry Foundation Type,Geometry House Size,Geometry Building Floors,Geometry Building Number Units MF,Geometry Building Number Units SFA,Geometry Garage,Geometry Unit Stories SF,Geometry Unit Stories MF,Geometry Is Multifamily Low Rise,Geometry Shared Walls SFA,Geometry Shared Walls MF,Geometry Nearest Neighbor LeftRight,Occupants,Orientation,Eaves,Door Area,Window Areas,Overhangs,Insulation Unfinished Attic,Insulation Finished Roof,Roof Material,Insulation Slab,Insulation Crawlspace,Insulation Unfinished Basement,Insulation Finished Basement,Insulation Pier Beam,Insulation Interzonal Floor,Insulation Wall,Windows,Doors,Water Heater,Hot Water Fixtures,Hot Water Distribution,Solar Hot Water,HVAC System Is Shared,HVAC System Is Heatpump,HVAC System Heatpump,HVAC System Heating Electricity,HVAC System Heating Natural Gas,HVAC System Heating Propane,HVAC System Heating Fuel Oil,HVAC System Heating Other Fuel,HVAC System Heating None,HVAC System Cooling,HVAC System Cooling Type,HVAC System Shared,Heating Setpoint,Cooling Setpoint,Ceiling Fan,Dehumidifier,Refrigerator,Cooking Range,Dishwasher,Clothes Washer,Clothes Dryer,Lighting,Plug Loads,Misc Extra Refrigerator,Misc Freezer,Misc Gas Fireplace,Misc Gas Grill,Misc Gas Lighting,Misc Hot Tub Spa,Misc Pool,Misc Well Pump,Ducts,Infiltration,Natural Ventilation,Mechanical Ventilation,Bathroom Spot Vent Hour,Range Spot Vent Hour,PV,Days Shifted,Geometry Perimeter Footprint Ratio
1,TMY3,Medium,Top,Right,TRUE,10 to 19 Unit,CA_Los.Angeles.Intl.AP.722950,CR09,USA_CA_Los.Angeles.Intl.AP.722950_TMY3.epw,2000-09s,2000s,Electricity,Multi-Family with 5+ Units,10 to 19 Units low,Slab,0-1499,3,12,None,None,N/a,1,TRUE,Left,None,12,Auto,South,2 ft,20 ft^2,F15 B15 L15 R15,None,"Ceiling R-38, Vented",R-30,"Asphalt Shingles, Medium",Uninsulated,None,None,None,None,R-13,"Wood Stud, R-19",1 Pane,Fiberglass,Gas Standard,100%,"Uninsulated, HomeRun, PEX",None,Neither Shared,Yes,"ASHP, SEER 13, 7.7 HSPF",None,None,None,None,None,None,None,None,Fan coil with chiller/Boiler,69F,75F,National Average,None,EF 10.2,"Electric, 120% Usage","290 Rated kWh, 120% Usage","EnergyStar, 120% Usage",None,100% Incandescent,200%,"EF 6.9, National Average","EF 12, National Average",National Average,National Average,National Average,National Average,National Average,National Average,"30% Leakage, R-8",10 ACH50,"Year-Round, 3 days/wk",None,Hour7,Hour12,None,Day62,0.13
2,TMY3,Medium,Middle,Right,TRUE,10 to 19 Unit,CA_Los.Angeles.Intl.AP.722950,CR09,USA_CA_Los.Angeles.Intl.AP.722950_TMY3.epw,2000-09s,2000s,Electricity,Multi-Family with 5+ Units,10 to 19 Units low,Slab,0-1499,3,12,None,None,N/a,1,TRUE,Left,None,12,Auto,South,2 ft,20 ft^2,F15 B15 L15 R15,None,"Ceiling R-38, Vented",R-30,"Asphalt Shingles, Medium",Uninsulated,None,None,None,None,R-13,"Wood Stud, R-19",1 Pane,Fiberglass,Gas Standard,100%,"Uninsulated, HomeRun, PEX",None,Neither Shared,Yes,"ASHP, SEER 13, 7.7 HSPF",None,None,None,None,None,None,None,None,Fan coil with chiller/Boiler,69F,75F,National Average,None,EF 10.2,"Electric, 120% Usage","290 Rated kWh, 120% Usage","EnergyStar, 120% Usage",None,100% Incandescent,200%,"EF 6.9, National Average","EF 12, National Average",National Average,National Average,National Average,National Average,National Average,National Average,"30% Leakage, R-8",10 ACH50,"Year-Round, 3 days/wk",None,Hour7,Hour12,None,Day62,0.13
3,TMY3,Medium,Bottom,Right,TRUE,10 to 19 Unit,CA_Los.Angeles.Intl.AP.722950,CR09,USA_CA_Los.Angeles.Intl.AP.722950_TMY3.epw,2000-09s,2000s,Electricity,Multi-Family with 5+ Units,10 to 19 Units low,Slab,0-1499,3,12,None,None,N/a,1,TRUE,Left,None,12,Auto,South,2 ft,20 ft^2,F15 B15 L15 R15,None,"Ceiling R-38, Vented",R-30,"Asphalt Shingles, Medium",Uninsulated,None,None,None,None,R-13,"Wood Stud, R-19",1 Pane,Fiberglass,Gas Standard,100%,"Uninsulated, HomeRun, PEX",None,Neither Shared,Yes,"ASHP, SEER 13, 7.7 HSPF",None,None,None,None,None,None,None,None,Fan coil with chiller/Boiler,69F,75F,National Average,None,EF 10.2,"Electric, 120% Usage","290 Rated kWh, 120% Usage","EnergyStar, 120% Usage",None,100% Incandescent,200%,"EF 6.9, National Average","EF 12, National Average",National Average,National Average,National Average,National Average,National Average,National Average,"30% Leakage, R-8",10 ACH50,"Year-Round, 3 days/wk",None,Hour7,Hour12,None,Day62,0.13
4,TMY3,Medium,Top,Middle,TRUE,10 to 19 Unit,CA_Los.Angeles.Intl.AP.722950,CR09,USA_CA_Los.Angeles.Intl.AP.722950_TMY3.epw,2000-09s,2000s,Electricity,Multi-Family with 5+ Units,10 to 19 Units low,Slab,0-1499,3,12,None,None,N/a,1,TRUE,Left,None,12,Auto,South,2 ft,20 ft^2,F15 B15 L15 R15,None,"Ceiling R-38, Vented",R-30,"Asphalt Shingles, Medium",Uninsulated,None,None,None,None,R-13,"Wood Stud, R-19",1 Pane,Fiberglass,Gas Standard,100%,"Uninsulated, HomeRun, PEX",None,Neither Shared,Yes,"ASHP, SEER 13, 7.7 HSPF",None,None,None,None,None,None,None,None,Fan coil with chiller/Boiler,69F,75F,National Average,None,EF 10.2,"Electric, 120% Usage","290 Rated kWh, 120% Usage","EnergyStar, 120% Usage",None,100% Incandescent,200%,"EF 6.9, National Average","EF 12, National Average",National Average,National Average,National Average,National Average,National Average,National Average,"30% Leakage, R-8",10 ACH50,"Year-Round, 3 days/wk",None,Hour7,Hour12,None,Day62,0.13
5,TMY3,Medium,Middle,Middle,TRUE,10 to 19 Unit,CA_Los.Angeles.Intl.AP.722950,CR09,USA_CA_Los.Angeles.Intl.AP.722950_TMY3.epw,2000-09s,2000s,Electricity,Multi-Family with 5+ Units,10 to 19 Units low,Slab,0-1499,3,12,None,None,N/a,1,TRUE,Left,None,12,Auto,South,2 ft,20 ft^2,F15 B15 L15 R15,None,"Ceiling R-38, Vented",R-30,"Asphalt Shingles, Medium",Uninsulated,None,None,None,None,R-13,"Wood Stud, R-19",1 Pane,Fiberglass,Gas Standard,100%,"Uninsulated, HomeRun, PEX",None,Neither Shared,Yes,"ASHP, SEER 13, 7.7 HSPF",None,None,None,None,None,None,None,None,Fan coil with chiller/Boiler,69F,75F,National Average,None,EF 10.2,"Electric, 120% Usage","290 Rated kWh, 120% Usage","EnergyStar, 120% Usage",None,100% Incandescent,200%,"EF 6.9, National Average","EF 12, National Average",National Average,National Average,National Average,National Average,National Average,National Average,"30% Leakage, R-8",10 ACH50,"Year-Round, 3 days/wk",None,Hour7,Hour12,None,Day62,0.13
6,TMY3,Medium,Bottom,Middle,TRUE,10 to 19 Unit,CA_Los.Angeles.Intl.AP.722950,CR09,USA_CA_Los.Angeles.Intl.AP.722950_TMY3.epw,2000-09s,2000s,Electricity,Multi-Family with 5+ Units,10 to 19 Units low,Slab,0-1499,3,12,None,None,N/a,1,TRUE,Left,None,12,Auto,South,2 ft,20 ft^2,F15 B15 L15 R15,None,"Ceiling R-38, Vented",R-30,"Asphalt Shingles, Medium",Uninsulated,None,None,None,None,R-13,"Wood Stud, R-19",1 Pane,Fiberglass,Gas Standard,100%,"Uninsulated, HomeRun, PEX",None,Neither Shared,Yes,"ASHP, SEER 13, 7.7 HSPF",None,None,None,None,None,None,None,None,Fan coil with chiller/Boiler,69F,75F,National Average,None,EF 10.2,"Electric, 120% Usage","290 Rated kWh, 120% Usage","EnergyStar, 120% Usage",None,100% Incandescent,200%,"EF 6.9, National Average","EF 12, National Average",National Average,National Average,National Average,National Average,National Average,National Average,"30% Leakage, R-8",10 ACH50,"Year-Round, 3 days/wk",None,Hour7,Hour12,None,Day62,0.13
7,TMY3,Medium,Top,Left,TRUE,10 to 19 Unit,CA_Los.Angeles.Intl.AP.722950,CR09,USA_CA_Los.Angeles.Intl.AP.722950_TMY3.epw,2000-09s,2000s,Electricity,Multi-Family with 5+ Units,10 to 19 Units low,Slab,0-1499,3,12,None,None,N/a,1,TRUE,Left,None,12,Auto,South,2 ft,20 ft^2,F15 B15 L15 R15,None,"Ceiling R-38, Vented",R-30,"Asphalt Shingles, Medium",Uninsulated,None,None,None,None,R-13,"Wood Stud, R-19",1 Pane,Fiberglass,Gas Standard,100%,"Uninsulated, HomeRun, PEX",None,Neither Shared,Yes,"ASHP, SEER 13, 7.7 HSPF",None,None,None,None,None,None,None,None,Fan coil with chiller/Boiler,69F,75F,National Average,None,EF 10.2,"Electric, 120% Usage","290 Rated kWh, 120% Usage","EnergyStar, 120% Usage",None,100% Incandescent,200%,"EF 6.9, National Average","EF 12, National Average",National Average,National Average,National Average,National Average,National Average,National Average,"30% Leakage, R-8",10 ACH50,"Year-Round, 3 days/wk",None,Hour7,Hour12,None,Day62,0.13
8,TMY3,Medium,Middle,Left,TRUE,10 to 19 Unit,CA_Los.Angeles.Intl.AP.722950,CR09,USA_CA_Los.Angeles.Intl.AP.722950_TMY3.epw,2000-09s,2000s,Electricity,Multi-Family with 5+ Units,10 to 19 Units low,Slab,0-1499,3,12,None,None,N/a,1,TRUE,Left,None,12,Auto,South,2 ft,20 ft^2,F15 B15 L15 R15,None,"Ceiling R-38, Vented",R-30,"Asphalt Shingles, Medium",Uninsulated,None,None,None,None,R-13,"Wood Stud, R-19",1 Pane,Fiberglass,Gas Standard,100%,"Uninsulated, HomeRun, PEX",None,Neither Shared,Yes,"ASHP, SEER 13, 7.7 HSPF",None,None,None,None,None,None,None,None,Fan coil with chiller/Boiler,69F,75F,National Average,None,EF 10.2,"Electric, 120% Usage","290 Rated kWh, 120% Usage","EnergyStar, 120% Usage",None,100% Incandescent,200%,"EF 6.9, National Average","EF 12, National Average",National Average,National Average,National Average,National Average,National Average,National Average,"30% Leakage, R-8",10 ACH50,"Year-Round, 3 days/wk",None,Hour7,Hour12,None,Day62,0.13
9,TMY3,Medium,Bottom,Left,TRUE,10 to 19 Unit,CA_Los.Angeles.Intl.AP.722950,CR09,USA_CA_Los.Angeles.Intl.AP.722950_TMY3.epw,2000-09s,2000s,Electricity,Multi-Family with 5+ Units,10 to 19 Units low,Slab,0-1499,3,12,None,None,N/a,1,TRUE,Left,None,12,Auto,South,2 ft,20 ft^2,F15 B15 L15 R15,None,"Ceiling R-38, Vented",R-30,"Asphalt Shingles, Medium",Uninsulated,None,None,None,None,R-13,"Wood Stud, R-19",1 Pane,Fiberglass,Gas Standard,100%,"Uninsulated, HomeRun, PEX",None,Neither Shared,Yes,"ASHP, SEER 13, 7.7 HSPF",None,None,None,None,None,None,None,None,Fan coil with chiller/Boiler,69F,75F,National Average,None,EF 10.2,"Electric, 120% Usage","290 Rated kWh, 120% Usage","EnergyStar, 120% Usage",None,100% Incandescent,200%,"EF 6.9, National Average","EF 12, National Average",National Average,National Average,National Average,National Average,National Average,National Average,"30% Leakage, R-8",10 ACH50,"Year-Round, 3 days/wk",None,Hour7,Hour12,None,Day62,0.13
