<measure>
  <schema_version>3.0</schema_version>
  <name>process_dehumidifier</name>
  <uid>f2d9e1e8-17bd-4a4a-a46b-df5f7e54e6c3</uid>
  <version_id>40020daa-6b0a-4205-bd0e-d16edb91826a</version_id>
  <version_modified>20181113T060900Z</version_modified>
  <xml_checksum>D48F381B</xml_checksum>
  <class_name>ProcessDehumidifier</class_name>
  <display_name>Set Residential Dehumidifier</display_name>
  <description>This measure removes any existing dehumidifiers from the building and adds a dehumidifier. For multifamily buildings, the dehumidifier can be set for all units of the building. See https://github.com/NREL/OpenStudio-BEopt#workflows for supported workflows using this measure.</description>
  <modeler_description>Any HVAC dehumidifier DXs are removed from any existing zones. An HVAC dehumidifier DX is added to the living zone, as well as to the finished basement if it exists. A humidistat is also added to the zone, with the relative humidity setpoint input by the user.</modeler_description>
  <arguments>
    <argument>
      <name>energy_factor</name>
      <display_name>Energy Factor</display_name>
      <description>The energy efficiency of dehumidifiers is measured by its energy factor, in liters of water removed per kilowatt-hour (kWh) of energy consumed or L/kWh.</description>
      <type>String</type>
      <units>L/kWh</units>
      <required>true</required>
      <model_dependent>false</model_dependent>
      <default_value>auto</default_value>
    </argument>
    <argument>
      <name>water_removal_rate</name>
      <display_name>Water Removal Rate</display_name>
      <description>Dehumidifier rated water removal rate measured in pints per day at an inlet condition of 80 degrees F DB/60%RH.</description>
      <type>String</type>
      <units>Pints/day</units>
      <required>true</required>
      <model_dependent>false</model_dependent>
      <default_value>auto</default_value>
    </argument>
    <argument>
      <name>air_flow_rate</name>
      <display_name>Air Flow Rate</display_name>
      <description>The dehumidifier rated air flow rate in CFM. If 'auto' is entered, the air flow will be determined using the rated water removal rate.</description>
      <type>String</type>
      <units>cfm</units>
      <required>true</required>
      <model_dependent>false</model_dependent>
      <default_value>auto</default_value>
    </argument>
    <argument>
      <name>humidity_setpoint</name>
      <display_name>Annual Relative Humidity Setpoint</display_name>
      <description>The annual relative humidity setpoint.</description>
      <type>Double</type>
      <units>frac</units>
      <required>true</required>
      <model_dependent>false</model_dependent>
      <default_value>0.6</default_value>
    </argument>
  </arguments>
  <outputs/>
  <provenances/>
  <tags>
    <tag>HVAC.Cooling</tag>
  </tags>
  <attributes>
    <attribute>
      <name>Measure Type</name>
      <value>ModelMeasure</value>
      <datatype>string</datatype>
    </attribute>
    <attribute>
      <name>Intended Software Tool</name>
      <value>Apply Measure Now</value>
      <datatype>string</datatype>
    </attribute>
    <attribute>
      <name>Intended Software Tool</name>
      <value>OpenStudio Application</value>
      <datatype>string</datatype>
    </attribute>
    <attribute>
      <name>Intended Software Tool</name>
      <value>Parametric Analysis Tool</value>
      <datatype>string</datatype>
    </attribute>
  </attributes>
  <files>
    <file>
      <filename>process_dehumidifier_test.rb</filename>
      <filetype>rb</filetype>
      <usage_type>test</usage_type>
      <checksum>C25F6C2D</checksum>
    </file>
    <file>
      <version>
        <software_program>OpenStudio</software_program>
        <identifier>1.14.0</identifier>
        <min_compatible>2.0.4</min_compatible>
      </version>
      <filename>measure.rb</filename>
      <filetype>rb</filetype>
      <usage_type>script</usage_type>
      <checksum>7F4ED939</checksum>
    </file>
  </files>
</measure>
