<measure>
  <schema_version>3.0</schema_version>
  <name>residential_clothes_dryer</name>
  <uid>0ed6fb35-c3e0-4a33-a397-ce4cec92d96e</uid>
  <version_id>ff1a4f93-e548-4c1a-8fc1-b8b61b75b48a</version_id>
  <version_modified>20180822T022833Z</version_modified>
  <xml_checksum>25A40D75</xml_checksum>
  <class_name>ResidentialClothesDryer</class_name>
  <display_name>Set Residential Clothes Dryer</display_name>
  <description>Adds (or replaces) a residential clothes dryer with the specified efficiency, operation, and schedule. For multifamily buildings, the clothes dryer can be set for all units of the building. See https://github.com/NREL/OpenStudio-BEopt#workflows for supported workflows using this measure.</description>
  <modeler_description>Since there is no Clothes Dryer object in OpenStudio/EnergyPlus, we look for an Equipment object with the name that denotes it is a residential clothes dryer. If one is found, it is replaced with the specified properties. Otherwise, a new such object is added to the model. Note: This measure requires the number of bedrooms/bathrooms to have already been assigned.</modeler_description>
  <arguments>
    <argument>
      <name>fuel_type</name>
      <display_name>Fuel Type</display_name>
      <description>Type of fuel used by the clothes dryer.</description>
      <type>Choice</type>
      <required>true</required>
      <model_dependent>false</model_dependent>
      <default_value>gas</default_value>
      <choices>
        <choice>
          <value>gas</value>
          <display_name>gas</display_name>
        </choice>
        <choice>
          <value>propane</value>
          <display_name>propane</display_name>
        </choice>
        <choice>
          <value>electric</value>
          <display_name>electric</display_name>
        </choice>
      </choices>
    </argument>
    <argument>
      <name>cef</name>
      <display_name>Combined Energy Factor</display_name>
      <description>The Combined Energy Factor (CEF) measures the pounds of clothing that can be dried per kWh (Fuel equivalent) of electricity, including energy consumed during Stand-by and Off modes. If only an Energy Factor (EF) is available, convert using the equation: CEF = EF / 1.15.</description>
      <type>Double</type>
      <units>lb/kWh</units>
      <required>true</required>
      <model_dependent>false</model_dependent>
      <default_value>2.4</default_value>
    </argument>
    <argument>
      <name>fuel_split</name>
      <display_name>Assumed Fuel Electric Split</display_name>
      <description>Defined as (Electric Energy) / (Fuel Energy + Electric Energy). Only used for non-electric clothes dryers.</description>
      <type>Double</type>
      <units>frac</units>
      <required>true</required>
      <model_dependent>false</model_dependent>
      <default_value>0.07</default_value>
    </argument>
    <argument>
      <name>mult</name>
      <display_name>Occupancy Energy Multiplier</display_name>
      <description>Appliance energy use is multiplied by this factor to account for occupancy usage that differs from the national average.</description>
      <type>Double</type>
      <required>true</required>
      <model_dependent>false</model_dependent>
      <default_value>1</default_value>
    </argument>
    <argument>
      <name>location</name>
      <display_name>Location</display_name>
      <description>The space type for the location. 'auto' will automatically choose a space type based on the space types found in the model.</description>
      <type>Choice</type>
      <required>true</required>
      <model_dependent>true</model_dependent>
      <default_value>auto</default_value>
      <choices>
        <choice>
          <value>auto</value>
          <display_name>auto</display_name>
        </choice>
      </choices>
    </argument>
  </arguments>
  <outputs/>
  <provenances/>
  <tags>
    <tag>Equipment.Gas Equipment</tag>
  </tags>
  <attributes>
    <attribute>
      <name>Measure Type</name>
      <value>ModelMeasure</value>
      <datatype>string</datatype>
    </attribute>
    <attribute>
      <name>Uses SketchUp API</name>
      <value>false</value>
      <datatype>boolean</datatype>
    </attribute>
  </attributes>
  <files>
    <file>
      <filename>psychrometrics.rb</filename>
      <filetype>rb</filetype>
      <usage_type>resource</usage_type>
      <checksum>208441EA</checksum>
    </file>
    <file>
      <version>
        <software_program>OpenStudio</software_program>
        <identifier>1.4.0</identifier>
        <min_compatible>2.0.4</min_compatible>
      </version>
      <filename>measure.rb</filename>
      <filetype>rb</filetype>
      <usage_type>script</usage_type>
      <checksum>E2872A33</checksum>
    </file>
    <file>
      <filename>MinuteDrawProfilesMaxFlows.csv</filename>
      <filetype>csv</filetype>
      <usage_type>resource</usage_type>
      <checksum>0E1048A3</checksum>
    </file>
    <file>
      <filename>schedules.rb</filename>
      <filetype>rb</filetype>
      <usage_type>resource</usage_type>
      <checksum>1C22DD2A</checksum>
    </file>
    <file>
      <filename>ClothesWasherSchedule_1bed.csv</filename>
      <filetype>csv</filetype>
      <usage_type>resource</usage_type>
      <checksum>78DFDC72</checksum>
    </file>
    <file>
      <filename>ClothesWasherSchedule_2bed.csv</filename>
      <filetype>csv</filetype>
      <usage_type>resource</usage_type>
      <checksum>3BAFB696</checksum>
    </file>
    <file>
      <filename>ClothesWasherSchedule_3bed.csv</filename>
      <filetype>csv</filetype>
      <usage_type>resource</usage_type>
      <checksum>9289E6F2</checksum>
    </file>
    <file>
      <filename>ClothesWasherSchedule_4bed.csv</filename>
      <filetype>csv</filetype>
      <usage_type>resource</usage_type>
      <checksum>268D812A</checksum>
    </file>
    <file>
      <filename>ClothesWasherSchedule_5bed.csv</filename>
      <filetype>csv</filetype>
      <usage_type>resource</usage_type>
      <checksum>5109687D</checksum>
    </file>
    <file>
      <filename>ResidentialClothesDryer_Test.rb</filename>
      <filetype>rb</filetype>
      <usage_type>test</usage_type>
      <checksum>063290F2</checksum>
    </file>
    <file>
      <filename>util.rb</filename>
      <filetype>rb</filetype>
      <usage_type>resource</usage_type>
      <checksum>4516079E</checksum>
    </file>
    <file>
      <filename>waterheater.rb</filename>
      <filetype>rb</filetype>
      <usage_type>resource</usage_type>
      <checksum>9E2A2A78</checksum>
    </file>
    <file>
      <filename>appliances.rb</filename>
      <filetype>rb</filetype>
      <usage_type>resource</usage_type>
      <checksum>9411D70B</checksum>
    </file>
    <file>
      <filename>materials.rb</filename>
      <filetype>rb</filetype>
      <usage_type>resource</usage_type>
      <checksum>82D32FEE</checksum>
    </file>
    <file>
      <filename>constants.rb</filename>
      <filetype>rb</filetype>
      <usage_type>resource</usage_type>
      <checksum>3BCB1148</checksum>
    </file>
    <file>
      <filename>geometry.rb</filename>
      <filetype>rb</filetype>
      <usage_type>resource</usage_type>
      <checksum>3A649817</checksum>
    </file>
    <file>
      <filename>weather.rb</filename>
      <filetype>rb</filetype>
      <usage_type>resource</usage_type>
      <checksum>AA9588B3</checksum>
    </file>
    <file>
      <filename>unit_conversions.rb</filename>
      <filetype>rb</filetype>
      <usage_type>resource</usage_type>
      <checksum>81550F14</checksum>
    </file>
    <file>
      <filename>SFD_2000sqft_2story_FB_GRG_UA_3Beds_2Baths_Denver_WHTank_ClothesWasher.osm</filename>
      <filetype>osm</filetype>
      <usage_type>test</usage_type>
      <checksum>49EFDA03</checksum>
    </file>
    <file>
      <filename>SFD_2000sqft_2story_FB_GRG_UA_3Beds_2Baths.osm</filename>
      <filetype>osm</filetype>
      <usage_type>test</usage_type>
      <checksum>49E153D1</checksum>
    </file>
    <file>
      <filename>SFA_4units_1story_UB_UA_3Beds_2Baths_Denver_WHTank_ClothesWasher.osm</filename>
      <filetype>osm</filetype>
      <usage_type>test</usage_type>
      <checksum>F795CB53</checksum>
    </file>
    <file>
      <filename>SFA_4units_1story_FB_UA_3Beds_2Baths_Denver_WHTank_ClothesWasher.osm</filename>
      <filetype>osm</filetype>
      <usage_type>test</usage_type>
      <checksum>E41F2B88</checksum>
    </file>
    <file>
      <filename>MF_8units_1story_SL_3Beds_2Baths_Denver_WHTank_ClothesWasher.osm</filename>
      <filetype>osm</filetype>
      <usage_type>test</usage_type>
      <checksum>E36C1750</checksum>
    </file>
  </files>
</measure>
