<measure>
  <schema_version>3.0</schema_version>
  <name>process_constructions_slab</name>
  <uid>4fd36916-5b69-43d2-a7bb-e7fad34508db</uid>
  <version_id>938c459b-06b4-4ed1-8ded-f4306e129ac2</version_id>
  <version_modified>20181113T060858Z</version_modified>
  <xml_checksum>1E963D9C</xml_checksum>
  <class_name>ProcessConstructionsSlab</class_name>
  <display_name>Set Residential Slab Construction</display_name>
  <description>This measure assigns a construction to slabs. See https://github.com/NREL/OpenStudio-BEopt#workflows for supported workflows using this measure.</description>
  <modeler_description>Calculates and assigns material layer properties of slab constructions of finished spaces. Any existing constructions for these surfaces will be removed.</modeler_description>
  <arguments>
    <argument>
      <name>perimeter_r</name>
      <display_name>Perimeter Insulation Nominal R-value</display_name>
      <description>Perimeter insulation is placed horizontally below the perimeter of the slab.</description>
      <type>Double</type>
      <units>hr-ft^2-R/Btu</units>
      <required>true</required>
      <model_dependent>false</model_dependent>
      <default_value>0</default_value>
    </argument>
    <argument>
      <name>perimeter_width</name>
      <display_name>Perimeter Insulation Width</display_name>
      <description>The distance from the perimeter of the house where the perimeter insulation ends.</description>
      <type>Double</type>
      <units>ft</units>
      <required>true</required>
      <model_dependent>false</model_dependent>
      <default_value>0</default_value>
    </argument>
    <argument>
      <name>whole_r</name>
      <display_name>Whole Slab Insulation Nominal R-value</display_name>
      <description>Whole slab insulation is placed horizontally below the entire slab.</description>
      <type>Double</type>
      <units>hr-ft^2-R/Btu</units>
      <required>true</required>
      <model_dependent>false</model_dependent>
      <default_value>0</default_value>
    </argument>
    <argument>
      <name>gap_r</name>
      <display_name>Gap Insulation Nominal R-value</display_name>
      <description>Gap insulation is placed vertically between the edge of the slab and the foundation wall.</description>
      <type>Double</type>
      <units>hr-ft^2-R/Btu</units>
      <required>true</required>
      <model_dependent>false</model_dependent>
      <default_value>0</default_value>
    </argument>
    <argument>
      <name>exterior_r</name>
      <display_name>Exterior Insulation Nominal R-value</display_name>
      <description>Exterior insulation is placed vertically on the exterior of the foundation wall.</description>
      <type>Double</type>
      <units>hr-ft^2-R/Btu</units>
      <required>true</required>
      <model_dependent>false</model_dependent>
      <default_value>0</default_value>
    </argument>
    <argument>
      <name>exterior_depth</name>
      <display_name>Exterior Insulation Depth</display_name>
      <description>The depth of the exterior foundation insulation.</description>
      <type>Double</type>
      <units>ft</units>
      <required>true</required>
      <model_dependent>false</model_dependent>
      <default_value>0</default_value>
    </argument>
  </arguments>
  <outputs/>
  <provenances/>
  <tags>
    <tag>Envelope.Opaque</tag>
  </tags>
  <attributes>
    <attribute>
      <name>Measure Type</name>
      <value>ModelMeasure</value>
      <datatype>string</datatype>
    </attribute>
    <attribute>
      <name>Uses SketchUp API</name>
      <value>false</value>
      <datatype>boolean</datatype>
    </attribute>
  </attributes>
  <files>
    <file>
      <filename>Slab_Test.rb</filename>
      <filetype>rb</filetype>
      <usage_type>test</usage_type>
      <checksum>D7732359</checksum>
    </file>
    <file>
      <version>
        <software_program>OpenStudio</software_program>
        <identifier>1.3.0</identifier>
        <min_compatible>2.0.4</min_compatible>
      </version>
      <filename>measure.rb</filename>
      <filetype>rb</filetype>
      <usage_type>script</usage_type>
      <checksum>CF820573</checksum>
    </file>
  </files>
</measure>
