<measure>
  <schema_version>3.0</schema_version>
  <name>process_constructions_unfinished_attic</name>
  <uid>235ba3ce-dd83-4287-aa0e-435dc1cbf1a7</uid>
  <version_id>eebdff8b-eb69-4bf2-89b1-b06776e30fc8</version_id>
  <version_modified>20180822T022835Z</version_modified>
  <xml_checksum>1E963D9C</xml_checksum>
  <class_name>ProcessConstructionsUnfinishedAttic</class_name>
  <display_name>Set Residential Unfinished Attic Constructions</display_name>
  <description>This measure assigns constructions to unfinished attic floors and roofs. See https://github.com/NREL/OpenStudio-BEopt#workflows for supported workflows using this measure.</description>
  <modeler_description>Calculates and assigns material layer properties of constructions for unfinished attic: 1) floors and 2) roofs. Uninsulated constructions will also be assigned to other roofs over unfinished space. Any existing constructions for these surfaces will be removed.</modeler_description>
  <arguments>
    <argument>
      <name>ceiling_r</name>
      <display_name>Ceiling Insulation Nominal R-value</display_name>
      <description>Refers to the R-value of the insulation and not the overall R-value of the assembly.</description>
      <type>Double</type>
      <units>h-ft^2-R/Btu</units>
      <required>true</required>
      <model_dependent>false</model_dependent>
      <default_value>30</default_value>
    </argument>
    <argument>
      <name>ceiling_install_grade</name>
      <display_name>Ceiling Install Grade</display_name>
      <description>Installation grade as defined by RESNET standard. 5% of the cavity is considered missing insulation for Grade 3, 2% for Grade 2, and 0% for Grade 1.</description>
      <type>Choice</type>
      <required>true</required>
      <model_dependent>false</model_dependent>
      <default_value>1</default_value>
      <choices>
        <choice>
          <value>1</value>
          <display_name>1</display_name>
        </choice>
        <choice>
          <value>2</value>
          <display_name>2</display_name>
        </choice>
        <choice>
          <value>3</value>
          <display_name>3</display_name>
        </choice>
      </choices>
    </argument>
    <argument>
      <name>ceiling_ins_thick_in</name>
      <display_name>Ceiling Insulation Thickness</display_name>
      <description>The thickness in inches of insulation required to obtain the specified R-value.</description>
      <type>Double</type>
      <units>in</units>
      <required>true</required>
      <model_dependent>false</model_dependent>
      <default_value>8.55</default_value>
    </argument>
    <argument>
      <name>ceiling_framing_factor</name>
      <display_name>Ceiling Framing Factor</display_name>
      <description>Fraction of ceiling that is framing.</description>
      <type>Double</type>
      <units>frac</units>
      <required>true</required>
      <model_dependent>false</model_dependent>
      <default_value>0.07</default_value>
    </argument>
    <argument>
      <name>ceiling_joist_height_in</name>
      <display_name>Ceiling Joist Height</display_name>
      <description>Height of the joist member.</description>
      <type>Double</type>
      <units>in</units>
      <required>true</required>
      <model_dependent>false</model_dependent>
      <default_value>3.5</default_value>
    </argument>
    <argument>
      <name>ceiling_drywall_thick_in</name>
      <display_name>Ceiling Drywall Thickness</display_name>
      <description>Thickness of the ceiling drywall material.</description>
      <type>Double</type>
      <units>in</units>
      <required>true</required>
      <model_dependent>false</model_dependent>
      <default_value>0.5</default_value>
    </argument>
    <argument>
      <name>roof_cavity_r</name>
      <display_name>Roof Cavity Insulation Nominal R-value</display_name>
      <description>Refers to the R-value of the cavity insulation and not the overall R-value of the assembly.</description>
      <type>Double</type>
      <units>h-ft^2-R/Btu</units>
      <required>true</required>
      <model_dependent>false</model_dependent>
      <default_value>0</default_value>
    </argument>
    <argument>
      <name>roof_install_grade</name>
      <display_name>Roof Cavity Install Grade</display_name>
      <description>Installation grade as defined by RESNET standard. 5% of the cavity is considered missing insulation for Grade 3, 2% for Grade 2, and 0% for Grade 1.</description>
      <type>Choice</type>
      <required>true</required>
      <model_dependent>false</model_dependent>
      <default_value>1</default_value>
      <choices>
        <choice>
          <value>1</value>
          <display_name>1</display_name>
        </choice>
        <choice>
          <value>2</value>
          <display_name>2</display_name>
        </choice>
        <choice>
          <value>3</value>
          <display_name>3</display_name>
        </choice>
      </choices>
    </argument>
    <argument>
      <name>roof_cavity_ins_thick_in</name>
      <display_name>Roof Cavity Insulation Thickness</display_name>
      <description>The thickness in inches of insulation required to obtain the specified R-value.</description>
      <type>Double</type>
      <units>in</units>
      <required>true</required>
      <model_dependent>false</model_dependent>
      <default_value>0</default_value>
    </argument>
    <argument>
      <name>roof_framing_factor</name>
      <display_name>Roof Framing Factor</display_name>
      <description>Fraction of roof that is framing.</description>
      <type>Double</type>
      <units>frac</units>
      <required>true</required>
      <model_dependent>false</model_dependent>
      <default_value>0.07</default_value>
    </argument>
    <argument>
      <name>roof_framing_thick_in</name>
      <display_name>Roof Framing Thickness</display_name>
      <description>Thickness of roof framing.</description>
      <type>Double</type>
      <units>in</units>
      <required>true</required>
      <model_dependent>false</model_dependent>
      <default_value>7.25</default_value>
    </argument>
    <argument>
      <name>roof_osb_thick_in</name>
      <display_name>Roof OSB/Plywood Thickness</display_name>
      <description>Specifies the thickness of the roof OSB/plywood sheathing. Enter 0 for no sheathing.</description>
      <type>Double</type>
      <units>in</units>
      <required>true</required>
      <model_dependent>false</model_dependent>
      <default_value>0.75</default_value>
    </argument>
    <argument>
      <name>roof_rigid_r</name>
      <display_name>Roof Continuous Insulation Nominal R-value</display_name>
      <description>The R-value of the roof continuous insulation.</description>
      <type>Double</type>
      <units>h-ft^2-R/Btu</units>
      <required>true</required>
      <model_dependent>false</model_dependent>
      <default_value>0</default_value>
    </argument>
    <argument>
      <name>roofing_material</name>
      <display_name>Roofing Material</display_name>
      <description>The roofing material.</description>
      <type>Choice</type>
      <required>true</required>
      <model_dependent>false</model_dependent>
      <default_value>Asphalt Shingles, Medium</default_value>
      <choices>
        <choice>
          <value>Asphalt Shingles, Dark</value>
          <display_name>Asphalt Shingles, Dark</display_name>
        </choice>
        <choice>
          <value>Asphalt Shingles, Medium</value>
          <display_name>Asphalt Shingles, Medium</display_name>
        </choice>
        <choice>
          <value>Asphalt Shingles, Light</value>
          <display_name>Asphalt Shingles, Light</display_name>
        </choice>
        <choice>
          <value>Asphalt Shingles, White or Cool Colors</value>
          <display_name>Asphalt Shingles, White or Cool Colors</display_name>
        </choice>
        <choice>
          <value>Tile, Dark</value>
          <display_name>Tile, Dark</display_name>
        </choice>
        <choice>
          <value>Tile, Medium</value>
          <display_name>Tile, Medium</display_name>
        </choice>
        <choice>
          <value>Tile, Light</value>
          <display_name>Tile, Light</display_name>
        </choice>
        <choice>
          <value>Tile, White</value>
          <display_name>Tile, White</display_name>
        </choice>
        <choice>
          <value>Metal, Dark</value>
          <display_name>Metal, Dark</display_name>
        </choice>
        <choice>
          <value>Metal, Medium</value>
          <display_name>Metal, Medium</display_name>
        </choice>
        <choice>
          <value>Metal, Light</value>
          <display_name>Metal, Light</display_name>
        </choice>
        <choice>
          <value>Metal, White</value>
          <display_name>Metal, White</display_name>
        </choice>
        <choice>
          <value>Galvanized Steel</value>
          <display_name>Galvanized Steel</display_name>
        </choice>
      </choices>
    </argument>
    <argument>
      <name>has_radiant_barrier</name>
      <display_name>Has Radiant Barrier</display_name>
      <description>Specifies whether the attic has a radiant barrier.</description>
      <type>Boolean</type>
      <required>true</required>
      <model_dependent>false</model_dependent>
      <default_value>false</default_value>
      <choices>
        <choice>
          <value>true</value>
          <display_name>true</display_name>
        </choice>
        <choice>
          <value>false</value>
          <display_name>false</display_name>
        </choice>
      </choices>
    </argument>
  </arguments>
  <outputs/>
  <provenances/>
  <tags>
    <tag>Envelope.Opaque</tag>
  </tags>
  <attributes>
    <attribute>
      <name>Measure Type</name>
      <value>ModelMeasure</value>
      <datatype>string</datatype>
    </attribute>
    <attribute>
      <name>Uses SketchUp API</name>
      <value>false</value>
      <datatype>boolean</datatype>
    </attribute>
  </attributes>
  <files>
    <file>
      <filename>UnfinishedAttic_Test.rb</filename>
      <filetype>rb</filetype>
      <usage_type>test</usage_type>
      <checksum>B9026197</checksum>
    </file>
    <file>
      <version>
        <software_program>OpenStudio</software_program>
        <identifier>1.3.0</identifier>
        <min_compatible>2.0.4</min_compatible>
      </version>
      <filename>measure.rb</filename>
      <filetype>rb</filetype>
      <usage_type>script</usage_type>
      <checksum>85101D9C</checksum>
    </file>
    <file>
      <filename>util.rb</filename>
      <filetype>rb</filetype>
      <usage_type>resource</usage_type>
      <checksum>4516079E</checksum>
    </file>
    <file>
      <filename>materials.rb</filename>
      <filetype>rb</filetype>
      <usage_type>resource</usage_type>
      <checksum>82D32FEE</checksum>
    </file>
    <file>
      <filename>constants.rb</filename>
      <filetype>rb</filetype>
      <usage_type>resource</usage_type>
      <checksum>3BCB1148</checksum>
    </file>
    <file>
      <filename>geometry.rb</filename>
      <filetype>rb</filetype>
      <usage_type>resource</usage_type>
      <checksum>3A649817</checksum>
    </file>
    <file>
      <filename>constructions.rb</filename>
      <filetype>rb</filetype>
      <usage_type>resource</usage_type>
      <checksum>D8B04DC5</checksum>
    </file>
    <file>
      <filename>unit_conversions.rb</filename>
      <filetype>rb</filetype>
      <usage_type>resource</usage_type>
      <checksum>81550F14</checksum>
    </file>
    <file>
      <filename>SFD_2000sqft_2story_FB_UA_Denver.osm</filename>
      <filetype>osm</filetype>
      <usage_type>test</usage_type>
      <checksum>C5713680</checksum>
    </file>
  </files>
</measure>
