<measure>
  <schema_version>3.0</schema_version>
  <name>process_boiler</name>
  <uid>42909b35-edc9-41b3-ba59-de138eac3c85</uid>
  <version_id>ea0266cb-d94e-40bf-966e-546614cfe199</version_id>
  <version_modified>20190103T214701Z</version_modified>
  <xml_checksum>470FC630</xml_checksum>
  <class_name>ProcessBoiler</class_name>
  <display_name>Set Residential Boiler</display_name>
  <description>This measure removes any existing HVAC heating components from the building and adds a boiler along with constant speed pump and water baseboard coils to a hot water plant loop. For multifamily buildings, the supply components on the plant loop can be set for all units of the building. See https://github.com/NREL/OpenStudio-BEopt#workflows for supported workflows using this measure.</description>
  <modeler_description>Any heating components or baseboard convective electrics/waters are removed from any existing air/plant loops or zones. A boiler along with constant speed pump and water baseboard coils are added to a hot water plant loop.</modeler_description>
  <arguments>
    <argument>
      <name>fuel_type</name>
      <display_name>Fuel Type</display_name>
      <description>Type of fuel used for heating.</description>
      <type>Choice</type>
      <required>true</required>
      <model_dependent>false</model_dependent>
      <default_value>gas</default_value>
      <choices>
        <choice>
          <value>gas</value>
          <display_name>gas</display_name>
        </choice>
        <choice>
          <value>oil</value>
          <display_name>oil</display_name>
        </choice>
        <choice>
          <value>propane</value>
          <display_name>propane</display_name>
        </choice>
        <choice>
          <value>electric</value>
          <display_name>electric</display_name>
        </choice>
      </choices>
    </argument>
    <argument>
      <name>system_type</name>
      <display_name>System Type</display_name>
      <description>The system type of the boiler.</description>
      <type>Choice</type>
      <required>true</required>
      <model_dependent>false</model_dependent>
      <default_value>hot water, forced draft</default_value>
      <choices>
        <choice>
          <value>hot water, forced draft</value>
          <display_name>hot water, forced draft</display_name>
        </choice>
        <choice>
          <value>hot water, condensing</value>
          <display_name>hot water, condensing</display_name>
        </choice>
        <choice>
          <value>hot water, natural draft</value>
          <display_name>hot water, natural draft</display_name>
        </choice>
      </choices>
    </argument>
    <argument>
      <name>afue</name>
      <display_name>Installed AFUE</display_name>
      <description>The installed Annual Fuel Utilization Efficiency (AFUE) of the boiler, which can be used to account for performance derating or degradation relative to the rated value.</description>
      <type>Double</type>
      <units>Btu/Btu</units>
      <required>true</required>
      <model_dependent>false</model_dependent>
      <default_value>0.8</default_value>
    </argument>
    <argument>
      <name>oat_reset_enabled</name>
      <display_name>Outside Air Reset Enabled</display_name>
      <description>Outside Air Reset Enabled on Hot Water Supply Temperature.</description>
      <type>Boolean</type>
      <required>true</required>
      <model_dependent>false</model_dependent>
      <default_value>false</default_value>
      <choices>
        <choice>
          <value>true</value>
          <display_name>true</display_name>
        </choice>
        <choice>
          <value>false</value>
          <display_name>false</display_name>
        </choice>
      </choices>
    </argument>
    <argument>
      <name>oat_high</name>
      <display_name>High Outside Air Temp</display_name>
      <description>High Outside Air Temperature.</description>
      <type>Double</type>
      <units>degrees F</units>
      <required>false</required>
      <model_dependent>false</model_dependent>
    </argument>
    <argument>
      <name>oat_low</name>
      <display_name>Low Outside Air Temp</display_name>
      <description>Low Outside Air Temperature.</description>
      <type>Double</type>
      <units>degrees F</units>
      <required>false</required>
      <model_dependent>false</model_dependent>
    </argument>
    <argument>
      <name>oat_hwst_high</name>
      <display_name>Hot Water Supply Temp High Outside Air</display_name>
      <description>Hot Water Supply Temperature corresponding to High Outside Air Temperature.</description>
      <type>Double</type>
      <units>degrees F</units>
      <required>false</required>
      <model_dependent>false</model_dependent>
    </argument>
    <argument>
      <name>oat_hwst_low</name>
      <display_name>Hot Water Supply Temp Low Outside Air</display_name>
      <description>Hot Water Supply Temperature corresponding to Low Outside Air Temperature.</description>
      <type>Double</type>
      <units>degrees F</units>
      <required>false</required>
      <model_dependent>false</model_dependent>
    </argument>
    <argument>
      <name>design_temp</name>
      <display_name>Design Temperature</display_name>
      <description>Temperature of the outlet water.</description>
      <type>Double</type>
      <units>degrees F</units>
      <required>true</required>
      <model_dependent>false</model_dependent>
      <default_value>180</default_value>
    </argument>
    <argument>
      <name>capacity</name>
      <display_name>Heating Capacity</display_name>
      <description>The output heating capacity of the boiler. If using 'autosize', the autosizing algorithm will use ACCA Manual S to set the capacity.</description>
      <type>String</type>
      <units>kBtu/hr</units>
      <required>true</required>
      <model_dependent>false</model_dependent>
      <default_value>autosize</default_value>
    </argument>
    <argument>
      <name>dse</name>
      <display_name>Distribution System Efficiency</display_name>
      <description>Defines the energy losses associated with the delivery of energy from the equipment to the source of the load.</description>
      <type>String</type>
      <required>true</required>
      <model_dependent>false</model_dependent>
      <default_value>NA</default_value>
    </argument>
  </arguments>
  <outputs/>
  <provenances/>
  <tags>
    <tag>HVAC.Heating</tag>
  </tags>
  <attributes>
    <attribute>
      <name>Measure Type</name>
      <value>ModelMeasure</value>
      <datatype>string</datatype>
    </attribute>
    <attribute>
      <name>Intended Software Tool</name>
      <value>Apply Measure Now</value>
      <datatype>string</datatype>
    </attribute>
    <attribute>
      <name>Intended Software Tool</name>
      <value>OpenStudio Application</value>
      <datatype>string</datatype>
    </attribute>
    <attribute>
      <name>Intended Software Tool</name>
      <value>Parametric Analysis Tool</value>
      <datatype>string</datatype>
    </attribute>
  </attributes>
  <files>
    <file>
      <filename>process_boiler_test.rb</filename>
      <filetype>rb</filetype>
      <usage_type>test</usage_type>
      <checksum>BA1A11D0</checksum>
    </file>
    <file>
      <version>
        <software_program>OpenStudio</software_program>
        <identifier>1.13.2</identifier>
        <min_compatible>2.0.4</min_compatible>
      </version>
      <filename>measure.rb</filename>
      <filetype>rb</filetype>
      <usage_type>script</usage_type>
      <checksum>3ED063BD</checksum>
    </file>
  </files>
</measure>
