<measure>
  <schema_version>3.0</schema_version>
  <name>process_cooling_setpoints</name>
  <uid>2daa9d28-8891-4074-a1d1-bce3cb3d7ac6</uid>
  <version_id>3d062b9b-75b0-426f-b3db-21c28436beb2</version_id>
  <version_modified>20181113T060900Z</version_modified>
  <xml_checksum>356BE47F</xml_checksum>
  <class_name>ProcessCoolingSetpoints</class_name>
  <display_name>Set Residential Cooling Setpoints and Schedules</display_name>
  <description>This measure creates the cooling season schedules and the cooling setpoint schedules. See https://github.com/NREL/OpenStudio-BEopt#workflows for supported workflows using this measure. </description>
  <modeler_description>This measure creates residential cooling season ruleset objects. Schedule values are either user-defined or populated based on information contained in the EPW file. This measure also creates residential cooling setpoint ruleset objects. Schedule values are populated based on information input by the user as well as contained in the residential cooling season. The cooling setpoint schedules are added to the living zone's thermostat. The cooling setpoint schedule is constructed by taking the base setpoint (or 24-hour comma-separated cooling schedule) and applying an optional offset, as specified by the offset magnitude and offset schedule. If specified as a 24-hour schedule, the base setpoint can incorporate setpoint schedule changes, but having a separately specified offset magnitude and schedule is convenient for parametric runs.</modeler_description>
  <arguments>
    <argument>
      <name>weekday_setpoint</name>
      <display_name>Weekday Setpoint</display_name>
      <description>Specify a single cooling setpoint or a 24-hour comma-separated cooling schedule for the weekdays.</description>
      <type>String</type>
      <units>degrees F</units>
      <required>true</required>
      <model_dependent>false</model_dependent>
      <default_value>76</default_value>
    </argument>
    <argument>
      <name>weekend_setpoint</name>
      <display_name>Weekend Setpoint</display_name>
      <description>Specify a single cooling setpoint or a 24-hour comma-separated cooling schedule for the weekend.</description>
      <type>String</type>
      <units>degrees F</units>
      <required>true</required>
      <model_dependent>false</model_dependent>
      <default_value>76</default_value>
    </argument>
    <argument>
      <name>weekday_offset_magnitude</name>
      <display_name>Weekday Offset Magnitude</display_name>
      <description>Specify the magnitude of the cooling setpoint offset for the weekdays, which will be applied during hours specified by the offset schedule. A positive offset increases the setpoint while a negative offset decreases the setpoint.</description>
      <type>Double</type>
      <units>degrees F</units>
      <required>true</required>
      <model_dependent>false</model_dependent>
      <default_value>0</default_value>
    </argument>
    <argument>
      <name>weekend_offset_magnitude</name>
      <display_name>weekend Offset Magnitude</display_name>
      <description>Specify the magnitude of the cooling setpoint offset for the weekdays, which will be applied during hours specified by the offset schedule. A positive offset increases the setpoint while a negative offset decreases the setpoint.</description>
      <type>Double</type>
      <units>degrees F</units>
      <required>true</required>
      <model_dependent>false</model_dependent>
      <default_value>0</default_value>
    </argument>
    <argument>
      <name>weekday_offset_schedule</name>
      <display_name>Weekday offset Schedule</display_name>
      <description>Specify a 24-hour comma-separated schedule of 0s and 1s for applying the offset on weekdays.</description>
      <type>String</type>
      <units>degrees F</units>
      <required>true</required>
      <model_dependent>false</model_dependent>
      <default_value>0,0,0,0,0,0,0,0,0,0,0,0,0,0,0,0,0,0,0,0,0,0,0,0</default_value>
    </argument>
    <argument>
      <name>weekend_offset_schedule</name>
      <display_name>Weekend offset Schedule</display_name>
      <description>Specify a 24-hour comma-separated schedule of 0s and 1s for applying the offset on weekend.</description>
      <type>String</type>
      <units>degrees F</units>
      <required>true</required>
      <model_dependent>false</model_dependent>
      <default_value>0,0,0,0,0,0,0,0,0,0,0,0,0,0,0,0,0,0,0,0,0,0,0,0</default_value>
    </argument>
    <argument>
      <name>use_auto_season</name>
      <display_name>Use Auto Cooling Season</display_name>
      <description>Specifies whether to automatically define the cooling season based on the weather file. User-defined cooling season start/end months will be ignored if this is selected.</description>
      <type>Boolean</type>
      <required>true</required>
      <model_dependent>false</model_dependent>
      <default_value>false</default_value>
      <choices>
        <choice>
          <value>true</value>
          <display_name>true</display_name>
        </choice>
        <choice>
          <value>false</value>
          <display_name>false</display_name>
        </choice>
      </choices>
    </argument>
    <argument>
      <name>season_start_month</name>
      <display_name>Cooling Season Start Month</display_name>
      <description>Start month of the cooling season.</description>
      <type>Choice</type>
      <required>false</required>
      <model_dependent>false</model_dependent>
      <default_value>Jan</default_value>
      <choices>
        <choice>
          <value>Jan</value>
          <display_name>Jan</display_name>
        </choice>
        <choice>
          <value>Feb</value>
          <display_name>Feb</display_name>
        </choice>
        <choice>
          <value>Mar</value>
          <display_name>Mar</display_name>
        </choice>
        <choice>
          <value>Apr</value>
          <display_name>Apr</display_name>
        </choice>
        <choice>
          <value>May</value>
          <display_name>May</display_name>
        </choice>
        <choice>
          <value>Jun</value>
          <display_name>Jun</display_name>
        </choice>
        <choice>
          <value>Jul</value>
          <display_name>Jul</display_name>
        </choice>
        <choice>
          <value>Aug</value>
          <display_name>Aug</display_name>
        </choice>
        <choice>
          <value>Sep</value>
          <display_name>Sep</display_name>
        </choice>
        <choice>
          <value>Oct</value>
          <display_name>Oct</display_name>
        </choice>
        <choice>
          <value>Nov</value>
          <display_name>Nov</display_name>
        </choice>
        <choice>
          <value>Dec</value>
          <display_name>Dec</display_name>
        </choice>
      </choices>
    </argument>
    <argument>
      <name>season_end_month</name>
      <display_name>Cooling Season End Month</display_name>
      <description>End month of the cooling season.</description>
      <type>Choice</type>
      <required>false</required>
      <model_dependent>false</model_dependent>
      <default_value>Dec</default_value>
      <choices>
        <choice>
          <value>Jan</value>
          <display_name>Jan</display_name>
        </choice>
        <choice>
          <value>Feb</value>
          <display_name>Feb</display_name>
        </choice>
        <choice>
          <value>Mar</value>
          <display_name>Mar</display_name>
        </choice>
        <choice>
          <value>Apr</value>
          <display_name>Apr</display_name>
        </choice>
        <choice>
          <value>May</value>
          <display_name>May</display_name>
        </choice>
        <choice>
          <value>Jun</value>
          <display_name>Jun</display_name>
        </choice>
        <choice>
          <value>Jul</value>
          <display_name>Jul</display_name>
        </choice>
        <choice>
          <value>Aug</value>
          <display_name>Aug</display_name>
        </choice>
        <choice>
          <value>Sep</value>
          <display_name>Sep</display_name>
        </choice>
        <choice>
          <value>Oct</value>
          <display_name>Oct</display_name>
        </choice>
        <choice>
          <value>Nov</value>
          <display_name>Nov</display_name>
        </choice>
        <choice>
          <value>Dec</value>
          <display_name>Dec</display_name>
        </choice>
      </choices>
    </argument>
  </arguments>
  <outputs/>
  <provenances/>
  <tags>
    <tag>HVAC.HVAC Controls</tag>
  </tags>
  <attributes>
    <attribute>
      <name>Measure Type</name>
      <value>ModelMeasure</value>
      <datatype>string</datatype>
    </attribute>
    <attribute>
      <name>Intended Software Tool</name>
      <value>Apply Measure Now</value>
      <datatype>string</datatype>
    </attribute>
    <attribute>
      <name>Intended Software Tool</name>
      <value>OpenStudio Application</value>
      <datatype>string</datatype>
    </attribute>
    <attribute>
      <name>Intended Software Tool</name>
      <value>Parametric Analysis Tool</value>
      <datatype>string</datatype>
    </attribute>
  </attributes>
  <files>
    <file>
      <filename>process_cooling_setpoints_test.rb</filename>
      <filetype>rb</filetype>
      <usage_type>test</usage_type>
      <checksum>7D674002</checksum>
    </file>
    <file>
      <version>
        <software_program>OpenStudio</software_program>
        <identifier>1.11.5</identifier>
        <min_compatible>2.0.4</min_compatible>
      </version>
      <filename>measure.rb</filename>
      <filetype>rb</filetype>
      <usage_type>script</usage_type>
      <checksum>1D4E3A01</checksum>
    </file>
  </files>
</measure>
