Building,ASHRAE IECC Climate Zone 2004,County and PUMA,CEC Climate Zone,County,PUMA,Geometry Building Type ACS,PUMA Metro Status,State,Census Division,Vacancy Status,Vintage ACS,Tenure,Income,Income RECS2015,Income RECS2020,Geometry Floor Area,Bedrooms,Occupants,Bathroom Spot Vent Hour,Dehumidifier,Door Area,Doors,Eaves,Electric Vehicle Battery,Electric Vehicle Miles Traveled,HVAC System Is Faulted,HVAC System Is Scaled,Holiday Lighting,Hot Water Distribution,Interior Shading,Lighting Interior Use,Lighting Other Use,Mechanical Ventilation,Misc Gas Fireplace,Misc Gas Grill,Misc Gas Lighting,Natural Ventilation,Orientation,Range Spot Vent Hour,Usage Level,Clothes Dryer Usage Level,Clothes Washer Usage Level,Cooking Range Usage Level,Dishwasher Usage Level,Ground Thermal Conductivity,Hot Water Fixtures,Plug Load Diversity,Refrigerator Usage Level,AIANNH Area,City,AHS Region,ASHRAE IECC Climate Zone 2004 - Sub-CZ Split,Building America Climate Zone,Energystar Climate Zone 2023,Generation And Emissions Assessment Region,ISO RTO Region,Metropolitan and Micropolitan Statistical Area,REEDS Balancing Area,Sampling Region,Census Division RECS,County Metro Status,Custom State,Geometry Building Number Units SFA,Geometry Building Type RECS,Location Region,Vintage,Census Region,Cooling Setpoint Has Offset,Corridor,Geometry Building Horizontal Location SFA,Heating Fuel,Lighting,Neighbors,Plug Loads,Radiant Barrier,Ceiling Fan,Cooling Setpoint Offset Magnitude,Cooling Setpoint Offset Period,Geometry Foundation Type,HVAC Heating Type,HVAC Secondary Heating Fuel,Has PV,Roof Material,Water Heater Fuel,Water Heater In Unit,Battery,HVAC Cooling Type,HVAC Secondary Heating Type,Insulation Floor,Insulation Foundation Wall,Insulation Slab,PV Orientation,PV System Size,Water Heater Efficiency,Cooling Setpoint,HVAC Has Shared System,HVAC Secondary Heating Efficiency,HVAC Secondary Heating Partial Space Conditioning,Insulation Rim Joist,HVAC Cooling Efficiency,HVAC Has Ducts,HVAC Heating Efficiency,HVAC Shared Efficiencies,Geometry Floor Area Bin,HVAC Cooling Autosizing Factor,HVAC Has Zonal Electric Heating,HVAC Heating Autosizing Factor,HVAC Heating Type And Fuel,HVAC System Single Speed AC Airflow,HVAC System Single Speed AC Charge,HVAC System Single Speed ASHP Airflow,HVAC System Single Speed ASHP Charge,Infiltration,Geometry Stories,HVAC Cooling Partial Space Conditioning,Heating Setpoint,Heating Setpoint Has Offset,Area Median Income,Federal Poverty Level,Geometry Building Level MF,Geometry Building Number Units MF,Geometry Building Type Height,Geometry Stories Low Rise,Geometry Story Bin,Heating Setpoint Offset Magnitude,Heating Setpoint Offset Period,Clothes Washer Presence,Cooking Range,Cooling Unavailable Days,Dishwasher,Electric Vehicle Charge At Home,Electric Vehicle Ownership,Geometry Attic Type,Geometry Building Horizontal Location MF,Geometry Garage,Geometry Wall Type,Household Has Tribal Persons,Misc Extra Refrigerator,Misc Freezer,Misc Hot Tub Spa,Misc Pool,Misc Well Pump,Refrigerator,State Metro Median Income,Window Areas,Windows,Clothes Dryer,Clothes Washer,Electric Vehicle Charger,Geometry Space Combination,Geometry Wall Exterior Finish,Heating Unavailable Days,Insulation Ceiling,Insulation Roof,Insulation Wall,Misc Pool Heater,Misc Pool Pump,Duct Location,Electric Vehicle Outlet Access,Water Heater Location,Duct Leakage and Insulation
100683,4A,"G2901770, G29000800",None,"MO, Ray County","MO, 00800",Single-Family Detached,Not/partially in metro area,MO,West North Central,Occupied,1980-99,Owner,100000-119999,100000-119999,100000-149999,2500-2999,4,1,Hour21,None,20 ft^2,Fiberglass,2 ft,"Compact, Battery Electric Vehicle, 300 mile range",7000,No,No,No Exterior Use,Uninsulated,Light Curtains,100% Usage,100% Usage,None,None,None,None,"Cooling Season, 7 days/wk",West,Hour17,High,120% Usage,120% Usage,120% Usage,120% Usage,1.1,140% Usage,200%,105% Usage,No,In another census Place,Non-CBSA West North Central,4A,Mixed-Humid,North-Central,SPP South,None,"Kansas City, MO-KS MSA",54,13,West North Central,Metropolitan,Others,None,Single-Family Detached,CR08,<1940,Midwest,No,Not Applicable,None,Propane,100% CFL,Left/Right at 15ft,95%,No,None,0F,None,Vented Crawlspace,Ducted Heating,None,No,Composition Shingles,Propane,Yes,None,Central AC,None,Uninsulated,Uninsulated,None,None,None,Propane Standard,75F,None,None,0%,Uninsulated,"AC, SEER2 12.4",Yes,"Fuel Furnace, 80% AFUE",None,2500-3999,None,No,None,Propane Fuel Furnace,None,None,None,None,10 ACH50,2,100% Conditioned,70F,No,150%+,400%+,None,None,Single-Family Detached,2,<8,0F,None,Yes,Gas,Never,EnergyStar,80-99%,No,Vented Attic,None,2 Car,Wood Frame,No,EF 6.7,None,None,None,None,EF 19.9,150%+,F12 B12 L12 R12,"Double, Clear, Non-metal, Air",Electric,EnergyStar,None,"Single-Family Detached, Vented Crawlspace, Vented Attic, 2 Car Garage","Wood, Medium/Dark",Never,R-19,"Unfinished, Uninsulated","Wood Stud, Uninsulated",None,None,Crawlspace,Yes,Garage,"20% Leakage to Outside, Uninsulated"
323564,3B,"G0600730, G06007304",7,"CA, San Diego County","CA, 07304",50 or more Unit,"In metro area, not/partially in principal city",CA,Pacific,Vacant,1960-79,Not Available,Not Available,Not Available,Not Available,500-749,1,0,Hour3,None,20 ft^2,Fiberglass,2 ft,"SUV, Battery Electric Vehicle, 300 mile range",11000,No,No,No Exterior Use,Uninsulated,Light Curtains,100% Usage,100% Usage,None,None,None,None,"Cooling Season, 7 days/wk",East,Hour17,Low,80% Usage,80% Usage,80% Usage,80% Usage,1.4,70% Usage,50%,95% Usage,No,"CA, Carlsbad",Non-CBSA Pacific,3B,Hot-Dry,South-Central,CAISO,CAISO,"San Diego-Carlsbad, CA MSA",11,103,Pacific,Metropolitan,Others,None,Multi-Family with 5+ Units,CR11,2000s,West,Yes,Double-Loaded Interior,None,Electricity,100% LED,12,91%,None,"Standard Efficiency, No usage",5F,Night Setback +4h,Slab,Non-Ducted Heating,None,No,"Asphalt Shingles, Medium",Natural Gas,No,None,None,None,None,None,Uninsulated,None,None,Natural Gas Standard,68F,Heating Only,None,0%,None,None,No,Shared Heating,"Boiler Baseboards Heating Only, Electricity",0-1499,None,No,None,Electricity Shared Heating,None,None,None,None,15 ACH50,35,None,55F,Yes,Not Available,Not Available,Middle,67,"Multi-Family with 5+ Units, 8+ Stories",4+,8+,12F,Night -5h,None,Electric Induction,Never,Standard,100%,No,None,Right,None,Steel Frame,Not Available,None,None,None,None,None,EF 17.6,Not Available,F30 B30 L30 R30,"Double, Clear, Metal, Air",None,None,None,"Multi-Family with 5+ Units Middle Unit, Slab, No Attic, No Garage","Vinyl, Light",Never,None,"Finished, R-30","Wood Stud, R-11",None,None,None,No,Conditioned Mechanical Room,None
323563,5A,"G4200030, G42001701",None,"PA, Allegheny County","PA, 01701",Single-Family Attached,"In metro area, principal city",PA,Middle Atlantic,Occupied,1980-99,Renter,<10000,<20000,<20000,1500-1999,3,1,Hour2,None,20 ft^2,Fiberglass,2 ft,"Compact, Battery Electric Vehicle, 300 mile range",13000,No,No,No Exterior Use,Uninsulated,Light Curtains,100% Usage,100% Usage,None,None,None,None,"Cooling Season, 7 days/wk",Northwest,Hour11,Medium,100% Usage,100% Usage,100% Usage,100% Usage,1.4,100% Usage,100%,100% Usage,No,"PA, Pittsburgh",Non-CBSA Middle Atlantic,5A,Cold,Northern,PJM East,PJM,"Pittsburgh, PA MSA",115,30,Middle Atlantic,Metropolitan,Others,12,Single-Family Attached,CR07,2000s,Northeast,Yes,Not Applicable,Middle,Natural Gas,100% Incandescent,None,108%,No,None,2F,Night Setback +1h,Unheated Basement,Ducted Heating,None,No,Composition Shingles,Electricity,Yes,None,Room AC,None,Ceiling R-19,Uninsulated,None,None,None,Electric Standard,72F,None,None,0%,Uninsulated,"Room AC, CEER 11.9",Yes,"Fuel Furnace, 80% AFUE",None,1500-2499,None,No,None,Natural Gas Fuel Furnace,None,None,None,None,6 ACH50,3,20% Conditioned,68F,No,0-30%,0-100%,None,None,Single-Family Attached,3,<8,0F,None,Yes,Electric Resistance,2 weeks,Standard,100%,No,Finished Attic or Cathedral Ceilings,None,None,Brick,No,None,None,None,None,None,EF 19.9,0-30%,F30 B30 L30 R30,"Single, Clear, Metal",Gas,Standard,None,"Single-Family Attached, Unheated Basement, Finished Attic, No Garage",None,2 weeks,None,"Finished, R-19","Brick, 12-in, 3-wythe, R-11",None,None,Unheated Basement,No,Unheated Basement,"20% Leakage to Outside, R-6"
182087,1A,"G1500030, G15000302",None,"HI, Honolulu County","HI, 00302",Single-Family Detached,"In metro area, not/partially in principal city",HI,Pacific,Occupied,1980-99,Renter,50000-59999,40000-59999,40000-59999,1000-1499,2,2,Hour1,None,20 ft^2,Fiberglass,2 ft,"SUV, Battery Electric Vehicle, 300 mile range",7000,No,No,No Exterior Use,Uninsulated,Light Curtains,100% Usage,100% Usage,None,None,None,None,"Cooling Season, 7 days/wk",South,Hour11,Medium,100% Usage,100% Usage,100% Usage,100% Usage,1.1,110% Usage,100%,100% Usage,No,"HI, Kailua",Non-CBSA Pacific,1A - HI,Hot-Humid,Southern,None,None,"Urban Honolulu, HI MSA",None,14,Pacific,Metropolitan,Others,None,Single-Family Detached,CRHI,2010s,West,Yes,Not Applicable,None,Electricity,100% LED,Left/Right at 15ft,94%,No,Standard Efficiency,2F,Night Setback -3h,Slab,Ducted Heat Pump,None,Yes,"Tile, Clay or Ceramic",Electricity,Yes,None,Ducted Heat Pump,None,None,None,"2ft R5 Perimeter, Vertical",South,5.0 kWDC,Electric Standard,75F,None,None,0%,None,Ducted Heat Pump,Yes,"ASHP, SEER2 14.3, 7.4 HSPF2",None,0-1499,None,No,None,Electricity ASHP,None,None,None,None,30 ACH50,1,100% Conditioned,70F,No,60-80%,300-400%,None,None,Single-Family Detached,1,<8,0F,None,Yes,Electric Resistance,Never,EnergyStar,100%,No,Vented Attic,None,1 Car,Brick,No,EF 17.6,"EF 12, National Average",None,Has Pool,None,EF 17.6,80-100%,F15 B15 L15 R15,"Single, Clear, Non-metal",Electric,EnergyStar,None,"Single-Family Detached, Slab, Vented Attic, 1 Car Garage","Stucco, Light",Never,R-30,"Unfinished, Uninsulated","Brick, 12-in, 3-wythe, R-19",Electricity,1.0 HP Pump,Attic,Yes,Outside,"30% Leakage to Outside, R-8"
230875,7AK,"G0201220, G02000200",None,"AK, Kenai Peninsula Borough","AK, 00200",20 to 49 Unit,Not/partially in metro area,AK,Pacific,Occupied,1980-99,Renter,15000-19999,<20000,<20000,750-999,1,1,Hour0,None,20 ft^2,Fiberglass,2 ft,"Compact, Battery Electric Vehicle, 300 mile range",3000,No,No,No Exterior Use,Uninsulated,Light Curtains,100% Usage,100% Usage,None,None,None,None,"Cooling Season, 7 days/wk",Southeast,Hour10,High,120% Usage,120% Usage,120% Usage,120% Usage,1.1,110% Usage,200%,105% Usage,Yes,In another census Place,Non-CBSA Pacific,7AK,Very Cold,Northern,None,None,None,None,1,Pacific,Non-Metropolitan,AK,None,Multi-Family with 5+ Units,CRAK,1990s,West,No,Double-Loaded Interior,None,Natural Gas,100% CFL,7,91%,None,Standard Efficiency,0F,None,Slab,Non-Ducted Heating,Natural Gas,No,"Asphalt Shingles, Medium",Natural Gas,Yes,None,None,Ducted Heating,None,None,"2ft R10 Perimeter, Vertical",None,None,Natural Gas Standard,72F,None,"Fuel Furnace, 92.5% AFUE",20%,None,None,Yes,"Fuel Boiler, 76% AFUE",None,0-1499,None,No,None,Natural Gas Fuel Boiler,None,None,None,None,8 ACH50,3,None,75F,No,30-60%,100-150%,Middle,43,"Multi-Family with 5+ Units, 1-3 Stories",3,<8,0F,None,Yes,Electric Resistance,Never,Standard,0-19%,No,None,Right,None,Wood Frame,Yes,None,None,None,None,None,EF 17.6,30-60%,F18 B18 L18 R18,"Double, Clear, Non-metal, Air",Electric,EnergyStar,None,"Multi-Family with 5+ Units Middle Unit, Slab, No Attic, No Garage","Wood, Medium/Dark",Never,None,"Finished, R-13","Wood Stud, R-19",None,None,Living Space,No,Living Space,"0% Leakage to Outside, Uninsulated"
175902,6A,"G3300090, G33000100",None,"NH, Grafton County","NH, 00100",Single-Family Detached,Not/partially in metro area,NH,New England,Occupied,<1940,Owner,60000-69999,60000-79999,60000-99999,2000-2499,3,4,Hour2,None,20 ft^2,Fiberglass,2 ft,"SUV, Battery Electric Vehicle, 300 mile range",9000,No,No,No Exterior Use,Uninsulated,Light Curtains,100% Usage,100% Usage,None,None,None,None,"Cooling Season, 7 days/wk",North,Hour6,High,120% Usage,120% Usage,120% Usage,120% Usage,1.7,130% Usage,200%,105% Usage,No,In another census Place,Non-CBSA New England,6A,Cold,Northern,ISONE,NEISO,"Claremont-Lebanon, NH-VT MicroSA",130,24,New England,Non-Metropolitan,Others,None,Single-Family Detached,CR03,1980s,Northeast,No,Not Applicable,None,Fuel Oil,100% Incandescent,Left/Right at 15ft,99%,No,None,0F,None,Heated Basement,Ducted Heating,None,No,"Asphalt Shingles, Medium",Fuel Oil,Yes,None,Room AC,None,Uninsulated,"Wall R-10, Exterior",None,None,None,FIXME Fuel Oil Indirect,60F,None,None,0%,"R-10, Exterior","Room AC, CEER 11.9",Yes,"Fuel Furnace, 80% AFUE",None,1500-2499,None,No,None,Fuel Oil Fuel Furnace,None,None,None,None,20 ACH50,1,<10% Conditioned,68F,Yes,80-100%,200-300%,None,None,Single-Family Detached,1,<8,6F,Night -2h,Yes,Electric Resistance,Never,EnergyStar,80-99%,No,Vented Attic,None,1 Car,Wood Frame,No,None,"EF 12, National Average",Electricity,None,Typical Efficiency,EF 6.7,100-120%,F9 B9 L9 R9,"Single, Clear, Non-metal",Electric,EnergyStar,None,"Single-Family Detached, Heated Basement, Vented Attic, 1 Car Garage","Wood, Medium/Dark",Never,R-30,"Unfinished, Uninsulated","Wood Stud, R-19",None,None,Heated Basement,Yes,Heated Basement,"0% Leakage to Outside, Uninsulated"
208201,2A,"G2200510, G22002301",None,"LA, Jefferson Parish","LA, 02301",3 or 4 Unit,"In metro area, principal city",LA,West South Central,Occupied,1940-59,Renter,20000-24999,20000-39999,20000-39999,750-999,2,4,Hour3,None,20 ft^2,Fiberglass,2 ft,"Midsize, Battery Electric Vehicle, 300 mile range",3000,No,No,No Exterior Use,Uninsulated,Light Curtains,100% Usage,100% Usage,None,None,None,None,"Cooling Season, 7 days/wk",Southwest,Hour16,Low,80% Usage,80% Usage,80% Usage,80% Usage,1.1,80% Usage,50%,95% Usage,No,"LA, Metairie",Non-CBSA West South Central,"2A - TX, LA",Hot-Humid,Southern,MISO South,MISO,"New Orleans-Metairie, LA MSA",58,22,West South Central,Metropolitan,Others,None,Multi-Family with 2 - 4 Units,CR09,1960s,South,Yes,Double-Loaded Interior,None,Electricity,100% LED,12,123%,None,Standard Efficiency,9F,Night Setback -3h,Vented Crawlspace,Non-Ducted Heating,None,No,"Asphalt Shingles, Medium",Electricity,Yes,None,Central AC,None,Uninsulated,Uninsulated,None,None,None,Electric Premium,72F,None,None,0%,Uninsulated,"AC, SEER2 12.4",Yes,"Electric Baseboard, 100% Efficiency",None,0-1499,None,Yes,None,Electricity Baseboard,None,None,None,None,40 ACH50,3,100% Conditioned,78F,Yes,0-30%,0-100%,Top,3,Multi-Family with 2 - 4 Units,3,<8,3F,Night,Yes,Electric Resistance,Never,None,100%,No,None,Not Applicable,None,Brick,No,None,None,None,None,None,None,30-60%,F15 B15 L15 R15,"Single, Clear, Non-metal, Exterior Clear Storm",Electric,EnergyStar,None,"Multi-Family with 2 - 4 Units Top Unit, Vented Crawlspace, No Attic, No Garage",None,Never,None,"Finished, Uninsulated","Brick, 12-in, 3-wythe, Uninsulated",None,None,Living Space,No,Living Space,"0% Leakage to Outside, Uninsulated"
67722,5B,"G0400170, G04000300",None,"AZ, Navajo County","AZ, 00300",Mobile Home,Not/partially in metro area,AZ,Mountain,Occupied,2000-09,Owner,60000-69999,60000-79999,60000-99999,1000-1499,2,7,Hour1,None,20 ft^2,Fiberglass,2 ft,"SUV, Battery Electric Vehicle, 300 mile range",13000,No,No,No Exterior Use,Uninsulated,Light Curtains,100% Usage,100% Usage,None,None,None,None,"Cooling Season, 7 days/wk",South,Hour19,Low,80% Usage,80% Usage,80% Usage,80% Usage,0.8,50% Usage,50%,95% Usage,No,Not in a census Place,Non-CBSA Mountain,5B,Cold,Northern,West Connect South,None,"Show Low, AZ MicroSA",28,35,Mountain South,Non-Metropolitan,Others,None,Mobile Home,CR10,2000s,West,No,Not Applicable,None,Electricity,100% LED,Left/Right at 15ft,166%,No,Standard Efficiency,0F,None,Ambient,Ducted Heating,None,No,Slate,Electricity,Yes,None,Central AC,None,Ceiling R-13,None,None,None,None,Electric Standard,60F,None,None,0%,None,"AC, SEER2 14.3",Yes,"Electric Furnace, 100% AFUE",None,0-1499,None,No,None,Electricity Electric Furnace,None,None,None,None,6 ACH50,1,100% Conditioned,70F,No,60-80%,150-200%,None,None,Mobile Home,1,<8,0F,None,Yes,Electric Resistance,3 days,Standard,60-79%,No,None,None,None,Wood Frame,No,EF 21.9,None,None,None,None,EF 19.9,60-80%,F15 B15 L15 R15,"Double, Low-E, Non-metal, Air, M-Gain",Electric,Standard,None,"Mobile Home, Ambient, No Attic, No Garage","Wood, Medium/Dark",Never,None,"Finished, R-38","Wood Stud, R-19",None,None,Living Space,Yes,Living Space,"0% Leakage to Outside, Uninsulated"
120603,4A,"G3901670, G39003600",None,"OH, Washington County","OH, 03600",Single-Family Detached,Not/partially in metro area,OH,East North Central,Occupied,2010s,Owner,180000-199999,140000+,150000+,3000-3999,5,10+,Hour6,None,20 ft^2,Fiberglass,2 ft,"Midsize, Battery Electric Vehicle, 200 mile range",11000,No,No,No Exterior Use,Uninsulated,Light Curtains,100% Usage,100% Usage,None,None,Gas Grill,None,"Cooling Season, 7 days/wk",South,Hour16,Low,80% Usage,80% Usage,80% Usage,80% Usage,1.7,80% Usage,50%,95% Usage,No,Not in a census Place,Non-CBSA East North Central,4A,Mixed-Humid,North-Central,PJM East,PJM,"Marietta, OH MicroSA",112,17,East North Central,Non-Metropolitan,Others,None,Single-Family Detached,CR04,1950s,Midwest,Yes,Not Applicable,None,Propane,100% CFL,Left/Right at 15ft,85%,No,None,2F,Night Setback,Unvented Crawlspace,Ducted Heating,None,No,Composition Shingles,Propane,Yes,None,Central AC,None,Uninsulated,Uninsulated,None,None,None,Propane Standard,70F,None,None,0%,Uninsulated,"AC, SEER2 12.4",Yes,"Fuel Furnace, 80% AFUE",None,2500-3999,None,No,None,Propane Fuel Furnace,None,None,None,None,20 ACH50,1,60% Conditioned,70F,No,150%+,300-400%,None,None,Single-Family Detached,1,<8,0F,None,Yes,Propane,Never,None,80-99%,No,Vented Attic,None,2 Car,Wood Frame,No,EF 17.6,"EF 12, National Average",None,None,None,EF 15.9,150%+,F6 B6 L6 R6,"Double, Low-E, Non-metal, Air, M-Gain",Electric,Standard,None,"Single-Family Detached, Unvented Crawlspace, Vented Attic, 2 Car Garage","Brick, Medium/Dark",Never,R-13,"Unfinished, Uninsulated","Wood Stud, Uninsulated",None,None,Crawlspace,Yes,Crawlspace,"20% Leakage to Outside, Uninsulated"
102924,4A,"G3600610, G36003805",None,"NY, New York County","NY, 03805",10 to 19 Unit,"In metro area, principal city",NY,Middle Atlantic,Occupied,<1940,Renter,80000-99999,80000-99999,60000-99999,0-499,1,1,Hour6,None,20 ft^2,Fiberglass,2 ft,"SUV, Battery Electric Vehicle, 300 mile range",17000,No,No,No Exterior Use,Uninsulated,Light Curtains,100% Usage,100% Usage,None,None,None,None,"Cooling Season, 7 days/wk",East,Hour17,Medium,100% Usage,100% Usage,100% Usage,100% Usage,1.7,90% Usage,100%,100% Usage,No,"NY, New York","CBSA New York-Newark-Jersey City, NY-NJ-PA",4A,Mixed-Humid,North-Central,NYISO,NYISO,"New York-Newark-Jersey City, NY-NJ-PA MSA",127,48,Middle Atlantic,Metropolitan,Others,None,Multi-Family with 5+ Units,CR07,<1940,Northeast,Yes,Double-Loaded Interior,None,Natural Gas,100% LED,27,89%,None,Standard Efficiency,5F,Night Setback +4h,Unheated Basement,Non-Ducted Heating,None,No,"Asphalt Shingles, Medium",Natural Gas,No,None,Room AC,None,Uninsulated,Uninsulated,None,None,None,Natural Gas Standard,72F,Heating Only,None,0%,Uninsulated,"Room AC, CEER 10.6",No,Shared Heating,"Boiler Baseboards Heating Only, Fuel",0-1499,None,No,None,Natural Gas Shared Heating,None,None,None,None,50 ACH50,3,80% Conditioned,60F,No,100-120%,400%+,Bottom,18,"Multi-Family with 5+ Units, 1-3 Stories",3,<8,0F,None,None,Gas,Never,EnergyStar,0-19%,Yes,None,Middle,None,Wood Frame,No,None,None,None,None,None,EF 19.9,120-150%,F12 B12 L12 R12,"Double, Clear, Metal, Air",None,None,Level 1 charger,"Multi-Family with 5+ Units Bottom Unit, Unheated Basement, No Attic, No Garage","Vinyl, Light",Never,None,"Finished, R-7","Wood Stud, Uninsulated",None,None,None,No,Conditioned Mechanical Room,None
192596,3C,"G0600790, G06007902",4,"CA, San Luis Obispo County","CA, 07902",Single-Family Detached,"In metro area, not/partially in principal city",CA,Pacific,Occupied,1980-99,Owner,100000-119999,100000-119999,100000-149999,4000+,4,3,Hour18,None,20 ft^2,Fiberglass,2 ft,"SUV, Battery Electric Vehicle, 200 mile range",3000,No,No,No Exterior Use,Uninsulated,Light Curtains,100% Usage,100% Usage,None,None,None,None,"Cooling Season, 7 days/wk",North,Hour18,High,120% Usage,120% Usage,120% Usage,120% Usage,2,130% Usage,200%,105% Usage,No,In another census Place,Non-CBSA Pacific,3C,Marine,South-Central,CAISO,CAISO,"San Luis Obispo-Paso Robles-Arroyo Grande, CA MSA",9,102,Pacific,Metropolitan,Others,None,Single-Family Detached,CR11,1990s,West,No,Not Applicable,None,Natural Gas,100% LED,Left/Right at 15ft,94%,No,Standard Efficiency,0F,None,Slab,Ducted Heating,None,No,"Tile, Clay or Ceramic",Natural Gas,Yes,None,Central AC,None,None,None,Uninsulated,None,None,Natural Gas Standard,60F,None,None,0%,None,"AC, SEER2 12.4",Yes,"Fuel Furnace, 92.5% AFUE",None,4000+,None,No,None,Natural Gas Fuel Furnace,None,None,None,None,2 ACH50,2,100% Conditioned,62F,Yes,120-150%,400%+,None,None,Single-Family Detached,2,<8,3F,Night -3h,Yes,Gas,Never,Standard,80-99%,No,None,None,3 Car,Wood Frame,No,EF 19.9,None,Natural Gas,None,None,EF 10.2,150%+,F12 B12 L12 R12,"Double, Clear, Non-metal, Air, Exterior Clear Storm",Gas,Standard,None,"Single-Family Detached, Slab, No Attic, 3 Car Garage","Vinyl, Light",Never,None,"Finished, R-38","Wood Stud, R-11",None,None,Garage,Yes,Outside,"10% Leakage to Outside, R-4"
94473,2A,"G1200990, G12009903",None,"FL, Palm Beach County","FL, 09903",2 Unit,"In metro area, not/partially in principal city",FL,South Atlantic,Occupied,1940-59,Renter,50000-59999,40000-59999,40000-59999,1500-1999,4,4,Hour2,None,20 ft^2,Fiberglass,2 ft,"Midsize, Battery Electric Vehicle, 300 mile range",1000,No,No,No Exterior Use,Uninsulated,Light Curtains,100% Usage,100% Usage,None,Gas Fireplace,None,None,"Cooling Season, 7 days/wk",Southwest,Hour13,Low,80% Usage,80% Usage,80% Usage,80% Usage,1.1,60% Usage,50%,95% Usage,No,"FL, West Palm Beach","CBSA Miami-Fort Lauderdale-West Palm Beach, FL","2A - FL, GA, AL, MS",Hot-Humid,Southern,FRCC,None,"Miami-Fort Lauderdale-West Palm Beach, FL MSA",102,5,South Atlantic,Metropolitan,Others,None,Multi-Family with 2 - 4 Units,CR09,<1940,South,Yes,Double-Loaded Interior,None,None,100% CFL,12,82%,None,None,5F,Day Setup,Slab,None,None,No,"Tile, Concrete",Electricity,No,None,Central AC,None,None,None,Uninsulated,None,None,Electric Standard,72F,Cooling Only,None,0%,None,Shared Cooling,No,None,Fan Coil Cooling Only,1500-2499,None,No,None,None,None,None,None,None,25 ACH50,1,100% Conditioned,60F,No,60-80%,200-300%,Bottom,2,Multi-Family with 2 - 4 Units,1,<8,0F,None,None,Gas,Never,Standard,100%,No,None,Left,None,Concrete,No,None,None,None,None,None,EF 21.9,60-80%,F12 B12 L12 R12,"Double, Clear, Metal, Air, Exterior Clear Storm",None,None,None,"Multi-Family with 2 - 4 Units Bottom Unit, Slab, No Attic, No Garage",None,Never,None,"Finished, R-30","CMU, 6-in, Uninsulated",None,None,None,No,Conditioned Mechanical Room,None
86738,7AK,"G0200200, G02000101",None,"AK, Anchorage Municipality","AK, 00101",Single-Family Attached,"In metro area, principal city",AK,Pacific,Occupied,1980-99,Owner,140000-159999,140000+,100000-149999,1000-1499,3,2,Hour15,None,20 ft^2,Fiberglass,2 ft,"Compact, Battery Electric Vehicle, 200 mile range",15000,No,No,No Exterior Use,Uninsulated,Light Curtains,100% Usage,100% Usage,None,None,None,None,"Cooling Season, 7 days/wk",South,Hour17,High,120% Usage,120% Usage,120% Usage,120% Usage,1.4,130% Usage,200%,105% Usage,No,"AK, Anchorage",Non-CBSA Pacific,7AK,Very Cold,Northern,None,None,"Anchorage, AK MSA",None,1,Pacific,Metropolitan,AK,12,Single-Family Attached,CRAK,1990s,West,No,Not Applicable,Middle,Natural Gas,100% CFL,27,96%,No,Standard Efficiency,0F,None,Heated Basement,Non-Ducted Heating,Wood,No,Composition Shingles,Natural Gas,Yes,None,None,Non-Ducted Heating,Uninsulated,"Wall R-15, Exterior",None,None,None,Natural Gas Standard,65F,None,"Fuel Boiler, 80% AFUE",30%,"R-15, Exterior",None,No,"Fuel Boiler, 90% AFUE",None,0-1499,None,No,None,Natural Gas Fuel Boiler,None,None,None,None,8 ACH50,1,None,68F,Yes,150%+,400%+,None,None,Single-Family Attached,1,<8,6F,Night +5h,Yes,Gas,Never,Standard,20-39%,No,Unvented Attic,None,None,Wood Frame,No,EF 15.9,None,None,None,None,EF 19.9,150%+,F9 B9 L9 R9,"Double, Clear, Non-metal, Air",Gas,EnergyStar,None,"Single-Family Attached, Heated Basement, Unvented Attic, No Garage","Wood, Medium/Dark",Never,R-38,"Unfinished, Uninsulated","Wood Stud, R-19",None,None,None,Yes,Living Space,None
269037,8AK,"G0200500, G02000400",None,"AK, Bethel Census Area","AK, 00400",Mobile Home,Not/partially in metro area,AK,Pacific,Occupied,1960-79,Renter,100000-119999,100000-119999,100000-149999,1000-1499,2,2,Hour2,None,20 ft^2,Fiberglass,2 ft,"Compact, Battery Electric Vehicle, 300 mile range",5000,No,No,No Exterior Use,Uninsulated,Light Curtains,100% Usage,100% Usage,None,None,None,None,"Cooling Season, 7 days/wk",Northeast,Hour7,Medium,100% Usage,100% Usage,100% Usage,100% Usage,1.4,100% Usage,100%,100% Usage,Yes,In another census Place,Non-CBSA Pacific,8AK,Subarctic,Northern,None,None,None,None,1,Pacific,Non-Metropolitan,AK,None,Mobile Home,CRAK,1970s,West,No,Not Applicable,None,Fuel Oil,100% LED,Left/Right at 15ft,102%,No,Standard Efficiency,0F,None,Ambient,Non-Ducted Heating,Fuel Oil,No,"Asphalt Shingles, Medium",Electricity,Yes,None,None,Ducted Heating,Uninsulated,None,None,None,None,Electric Standard,70F,None,"Fuel Furnace, 80% AFUE",50%,None,None,Yes,"Fuel Boiler, 80% AFUE",None,0-1499,None,No,None,Fuel Oil Fuel Boiler,None,None,None,None,5 ACH50,1,None,70F,No,150%+,400%+,None,None,Mobile Home,1,<8,0F,None,Yes,Electric Resistance,3 days,EnergyStar,80-99%,No,None,None,None,Wood Frame,No,None,"EF 12, National Average",None,None,None,EF 17.6,150%+,F15 B15 L15 R15,"Single, Clear, Non-metal",Electric,EnergyStar,None,"Mobile Home, Ambient, No Attic, No Garage","Wood, Medium/Dark",1 week,None,"Finished, R-19","Wood Stud, R-11",None,None,Living Space,No,Living Space,"0% Leakage to Outside, Uninsulated"
319139,4A,"G4700370, G47002501",None,"TN, Davidson County","TN, 02501",Single-Family Attached,"In metro area, not/partially in principal city",TN,East South Central,Occupied,1980-99,Owner,30000-34999,20000-39999,20000-39999,2500-2999,2,2,Hour18,None,20 ft^2,Fiberglass,2 ft,"Compact, Battery Electric Vehicle, 300 mile range",15000,No,No,No Exterior Use,Uninsulated,Light Curtains,100% Usage,100% Usage,None,None,None,None,"Cooling Season, 7 days/wk",East,Hour17,Low,80% Usage,80% Usage,80% Usage,80% Usage,1.1,70% Usage,50%,95% Usage,No,"TN, Nashville-Davidson Metropolitan Government Balance",Non-CBSA East South Central,4A,Mixed-Humid,North-Central,SERTP,None,"Nashville-Davidson--Murfreesboro--Franklin, TN MSA",92,38,East South Central,Metropolitan,Others,36,Single-Family Attached,CR08,2000s,South,No,Not Applicable,Right,Natural Gas,100% Incandescent,4,101%,No,None,0F,None,Unvented Crawlspace,Ducted Heating,None,No,"Asphalt Shingles, Medium",Electricity,Yes,None,Central AC,None,Uninsulated,"Wall R-5, Exterior",None,None,None,Electric Standard,70F,None,None,0%,"R-5, Exterior","AC, SEER2 12.4",Yes,"Fuel Furnace, 76% AFUE",None,2500-3999,None,No,None,Natural Gas Fuel Furnace,None,None,None,None,15 ACH50,2,60% Conditioned,70F,No,30-60%,150-200%,None,None,Single-Family Attached,2,<8,0F,None,Yes,Electric Resistance,1 month,None,80-99%,No,Vented Attic,None,None,Wood Frame,No,None,None,None,Has Pool,None,EF 17.6,30-60%,F6 B6 L6 R6,"Single, Clear, Metal",Electric,EnergyStar,None,"Single-Family Attached, Unvented Crawlspace, Vented Attic, No Garage","Brick, Medium/Dark",Never,R-30,"Unfinished, Uninsulated","Wood Stud, R-19",Natural Gas,1.0 HP Pump,Crawlspace,Yes,Living Space,"20% Leakage to Outside, R-6"
132060,4B,"G4803810, G48000300",None,"TX, Randall County","TX, 00300",2 Unit,"In metro area, not/partially in principal city",TX,West South Central,Occupied,1960-79,Renter,35000-39999,20000-39999,20000-39999,1000-1499,4,4,Hour22,None,20 ft^2,Fiberglass,2 ft,"SUV, Battery Electric Vehicle, 300 mile range",3000,No,No,No Exterior Use,Uninsulated,Light Curtains,100% Usage,100% Usage,None,None,Gas Grill,None,"Cooling Season, 7 days/wk",West,Hour9,Medium,100% Usage,100% Usage,100% Usage,100% Usage,1.7,100% Usage,100%,100% Usage,No,"TX, Amarillo",Non-CBSA West South Central,4B,Mixed-Dry,North-Central,SPP South,SPP,"Amarillo, TX MSA",48,31,West South Central,Metropolitan,Others,None,Multi-Family with 2 - 4 Units,CR09,2010s,South,No,Double-Loaded Interior,None,Natural Gas,100% CFL,7,123%,None,None,0F,None,Slab,Ducted Heating,None,No,Wood Shingles,Natural Gas,No,None,Central AC,None,None,None,Uninsulated,None,None,Natural Gas Premium,70F,Heating and Cooling,None,0%,None,Shared Cooling,No,Shared Heating,"Fan Coil Heating and Cooling, Fuel",0-1499,None,No,None,Natural Gas Shared Heating,None,None,None,None,8 ACH50,2,100% Conditioned,75F,No,30-60%,100-150%,Top,2,Multi-Family with 2 - 4 Units,2,<8,0F,None,Yes,Gas,1 week,Standard,80-99%,No,None,Not Applicable,None,Wood Frame,No,None,None,None,None,None,EF 19.9,30-60%,F18 B18 L18 R18,"Single, Clear, Metal",Electric,EnergyStar,None,"Multi-Family with 2 - 4 Units Top Unit, Slab, No Attic, No Garage","Brick, Medium/Dark",3 days,None,"Finished, R-49","Wood Stud, R-11",None,None,None,Yes,Conditioned Mechanical Room,None
80617,7B,"G0801170, G08000400",None,"CO, Summit County","CO, 00400",Single-Family Detached,Not/partially in metro area,CO,Mountain,Occupied,1960-79,Owner,50000-59999,40000-59999,40000-59999,1000-1499,2,6,Hour9,None,20 ft^2,Fiberglass,2 ft,"SUV, Battery Electric Vehicle, 300 mile range",17000,No,No,No Exterior Use,Uninsulated,Light Curtains,100% Usage,100% Usage,None,None,None,None,"Cooling Season, 7 days/wk",Southwest,Hour15,Medium,100% Usage,100% Usage,100% Usage,100% Usage,0.5,110% Usage,100%,100% Usage,No,Not in a census Place,Non-CBSA Mountain,7B,Very Cold,Northern,West Connect North,None,"Breckenridge, CO MicroSA",33,3,Mountain North,Non-Metropolitan,Others,None,Single-Family Detached,CR05,2000s,West,No,Not Applicable,None,Wood,100% LED,Left/Right at 15ft,91%,No,None,0F,None,Ambient,Non-Ducted Heating,None,No,"Asphalt Shingles, Medium",Electricity,Yes,None,Room AC,None,Ceiling R-30,None,None,None,None,Electric Standard,60F,None,None,0%,None,"Room AC, CEER 11.9",No,"Fuel Wall/Floor Furnace, 60% AFUE",None,0-1499,None,No,None,Other Fuel Fuel Wall/Floor Furnace,None,None,None,None,7 ACH50,1,40% Conditioned,72F,No,30-60%,150-200%,None,None,Single-Family Detached,1,<8,0F,None,Yes,Electric Resistance,1 day,EnergyStar,100%,No,Vented Attic,None,None,Wood Frame,No,None,None,None,None,Typical Efficiency,EF 17.6,30-60%,F9 B9 L9 R9,"Double, Low-E, Non-metal, Air, M-Gain",Electric,Standard,None,"Single-Family Detached, Ambient, Vented Attic, No Garage","Wood, Medium/Dark",1 day,R-49,"Unfinished, Uninsulated","Wood Stud, R-11",None,None,None,Yes,Living Space,None
175014,3B,"G0600730, G06007317",7,"CA, San Diego County","CA, 07317",Single-Family Detached,"In metro area, principal city",CA,Pacific,Occupied,1980-99,Owner,50000-59999,40000-59999,40000-59999,1500-1999,3,4,Hour8,None,20 ft^2,Fiberglass,2 ft,"SUV, Battery Electric Vehicle, 300 mile range",3000,No,No,No Exterior Use,Uninsulated,Light Curtains,100% Usage,100% Usage,None,None,Gas Grill,None,"Cooling Season, 7 days/wk",East,Hour16,Low,80% Usage,80% Usage,80% Usage,80% Usage,1.4,60% Usage,50%,95% Usage,No,"CA, San Diego",Non-CBSA Pacific,3B,Hot-Dry,South-Central,CAISO,CAISO,"San Diego-Carlsbad, CA MSA",11,103,Pacific,Metropolitan,Others,None,Single-Family Detached,CR11,1940s,West,Yes,Not Applicable,None,Other Fuel,100% Incandescent,Left/Right at 15ft,94%,No,Standard Efficiency,5F,Night Setback -5h,Slab,Non-Ducted Heating,None,No,"Metal, Dark",Electricity,Yes,None,Central AC,None,None,None,Uninsulated,None,None,Electric Tankless,75F,None,None,0%,None,"AC, SEER2 12.4",Yes,"Fuel Wall/Floor Furnace, 60% AFUE",None,1500-2499,None,No,None,Other Fuel Fuel Wall/Floor Furnace,None,None,None,None,4 ACH50,2,100% Conditioned,68F,Yes,30-60%,200-300%,None,None,Single-Family Detached,2,<8,6F,Day and Night -2h,Yes,Electric Resistance,Never,EnergyStar,100%,No,Vented Attic,None,2 Car,Wood Frame,No,EF 17.6,None,None,Has Pool,None,EF 19.9,30-60%,F18 B18 L18 R18,"Double, Clear, Metal, Air",Propane,EnergyStar,None,"Single-Family Detached, Slab, Vented Attic, 2 Car Garage","Vinyl, Light",Never,Uninsulated,"Unfinished, Uninsulated","Wood Stud, Uninsulated",Other Fuel,1.0 HP Pump,Attic,Yes,Garage,"10% Leakage to Outside, R-4"
41750,1A,"G1200870, G12008700",None,"FL, Monroe County","FL, 08700",5 to 9 Unit,Not/partially in metro area,FL,South Atlantic,Occupied,1960-79,Renter,20000-24999,20000-39999,20000-39999,500-749,1,1,Hour16,None,20 ft^2,Fiberglass,2 ft,"Compact, Battery Electric Vehicle, 300 mile range",5000,No,No,No Exterior Use,Uninsulated,Light Curtains,100% Usage,100% Usage,None,None,None,Gas Lighting,"Cooling Season, 7 days/wk",West,Hour8,Medium,100% Usage,100% Usage,100% Usage,100% Usage,1.1,90% Usage,100%,100% Usage,No,In another census Place,Non-CBSA South Atlantic,1A - FL,Hot-Humid,Southern,FRCC,None,"Key West, FL MicroSA",101,6,South Atlantic,Non-Metropolitan,Others,None,Multi-Family with 5+ Units,CR09,2000s,South,No,Double-Loaded Interior,None,Electricity,100% Incandescent,12,106%,None,Standard Efficiency,0F,None,Slab,Non-Ducted Heat Pump,None,No,"Asphalt Shingles, Medium",Electricity,Yes,None,Non-Ducted Heat Pump,None,None,None,"2ft R10 Under, Horizontal",None,None,Electric Premium,75F,None,None,0%,None,Non-Ducted Heat Pump,No,"MSHP, SEER2 13.7, 7.4 HSPF2",None,0-1499,None,No,None,Electricity MSHP,None,None,None,None,8 ACH50,2,100% Conditioned,75F,No,30-60%,150-200%,Bottom,8,"Multi-Family with 5+ Units, 1-3 Stories",2,<8,0F,None,Yes,Electric Resistance,Never,Standard,0-19%,No,None,Left,None,Brick,No,None,None,None,None,None,EF 17.6,30-60%,F9 B9 L9 R9,"Single, Clear, Metal",Electric,EnergyStar,None,"Multi-Family with 5+ Units Bottom Unit, Slab, No Attic, No Garage","Stucco, Light",1 month,None,"Finished, R-7","Brick, 12-in, 3-wythe, R-11",None,None,None,No,Living Space,None
152252,3A,"G4801210, G48002005",None,"TX, Denton County","TX, 02005",Single-Family Detached,"In metro area, not/partially in principal city",TX,West South Central,Occupied,2010s,Owner,120000-139999,120000-139999,100000-149999,2000-2499,4,2,Hour21,None,20 ft^2,Fiberglass,2 ft,"Compact, Battery Electric Vehicle, 200 mile range",3000,No,No,No Exterior Use,Uninsulated,Light Curtains,100% Usage,100% Usage,None,None,None,None,"Cooling Season, 7 days/wk",East,Hour17,Low,80% Usage,80% Usage,80% Usage,80% Usage,1.1,80% Usage,50%,95% Usage,No,"TX, Denton","CBSA Dallas-Fort Worth-Arlington, TX",3A,Hot-Humid,South-Central,ERCOT,ERCOT,"Dallas-Fort Worth-Arlington, TX MSA",63,40,West South Central,Metropolitan,Others,None,Single-Family Detached,CR09,1950s,South,Yes,Not Applicable,None,Electricity,100% Incandescent,Left/Right at 15ft,113%,No,Standard Efficiency,9F,Night Setback -4h,Slab,Non-Ducted Heating,None,No,Composition Shingles,Electricity,Yes,None,Central AC,None,None,None,Uninsulated,None,None,Electric Premium,78F,None,None,0%,None,"AC, SEER2 12.4",Yes,"Electric Wall Furnace, 100% AFUE",None,1500-2499,None,No,None,Electricity Electric Wall Furnace,None,None,None,None,30 ACH50,1,100% Conditioned,68F,No,150%+,400%+,None,None,Single-Family Detached,1,<8,0F,None,Yes,Gas,Never,Standard,80-99%,No,Vented Attic,None,None,Brick,Yes,EF 17.6,None,Other Fuel,None,None,EF 17.6,150%+,F12 B12 L12 R12,"Double, Low-E, Non-metal, Air, M-Gain",Electric,Standard,None,"Single-Family Detached, Slab, Vented Attic, No Garage",None,Never,R-7,"Unfinished, Uninsulated","Brick, 12-in, 3-wythe, Uninsulated",None,None,Attic,Yes,Attic,"20% Leakage to Outside, R-4"
188929,1A,"G1500010, G15000200",None,"HI, Hawaii County","HI, 00200",Single-Family Detached,Not/partially in metro area,HI,Pacific,Occupied,1960-79,Owner,20000-24999,20000-39999,20000-39999,2000-2499,3,2,Hour0,None,20 ft^2,Fiberglass,2 ft,"SUV, Battery Electric Vehicle, 300 mile range",3000,No,No,No Exterior Use,Uninsulated,Light Curtains,100% Usage,100% Usage,None,None,None,None,"Cooling Season, 7 days/wk",North,Hour17,Medium,100% Usage,100% Usage,100% Usage,100% Usage,1.1,90% Usage,100%,100% Usage,No,In another census Place,Non-CBSA Pacific,1A - HI,Hot-Humid,Southern,None,None,"Hilo, HI MicroSA",None,14,Pacific,Non-Metropolitan,Others,None,Single-Family Detached,CRHI,1960s,West,Yes,Not Applicable,None,Electricity,100% Incandescent,Left/Right at 15ft,94%,No,Standard Efficiency,2F,Night Setback -4h,Vented Crawlspace,Non-Ducted Heating,None,Yes,Composition Shingles,Solar Thermal,Yes,None,None,None,Uninsulated,Uninsulated,None,South,7.0 kWDC,"Solar Thermal, 40 sqft, South, Roof Pitch, Natural Gas Standard Backup",76F,None,None,0%,Uninsulated,None,No,"Electric Baseboard, 100% Efficiency",None,1500-2499,None,Yes,None,Electricity Baseboard,None,None,None,None,15 ACH50,2,None,70F,Yes,30-60%,100-150%,None,None,Single-Family Detached,2,<8,3F,Night -2h,Yes,Gas,3 months,None,40-59%,No,None,None,2 Car,Concrete,No,EF 17.6,"EF 12, National Average",Electricity,None,None,EF 17.6,30-60%,F9 B9 L9 R9,"Single, Clear, Metal",Electric,Standard,None,"Single-Family Detached, Vented Crawlspace, No Attic, 2 Car Garage",None,3 months,None,"Finished, R-30","CMU, 6-in, Uninsulated",None,None,None,Yes,Garage,None
84776,3B,"G0600190, G06001902",13,"CA, Fresno County","CA, 01902",Single-Family Detached,"In metro area, not/partially in principal city",CA,Pacific,Occupied,1980-99,Owner,60000-69999,60000-79999,60000-99999,2000-2499,4,2,Hour22,None,20 ft^2,Fiberglass,2 ft,"SUV, Battery Electric Vehicle, 200 mile range",13000,No,No,No Exterior Use,Uninsulated,Light Curtains,100% Usage,100% Usage,None,None,None,None,"Cooling Season, 7 days/wk",Southwest,Hour18,Medium,100% Usage,100% Usage,100% Usage,100% Usage,1.4,110% Usage,100%,100% Usage,No,"CA, Fresno",Non-CBSA Pacific,3B,Hot-Dry,South-Central,CAISO,CAISO,"Fresno, CA MSA",9,108,Pacific,Metropolitan,Others,None,Single-Family Detached,CR11,1960s,West,Yes,Not Applicable,None,Natural Gas,100% LED,Left/Right at 15ft,94%,No,Standard Efficiency,2F,Day and Night Setup +2h,Slab,Ducted Heating,None,Yes,Composition Shingles,Natural Gas,Yes,None,Room AC,None,None,None,Uninsulated,West,9.0 kWDC,Natural Gas Standard,75F,None,None,0%,None,"Room AC, CEER 10.6",Yes,"Fuel Furnace, 92.5% AFUE",None,1500-2499,None,No,None,Natural Gas Fuel Furnace,None,None,None,None,15 ACH50,2,40% Conditioned,68F,Yes,100-120%,300-400%,None,None,Single-Family Detached,2,<8,6F,Night -2h,Yes,Electric Resistance,Never,EnergyStar,80-99%,Yes,None,None,2 Car,Wood Frame,No,EF 17.6,None,None,None,Typical Efficiency,EF 10.5,80-100%,F12 B12 L12 R12,"Double, Low-E, Non-metal, Air, M-Gain",Electric,Standard,Level 2 charger,"Single-Family Detached, Slab, No Attic, 2 Car Garage","Vinyl, Light",Never,None,"Finished, R-19","Wood Stud, Uninsulated",None,None,Garage,Yes,Garage,"20% Leakage to Outside, R-4"
192756,5B,"G3205100, G32000200",None,"NV, Carson City","NV, 00200",Single-Family Attached,Not/partially in metro area,NV,Mountain,Occupied,1960-79,Owner,200000+,140000+,150000+,3000-3999,4,5,Hour23,None,20 ft^2,Fiberglass,2 ft,"SUV, Battery Electric Vehicle, 200 mile range",19000,No,No,No Exterior Use,Uninsulated,Light Curtains,100% Usage,100% Usage,None,None,None,None,"Cooling Season, 7 days/wk",East,Hour8,Low,80% Usage,80% Usage,80% Usage,80% Usage,1.4,70% Usage,50%,95% Usage,No,"NV, Carson City",Non-CBSA Mountain,5B,Cold,Northern,Northern Grid South,None,"Carson City, NV MSA",12,28,Mountain South,Metropolitan,Others,5,Single-Family Attached,CR10,1980s,West,No,Not Applicable,Left,Propane,100% Incandescent,12,103%,No,Standard Efficiency,0F,None,Slab,Non-Ducted Heating,None,No,"Asphalt Shingles, Medium",Electricity,Yes,None,Central AC,None,None,None,"2ft R5 Under, Horizontal",None,None,Electric Standard,78F,None,None,0%,None,"AC, SEER2 14.3",Yes,"Fuel Wall/Floor Furnace, 68% AFUE",None,2500-3999,None,No,None,Propane Fuel Wall/Floor Furnace,None,None,None,None,15 ACH50,2,100% Conditioned,65F,No,150%+,400%+,None,None,Single-Family Attached,2,<8,0F,None,None,Electric Resistance,Never,Standard,0-19%,No,None,None,None,Wood Frame,No,None,None,None,Has Pool,None,EF 17.6,150%+,F12 B12 L12 R12,"Triple, Low-E, Non-metal, Air, L-Gain",None,None,None,"Single-Family Attached, Slab, No Attic, No Garage","Vinyl, Light",Never,None,"Finished, R-38","Wood Stud, R-11",None,1.0 HP Pump,Living Space,Yes,Living Space,"0% Leakage to Outside, Uninsulated"
275448,3B,"G0600610, G06006103",11,"CA, Placer County","CA, 06103",Single-Family Detached,"In metro area, not/partially in principal city",CA,Pacific,Occupied,<1940,Owner,140000-159999,140000+,100000-149999,1000-1499,2,2,Hour1,None,20 ft^2,Fiberglass,2 ft,"SUV, Battery Electric Vehicle, 300 mile range",13000,No,No,No Exterior Use,Uninsulated,Light Curtains,100% Usage,100% Usage,None,None,None,None,"Cooling Season, 7 days/wk",Southeast,Hour14,Low,80% Usage,80% Usage,80% Usage,80% Usage,1.4,70% Usage,50%,95% Usage,No,In another census Place,Non-CBSA Pacific,3B,Hot-Dry,South-Central,CAISO,CAISO,"Sacramento--Roseville--Arden-Arcade, CA MSA",9,107,Pacific,Metropolitan,Others,None,Single-Family Detached,CR11,2000s,West,No,Not Applicable,None,Natural Gas,100% LED,Left/Right at 15ft,94%,No,Standard Efficiency,0F,None,Vented Crawlspace,Ducted Heating,None,Yes,"Asphalt Shingles, Medium",Natural Gas,Yes,None,None,None,Ceiling R-19,Uninsulated,None,North,3.0 kWDC,Natural Gas Premium,78F,None,None,0%,Uninsulated,None,Yes,"Fuel Furnace, 80% AFUE",None,0-1499,None,No,None,Natural Gas Fuel Furnace,None,None,None,None,7 ACH50,1,None,60F,Yes,150%+,400%+,None,None,Single-Family Detached,1,<8,3F,Night +2h,Yes,Gas,Never,EnergyStar,100%,No,Vented Attic,None,None,Wood Frame,No,None,"EF 12, National Average",None,Has Pool,None,EF 17.6,150%+,F30 B30 L30 R30,"Single, Clear, Metal, Exterior Clear Storm",Gas,EnergyStar,None,"Single-Family Detached, Vented Crawlspace, Vented Attic, No Garage","Stucco, Light",Never,R-30,"Unfinished, Uninsulated","Wood Stud, R-11",None,1.0 HP Pump,Crawlspace,Yes,Outside,"20% Leakage to Outside, R-6"
274622,5A,"G2500170, G25000506",None,"MA, Middlesex County","MA, 00506",10 to 19 Unit,"In metro area, principal city",MA,New England,Occupied,<1940,Renter,200000+,140000+,150000+,1000-1499,1,2,Hour15,None,20 ft^2,Fiberglass,2 ft,"SUV, Battery Electric Vehicle, 200 mile range",22500,No,No,No Exterior Use,Uninsulated,Light Curtains,100% Usage,100% Usage,None,None,None,None,"Cooling Season, 7 days/wk",North,Hour9,Medium,100% Usage,100% Usage,100% Usage,100% Usage,2.3,100% Usage,100%,100% Usage,No,"MA, Cambridge","CBSA Boston-Cambridge-Newton, MA-NH",5A,Cold,Northern,ISONE,NEISO,"Boston-Cambridge-Newton, MA-NH MSA",131,10,New England,Metropolitan,Others,None,Multi-Family with 5+ Units,CR03,2000s,Northeast,No,Double-Loaded Interior,None,Electricity,100% CFL,None,94%,None,None,0F,None,Unheated Basement,Non-Ducted Heating,None,No,"Asphalt Shingles, Medium",Natural Gas,No,None,Central AC,None,Ceiling R-19,Uninsulated,None,None,None,Natural Gas Standard,72F,None,None,0%,Uninsulated,"AC, SEER2 14.3",Yes,"Electric Boiler, 100% AFUE",None,0-1499,None,No,None,Electricity Electric Boiler,None,None,None,None,10 ACH50,5,100% Conditioned,68F,Yes,150%+,400%+,Middle,10,"Multi-Family with 5+ Units, 4-7 Stories",4+,<8,6F,Night -2h,Yes,Electric Resistance,Never,Standard,100%,No,None,Left,None,Brick,No,None,None,None,None,None,EF 19.9,120-150%,F30 B30 L30 R30,"Double, Low-E, Non-metal, Air, M-Gain",Electric,Standard,None,"Multi-Family with 5+ Units Middle Unit, Unheated Basement, No Attic, No Garage","Wood, Medium/Dark",Never,None,"Finished, R-38","Brick, 12-in, 3-wythe, R-15",None,None,Living Space,No,Conditioned Mechanical Room,"0% Leakage to Outside, Uninsulated"
220956,2A,"G1301270, G13000100",None,"GA, Glynn County","GA, 00100",Single-Family Detached,Not/partially in metro area,GA,South Atlantic,Occupied,1940-59,Owner,40000-44999,40000-59999,40000-59999,2000-2499,4,1,Hour8,None,20 ft^2,Fiberglass,2 ft,"Compact, Battery Electric Vehicle, 200 mile range",9000,No,No,No Exterior Use,Uninsulated,Light Curtains,100% Usage,100% Usage,None,None,None,None,"Cooling Season, 7 days/wk",East,Hour19,Low,80% Usage,80% Usage,80% Usage,80% Usage,1.1,70% Usage,50%,95% Usage,No,In another census Place,Non-CBSA South Atlantic,"2A - FL, GA, AL, MS",Hot-Humid,Southern,SERTP,None,"Brunswick, GA MSA",94,7,South Atlantic,Metropolitan,Others,None,Single-Family Detached,CR09,2000s,South,Yes,Not Applicable,None,Electricity,100% CFL,Left/Right at 15ft,106%,No,None,2F,Night Setback +4h,Slab,Ducted Heat Pump,None,No,Composition Shingles,Natural Gas,Yes,None,Ducted Heat Pump,None,None,None,Uninsulated,None,None,Natural Gas Standard,75F,None,None,0%,None,Ducted Heat Pump,Yes,"ASHP, SEER2 12.4, 6.6 HSPF2",None,1500-2499,None,No,None,Electricity ASHP,None,None,None,None,20 ACH50,2,100% Conditioned,65F,No,80-100%,300-400%,None,None,Single-Family Detached,2,<8,0F,None,Yes,Electric Resistance,Year round,Standard,80-99%,No,None,None,1 Car,Wood Frame,No,EF 10.2,None,None,None,None,EF 19.9,80-100%,F9 B9 L9 R9,"Single, Clear, Metal",Electric,EnergyStar,None,"Single-Family Detached, Slab, No Attic, 1 Car Garage","Vinyl, Light",Year round,None,"Finished, R-30","Wood Stud, R-11",None,None,Garage,No,Living Space,"10% Leakage to Outside, R-8"
249879,4A,"G1000010, G10000200",None,"DE, Kent County","DE, 00200",Single-Family Detached,"In metro area, not/partially in principal city",DE,South Atlantic,Occupied,2010s,Owner,15000-19999,<20000,<20000,2500-2999,4,1,Hour17,None,20 ft^2,Fiberglass,2 ft,"Compact, Battery Electric Vehicle, 200 mile range",22500,No,No,No Exterior Use,Uninsulated,Light Curtains,100% Usage,100% Usage,None,None,None,None,"Cooling Season, 7 days/wk",North,Hour18,Low,80% Usage,80% Usage,80% Usage,80% Usage,2,80% Usage,50%,95% Usage,No,Not in a census Place,Non-CBSA South Atlantic,4A,Mixed-Humid,North-Central,PJM East,PJM,"Dover, DE MSA",125,46,South Atlantic,Metropolitan,Others,None,Single-Family Detached,CR08,<1940,South,No,Not Applicable,None,Natural Gas,100% CFL,Left/Right at 15ft,106%,No,Standard Efficiency,0F,None,Slab,Ducted Heating,None,Yes,Composition Shingles,Natural Gas,Yes,None,Central AC,None,None,None,Uninsulated,East,13.0 kWDC,Natural Gas Premium,68F,None,None,0%,None,"AC, SEER2 12.4",Yes,"Fuel Furnace, 92.5% AFUE",None,2500-3999,None,No,None,Natural Gas Fuel Furnace,None,None,None,None,15 ACH50,2,100% Conditioned,68F,Yes,30-60%,100-150%,None,None,Single-Family Detached,2,<8,3F,Night +3h,Yes,None,Never,None,100%,No,Vented Attic,None,2 Car,Wood Frame,No,EF 21.9,None,None,None,None,EF 19.9,30-60%,F15 B15 L15 R15,"Double, Low-E, Non-metal, Air, M-Gain",Electric,Standard,None,"Single-Family Detached, Slab, Vented Attic, 2 Car Garage","Vinyl, Light",Never,R-30,"Unfinished, Uninsulated","Wood Stud, Uninsulated",None,None,Attic,Yes,Garage,"30% Leakage to Outside, R-4"
173070,5B,"G3200230, G32000300",None,"NV, Nye County","NV, 00300",Single-Family Detached,Not/partially in metro area,NV,Mountain,Occupied,2000-09,Owner,45000-49999,40000-59999,40000-59999,2500-2999,4,1,Hour4,None,20 ft^2,Fiberglass,2 ft,"Compact, Battery Electric Vehicle, 300 mile range",15000,No,No,No Exterior Use,Uninsulated,Light Curtains,100% Usage,100% Usage,None,Gas Fireplace,None,None,"Cooling Season, 7 days/wk",Northeast,Hour8,High,120% Usage,120% Usage,120% Usage,120% Usage,1.1,160% Usage,200%,105% Usage,No,Not in a census Place,Non-CBSA Mountain,5B,Cold,Northern,Northern Grid South,None,"Pahrump, NV MicroSA",12,28,Mountain South,Non-Metropolitan,Others,None,Single-Family Detached,CR10,1990s,West,No,Not Applicable,None,Propane,100% Incandescent,Left/Right at 15ft,84%,No,Standard Efficiency,0F,None,Heated Basement,Non-Ducted Heating,None,Yes,"Tile, Concrete",Propane,Yes,None,Central AC,None,Uninsulated,"Wall R-10, Exterior",None,Southwest,11.0 kWDC,Propane Tankless,75F,None,None,0%,"R-10, Exterior","AC, SEER2 12.4",Yes,"Fuel Wall/Floor Furnace, 60% AFUE",None,2500-3999,None,No,None,Propane Fuel Wall/Floor Furnace,None,None,None,None,10 ACH50,2,60% Conditioned,75F,No,80-100%,300-400%,None,None,Single-Family Detached,2,<8,0F,None,Yes,Propane,Never,EnergyStar,80-99%,No,None,None,2 Car,Wood Frame,No,None,"EF 12, National Average",None,None,None,EF 17.6,80-100%,F18 B18 L18 R18,"Double, Clear, Non-metal, Air",Electric,EnergyStar,None,"Single-Family Detached, Heated Basement, No Attic, 2 Car Garage","Stucco, Light",Never,None,"Finished, R-13","Wood Stud, R-11",None,None,Heated Basement,Yes,Heated Basement,"0% Leakage to Outside, Uninsulated"
250354,7AK,"G0202200, G02000400",None,"AK, Sitka City and Borough","AK, 00400",2 Unit,Not/partially in metro area,AK,Pacific,Occupied,1940-59,Renter,25000-29999,20000-39999,20000-39999,4000+,2,1,Hour3,None,20 ft^2,Fiberglass,2 ft,"Compact, Battery Electric Vehicle, 200 mile range",5000,No,No,No Exterior Use,Uninsulated,Light Curtains,100% Usage,100% Usage,None,None,None,None,"Cooling Season, 7 days/wk",Southwest,Hour18,Low,80% Usage,80% Usage,80% Usage,80% Usage,1.1,80% Usage,50%,95% Usage,No,In another census Place,Non-CBSA Pacific,7AK,Very Cold,Northern,None,None,None,None,1,Pacific,Non-Metropolitan,AK,None,Multi-Family with 2 - 4 Units,CRAK,1990s,West,Yes,Double-Loaded Interior,None,Fuel Oil,100% Incandescent,27,101%,None,None,2F,Night Setback -1h,Vented Crawlspace,Non-Ducted Heating,Propane,No,Composition Shingles,Fuel Oil,Yes,None,None,Non-Ducted Heating,Ceiling R-13,Uninsulated,None,None,None,FIXME Fuel Oil Indirect,80F,Heating Only,"Fuel Boiler, 90% AFUE",10%,Uninsulated,None,No,Shared Heating,"Boiler Baseboards Heating Only, Fuel",4000+,None,No,None,Fuel Oil Shared Heating,None,None,None,None,3 ACH50,2,None,70F,No,30-60%,200-300%,Bottom,2,Multi-Family with 2 - 4 Units,2,<8,0F,None,Yes,Electric Resistance,Never,Standard,100%,No,None,Not Applicable,None,Wood Frame,No,None,None,None,None,None,EF 17.6,30-60%,F15 B15 L15 R15,"Single, Clear, Metal",Electric,EnergyStar,None,"Multi-Family with 2 - 4 Units Bottom Unit, Vented Crawlspace, No Attic, No Garage","Wood, Medium/Dark",1 week,None,"Finished, R-30","Wood Stud, R-19",None,None,None,No,Living Space,None
67614,3B,"G0600710, G06007113",10,"CA, San Bernardino County","CA, 07113",Single-Family Detached,"In metro area, principal city",CA,Pacific,Occupied,1940-59,Owner,25000-29999,20000-39999,20000-39999,1000-1499,3,1,Hour16,None,20 ft^2,Fiberglass,2 ft,"SUV, Battery Electric Vehicle, 200 mile range",11000,No,No,No Exterior Use,Uninsulated,Light Curtains,100% Usage,100% Usage,None,None,None,None,"Cooling Season, 7 days/wk",North,Hour10,Low,80% Usage,80% Usage,80% Usage,80% Usage,1.4,70% Usage,50%,95% Usage,No,"CA, Chino","CBSA Riverside-San Bernardino-Ontario, CA",3B,Hot-Dry,South-Central,CAISO,CAISO,"Riverside-San Bernardino-Ontario, CA MSA",10,106,Pacific,Metropolitan,Others,None,Single-Family Detached,CR11,1950s,West,Yes,Not Applicable,None,Natural Gas,100% LED,Left/Right at 15ft,94%,No,Standard Efficiency,2F,Night Setup -3h,Vented Crawlspace,Ducted Heating,None,Yes,Wood Shingles,Natural Gas,Yes,None,None,None,Uninsulated,Uninsulated,None,Southeast,1.0 kWDC,Natural Gas Tankless,78F,None,None,0%,Uninsulated,None,Yes,"Fuel Furnace, 92.5% AFUE",None,0-1499,None,No,None,Natural Gas Fuel Furnace,None,None,None,None,50 ACH50,1,None,72F,No,30-60%,200-300%,None,None,Single-Family Detached,1,<8,0F,None,Yes,Electric Resistance,Never,None,100%,No,Vented Attic,None,1 Car,Wood Frame,No,EF 10.5,None,None,None,None,EF 15.9,60-80%,F12 B12 L12 R12,"Double, Low-E, Non-metal, Air, M-Gain",Gas,EnergyStar,None,"Single-Family Detached, Vented Crawlspace, Vented Attic, 1 Car Garage","Stucco, Light",Never,R-13,"Unfinished, Uninsulated","Wood Stud, Uninsulated",None,None,Crawlspace,Yes,Garage,"10% Leakage to Outside, Uninsulated"
332506,7A,"G2701370, G27000500",None,"MN, St. Louis County","MN, 00500",Single-Family Attached,"In metro area, not/partially in principal city",MN,West North Central,Occupied,2000-09,Renter,50000-59999,40000-59999,40000-59999,750-999,2,3,Hour5,None,20 ft^2,Fiberglass,2 ft,"Pickup, Battery Electric Vehicle, 200 mile range",7000,No,No,No Exterior Use,Uninsulated,Light Curtains,100% Usage,100% Usage,None,None,None,None,"Cooling Season, 7 days/wk",South,Hour23,Low,80% Usage,80% Usage,80% Usage,80% Usage,1.1,60% Usage,50%,95% Usage,No,"MN, Duluth",Non-CBSA West North Central,7A,Very Cold,Northern,MISO North,MISO,"Duluth, MN-WI MSA",43,23,West North Central,Metropolitan,Others,5,Single-Family Attached,CR02,2000s,Midwest,Yes,Not Applicable,Middle,Propane,100% Incandescent,27,113%,No,Standard Efficiency,5F,Night Setback +4h,Unheated Basement,Non-Ducted Heating,None,No,Composition Shingles,Electricity,Yes,None,Central AC,None,Ceiling R-19,Uninsulated,None,None,None,Electric Standard,72F,None,None,0%,Uninsulated,"AC, SEER2 12.4",Yes,"Fuel Boiler, 90% AFUE",None,0-1499,None,No,None,Propane Fuel Boiler,None,None,None,None,6 ACH50,2,100% Conditioned,70F,No,80-100%,200-300%,None,None,Single-Family Attached,2,<8,0F,None,Yes,Gas,Never,EnergyStar,100%,No,Vented Attic,None,None,Wood Frame,No,None,"EF 12, National Average",None,None,None,EF 17.6,80-100%,F9 B9 L9 R9,"Double, Clear, Metal, Air",Electric,EnergyStar,None,"Single-Family Attached, Unheated Basement, Vented Attic, No Garage","Aluminum, Light",Never,R-30,"Unfinished, Uninsulated","Wood Stud, R-19",None,None,Unheated Basement,Yes,Unheated Basement,"20% Leakage to Outside, R-6"
80954,5A,"G4200710, G42003503",None,"PA, Lancaster County","PA, 03503",Single-Family Detached,"In metro area, not/partially in principal city",PA,Middle Atlantic,Occupied,1960-79,Owner,50000-59999,40000-59999,40000-59999,2000-2499,5,2,Hour23,None,20 ft^2,Fiberglass,2 ft,"Pickup, Battery Electric Vehicle, 300 mile range",1000,No,No,No Exterior Use,Uninsulated,Light Curtains,100% Usage,100% Usage,None,None,None,None,"Cooling Season, 7 days/wk",East,Hour18,Low,80% Usage,80% Usage,80% Usage,80% Usage,2.6,80% Usage,50%,95% Usage,No,In another census Place,Non-CBSA Middle Atlantic,5A,Cold,Northern,PJM East,PJM,"Lancaster, PA MSA",122,30,Middle Atlantic,Metropolitan,Others,None,Single-Family Detached,CR07,1980s,Northeast,No,Not Applicable,None,Electricity,100% LED,Left/Right at 15ft,101%,No,None,0F,None,Slab,Ducted Heat Pump,None,No,Composition Shingles,Electricity,Yes,None,Ducted Heat Pump,None,None,None,Uninsulated,None,None,Electric Standard,68F,None,None,0%,None,Ducted Heat Pump,Yes,"ASHP, SEER2 12.4, 6.6 HSPF2",None,1500-2499,None,No,None,Electricity ASHP,None,None,None,None,7 ACH50,2,100% Conditioned,70F,Yes,80-100%,300-400%,None,None,Single-Family Detached,2,<8,3F,Night +4h,Yes,Electric Resistance,Never,Standard,80-99%,No,None,None,2 Car,Wood Frame,No,None,None,None,Has Pool,None,EF 15.9,80-100%,F15 B15 L15 R15,"Double, Clear, Non-metal, Air",Electric,Standard,None,"Single-Family Detached, Slab, No Attic, 2 Car Garage","Brick, Medium/Dark",Never,None,"Finished, R-19","Wood Stud, R-19",None,1.0 HP Pump,Garage,No,Living Space,"30% Leakage to Outside, R-4"
120691,7AK,"G0201100, G02000300",None,"AK, Juneau City and Borough","AK, 00300",Single-Family Detached,Not/partially in metro area,AK,Pacific,Vacant,1980-99,Not Available,Not Available,Not Available,Not Available,1500-1999,3,0,Hour23,None,20 ft^2,Fiberglass,2 ft,"Compact, Battery Electric Vehicle, 200 mile range",7000,No,No,No Exterior Use,Uninsulated,Light Curtains,100% Usage,100% Usage,None,None,None,None,"Cooling Season, 7 days/wk",West,Hour17,Low,80% Usage,80% Usage,80% Usage,80% Usage,1.4,60% Usage,50%,95% Usage,No,In another census Place,Non-CBSA Pacific,7AK,Very Cold,Northern,None,None,"Juneau, AK MicroSA",None,1,Pacific,Non-Metropolitan,AK,None,Single-Family Detached,CRAK,2000s,West,No,Not Applicable,None,Fuel Oil,100% CFL,Left/Right at 15ft,94%,No,None,0F,None,Slab,Non-Ducted Heating,Wood,No,"Tile, Clay or Ceramic",Fuel Oil,Yes,None,None,Non-Ducted Heating,None,None,"2ft R10 Perimeter, Vertical",None,None,Fuel Oil Standard,70F,None,"Fuel Boiler, 76% AFUE",40%,None,None,No,"Fuel Boiler, 80% AFUE",None,1500-2499,None,No,None,Fuel Oil Fuel Boiler,None,None,None,None,3 ACH50,1,None,55F,Yes,Not Available,Not Available,None,None,Single-Family Detached,1,<8,6F,Day -4h,Yes,Electric Resistance,Never,EnergyStar,80-99%,No,Vented Attic,None,2 Car,Brick,Not Available,None,None,None,None,None,EF 15.9,Not Available,F9 B9 L9 R9,"Double, Clear, Non-metal, Air",Electric,EnergyStar,None,"Single-Family Detached, Slab, Vented Attic, 2 Car Garage",None,Never,R-38,"Unfinished, Uninsulated","Brick, 12-in, 3-wythe, R-19",None,None,None,Yes,Garage,None
188968,5B,"G3200310, G32000103",None,"NV, Washoe County","NV, 00103",2 Unit,"In metro area, not/partially in principal city",NV,Mountain,Occupied,1960-79,Renter,30000-34999,20000-39999,20000-39999,750-999,2,2,Hour18,None,20 ft^2,Fiberglass,2 ft,"SUV, Battery Electric Vehicle, 200 mile range",13000,No,No,No Exterior Use,Uninsulated,Light Curtains,100% Usage,100% Usage,None,None,None,None,"Cooling Season, 7 days/wk",West,Hour19,Medium,100% Usage,100% Usage,100% Usage,100% Usage,0.8,100% Usage,100%,100% Usage,No,"NV, Sparks",Non-CBSA Mountain,5B,Cold,Northern,Northern Grid South,None,"Reno, NV MSA",12,28,Mountain South,Metropolitan,Others,None,Multi-Family with 2 - 4 Units,CR10,1950s,West,No,Double-Loaded Interior,None,Electricity,100% Incandescent,2,78%,None,Standard Efficiency,0F,None,Slab,Ducted Heating,None,No,Composition Shingles,Natural Gas,Yes,None,Central AC,None,None,None,Uninsulated,None,None,Natural Gas Standard,72F,Heating and Cooling,None,0%,None,Shared Cooling,No,Shared Heating,"Fan Coil Heating and Cooling, Electricity",0-1499,None,No,None,Electricity Shared Heating,None,None,None,None,15 ACH50,2,100% Conditioned,75F,No,30-60%,200-300%,Bottom,2,Multi-Family with 2 - 4 Units,2,<8,0F,None,None,Gas,Never,Standard,100%,No,None,Not Applicable,None,Wood Frame,No,EF 17.6,None,None,None,None,EF 19.9,30-60%,F12 B12 L12 R12,"Double, Clear, Non-metal, Air, Exterior Clear Storm",None,None,None,"Multi-Family with 2 - 4 Units Bottom Unit, Slab, No Attic, No Garage","Stucco, Light",Never,None,"Finished, Uninsulated","Wood Stud, Uninsulated",None,None,None,No,Living Space,None
224015,5A,"G4201030, G42000500",None,"PA, Pike County","PA, 00500",Single-Family Detached,Not/partially in metro area,PA,Middle Atlantic,Vacant,1960-79,Not Available,Not Available,Not Available,Not Available,1000-1499,3,0,Hour12,None,20 ft^2,Fiberglass,2 ft,"Compact, Battery Electric Vehicle, 300 mile range",3000,No,No,No Exterior Use,Uninsulated,Light Curtains,100% Usage,100% Usage,None,None,None,None,"Cooling Season, 7 days/wk",Northwest,Hour4,High,120% Usage,120% Usage,120% Usage,120% Usage,1.4,120% Usage,200%,105% Usage,No,Not in a census Place,"CBSA New York-Newark-Jersey City, NY-NJ-PA",5A,Cold,Northern,PJM East,PJM,"New York-Newark-Jersey City, NY-NJ-PA MSA",122,30,Middle Atlantic,Metropolitan,Others,None,Single-Family Detached,CR07,1990s,Northeast,No,Not Applicable,None,Electricity,100% LED,Left/Right at 15ft,101%,No,"Standard Efficiency, No usage",0F,None,Vented Crawlspace,Ducted Heat Pump,None,No,"Asphalt Shingles, Medium",Electricity,Yes,None,Ducted Heat Pump,None,Ceiling R-19,Uninsulated,None,None,None,Electric Premium,72F,None,None,0%,Uninsulated,Ducted Heat Pump,Yes,"ASHP, SEER2 14.3, 7.4 HSPF2",None,0-1499,None,No,None,Electricity ASHP,None,None,None,None,15 ACH50,1,100% Conditioned,55F,No,Not Available,Not Available,None,None,Single-Family Detached,1,<8,0F,None,Yes,Gas,Never,EnergyStar,80-99%,No,Vented Attic,None,None,Brick,Not Available,EF 17.6,None,None,Has Pool,Typical Efficiency,EF 19.9,Not Available,F9 B9 L9 R9,"Double, Clear, Non-metal, Air",Electric,Standard,None,"Single-Family Detached, Vented Crawlspace, Vented Attic, No Garage",None,Never,R-30,"Unfinished, Uninsulated","Brick, 12-in, 3-wythe, R-19",Electric Heat Pump,1.0 HP Pump,Crawlspace,Yes,Living Space,"20% Leakage to Outside, Uninsulated"
184286,4A,"G4200170, G42003003",None,"PA, Bucks County","PA, 03003",Single-Family Detached,"In metro area, not/partially in principal city",PA,Middle Atlantic,Occupied,<1940,Owner,<10000,<20000,<20000,1500-1999,3,1,Hour20,None,20 ft^2,Fiberglass,2 ft,"SUV, Battery Electric Vehicle, 300 mile range",1000,No,No,No Exterior Use,Uninsulated,Light Curtains,100% Usage,100% Usage,None,None,None,None,"Cooling Season, 7 days/wk",North,Hour18,Medium,100% Usage,100% Usage,100% Usage,100% Usage,1.4,90% Usage,100%,100% Usage,No,"PA, Levittown","CBSA Philadelphia-Camden-Wilmington, PA-NJ-DE-MD",4A,Mixed-Humid,North-Central,PJM East,PJM,"Philadelphia-Camden-Wilmington, PA-NJ-DE-MD MSA",122,29,Middle Atlantic,Metropolitan,Others,None,Single-Family Detached,CR07,1960s,Northeast,Yes,Not Applicable,None,Electricity,100% LED,Left/Right at 15ft,101%,No,None,9F,Night Setback +4h,Unheated Basement,Ducted Heat Pump,None,No,"Asphalt Shingles, Medium",Other Fuel,Yes,None,Ducted Heat Pump,None,Uninsulated,Uninsulated,None,None,None,Other Fuel,72F,None,None,0%,Uninsulated,Ducted Heat Pump,Yes,"ASHP, SEER2 14.3, 7.4 HSPF2",None,1500-2499,None,No,None,Electricity ASHP,None,None,None,None,10 ACH50,1,100% Conditioned,68F,Yes,0-30%,0-100%,None,None,Single-Family Detached,1,<8,3F,Night,Yes,Electric Resistance,Never,None,80-99%,No,None,None,None,Wood Frame,No,None,"EF 12, National Average",None,None,None,EF 17.6,0-30%,F9 B9 L9 R9,"Single, Clear, Metal",Electric,Standard,None,"Single-Family Detached, Unheated Basement, No Attic, No Garage","Brick, Medium/Dark",Never,None,"Finished, R-30","Wood Stud, Uninsulated",None,None,Unheated Basement,No,Unheated Basement,"20% Leakage to Outside, Uninsulated"
53124,1A,"G1500030, G15000302",None,"HI, Honolulu County","HI, 00302",Single-Family Detached,"In metro area, not/partially in principal city",HI,Pacific,Occupied,1960-79,Renter,40000-44999,40000-59999,40000-59999,1000-1499,3,3,Hour18,None,20 ft^2,Fiberglass,2 ft,"Compact, Battery Electric Vehicle, 300 mile range",3000,No,No,No Exterior Use,Uninsulated,Light Curtains,100% Usage,100% Usage,None,None,None,None,"Cooling Season, 7 days/wk",Southwest,Hour10,Low,80% Usage,80% Usage,80% Usage,80% Usage,1.1,70% Usage,50%,95% Usage,No,In another census Place,Non-CBSA Pacific,1A - HI,Hot-Humid,Southern,None,None,"Urban Honolulu, HI MSA",None,14,Pacific,Metropolitan,Others,None,Single-Family Detached,CRHI,1980s,West,Yes,Not Applicable,None,Electricity,100% CFL,Left/Right at 15ft,94%,No,Standard Efficiency,9F,Night Setback -2h,Slab,Non-Ducted Heating,None,Yes,"Asphalt Shingles, Medium",Electricity,Yes,None,Room AC,None,None,None,Uninsulated,Northwest,5.0 kWDC,Electric Standard,80F,None,None,0%,None,"Room AC, CEER 10.6",No,"Electric Wall Furnace, 100% AFUE",None,0-1499,None,No,None,Electricity Electric Wall Furnace,None,None,None,None,20 ACH50,1,20% Conditioned,70F,No,30-60%,150-200%,None,None,Single-Family Detached,1,<8,0F,None,Yes,Electric Resistance,Never,EnergyStar,80-99%,No,Vented Attic,None,None,Wood Frame,No,None,"EF 12, National Average",None,None,None,EF 19.9,30-60%,F9 B9 L9 R9,"Single, Clear, Metal",Gas,Standard,None,"Single-Family Detached, Slab, Vented Attic, No Garage","Wood, Medium/Dark",Never,R-19,"Unfinished, Uninsulated","Wood Stud, R-11",None,None,None,No,Living Space,None
193934,6A,"G2300190, G23000300",None,"ME, Penobscot County","ME, 00300",20 to 49 Unit,"In metro area, not/partially in principal city",ME,New England,Occupied,2010s,Renter,25000-29999,20000-39999,20000-39999,750-999,2,1,Hour2,None,20 ft^2,Fiberglass,2 ft,"SUV, Battery Electric Vehicle, 300 mile range",17000,No,No,No Exterior Use,Uninsulated,Light Curtains,100% Usage,100% Usage,None,None,None,None,"Cooling Season, 7 days/wk",North,Hour17,Medium,100% Usage,100% Usage,100% Usage,100% Usage,1.1,90% Usage,100%,100% Usage,No,Not in a census Place,Non-CBSA New England,6A,Cold,Northern,ISONE,NEISO,"Bangor, ME MSA",134,24,New England,Metropolitan,Others,None,Multi-Family with 5+ Units,CR03,1950s,Northeast,No,Double-Loaded Interior,None,Fuel Oil,100% LED,7,94%,None,Standard Efficiency,0F,None,Slab,Non-Ducted Heating,None,No,"Asphalt Shingles, Medium",Wood,No,None,Central AC,None,None,None,Uninsulated,None,None,Wood,70F,Heating Only,None,0%,None,"AC, SEER2 12.4",Yes,Shared Heating,"Boiler Baseboards Heating Only, Fuel",0-1499,None,No,None,Fuel Oil Shared Heating,None,None,None,None,15 ACH50,3,100% Conditioned,68F,No,30-60%,200-300%,Top,30,"Multi-Family with 5+ Units, 1-3 Stories",3,<8,0F,None,None,Propane,Never,None,0-19%,No,None,Middle,None,Wood Frame,No,None,None,None,None,None,EF 15.9,60-80%,F12 B12 L12 R12,"Double, Low-E, Non-metal, Air, M-Gain",None,None,None,"Multi-Family with 5+ Units Top Unit, Slab, No Attic, No Garage","Vinyl, Light",Never,None,"Finished, R-19","Wood Stud, Uninsulated",None,None,Living Space,No,Conditioned Mechanical Room,"0% Leakage to Outside, Uninsulated"
180646,2A,"G1201170, G12011704",None,"FL, Seminole County","FL, 11704",Single-Family Detached,"In metro area, not/partially in principal city",FL,South Atlantic,Occupied,1980-99,Owner,25000-29999,20000-39999,20000-39999,1500-1999,3,2,Hour16,None,20 ft^2,Fiberglass,2 ft,"SUV, Battery Electric Vehicle, 300 mile range",1000,No,No,No Exterior Use,Uninsulated,Light Curtains,100% Usage,100% Usage,None,None,None,None,"Cooling Season, 7 days/wk",South,Hour22,Medium,100% Usage,100% Usage,100% Usage,100% Usage,1.1,90% Usage,100%,100% Usage,No,In another census Place,Non-CBSA South Atlantic,"2A - FL, GA, AL, MS",Hot-Humid,Southern,FRCC,None,"Orlando-Kissimmee-Sanford, FL MSA",101,5,South Atlantic,Metropolitan,Others,None,Single-Family Detached,CR09,1990s,South,Yes,Not Applicable,None,Electricity,100% LED,Left/Right at 15ft,106%,No,Standard Efficiency,2F,Night Setback -3h,Slab,Ducted Heating,None,Yes,"Asphalt Shingles, Medium",Electricity,Yes,None,Central AC,None,None,None,Uninsulated,Northeast,5.0 kWDC,Electric Standard,76F,None,None,0%,None,"AC, SEER2 14.3",Yes,"Electric Furnace, 100% AFUE",None,1500-2499,None,No,None,Electricity Electric Furnace,None,None,None,None,30 ACH50,1,100% Conditioned,65F,No,30-60%,150-200%,None,None,Single-Family Detached,1,<8,0F,None,Yes,Electric Resistance,Never,EnergyStar,80-99%,No,Vented Attic,None,2 Car,Brick,No,None,None,None,None,None,EF 17.6,30-60%,F6 B6 L6 R6,"Single, Clear, Non-metal",Electric,Standard,None,"Single-Family Detached, Slab, Vented Attic, 2 Car Garage","Stucco, Light",Never,R-19,"Unfinished, Uninsulated","Brick, 12-in, 3-wythe, R-11",None,None,Attic,Yes,Garage,"20% Leakage to Outside, R-4"
107704,7AK,"G0201220, G02000200",None,"AK, Kenai Peninsula Borough","AK, 00200",50 or more Unit,Not/partially in metro area,AK,Pacific,Occupied,1960-79,Renter,60000-69999,60000-79999,60000-99999,500-749,1,2,Hour18,None,20 ft^2,Fiberglass,2 ft,"Compact, Battery Electric Vehicle, 300 mile range",5000,No,No,No Exterior Use,Uninsulated,Light Curtains,100% Usage,100% Usage,None,None,None,None,"Cooling Season, 7 days/wk",West,Hour11,Medium,100% Usage,100% Usage,100% Usage,100% Usage,1.4,90% Usage,100%,100% Usage,Yes,In another census Place,Non-CBSA Pacific,7AK,Very Cold,Northern,None,None,None,None,1,Pacific,Non-Metropolitan,AK,None,Multi-Family with 5+ Units,CRAK,1970s,West,No,Double-Loaded Interior,None,Fuel Oil,100% Incandescent,27,91%,None,Standard Efficiency,0F,None,Slab,Non-Ducted Heating,Other Fuel,No,"Asphalt Shingles, Medium",Electricity,No,None,None,Non-Ducted Heating,None,None,Uninsulated,None,None,Electric Premium,75F,Heating Only,None,0%,None,None,No,Shared Heating,"Boiler Baseboards Heating Only, Fuel",0-1499,None,No,None,Fuel Oil Shared Heating,None,None,None,None,20 ACH50,15,None,72F,No,80-100%,300-400%,Middle,116,"Multi-Family with 5+ Units, 8+ Stories",4+,8+,0F,None,Yes,Electric Resistance,Never,None,100%,No,None,Middle,None,Steel Frame,No,None,None,None,None,None,EF 19.9,80-100%,F30 B30 L30 R30,"Single, Clear, Non-metal",Electric,Standard,None,"Multi-Family with 5+ Units Middle Unit, Slab, No Attic, No Garage","Vinyl, Light",Never,None,"Finished, R-19","Wood Stud, R-7",None,None,None,No,Conditioned Mechanical Room,None
189023,8AK,"G0200900, G02000300",None,"AK, Fairbanks North Star Borough","AK, 00300",Single-Family Detached,Not/partially in metro area,AK,Pacific,Vacant,2010s,Not Available,Not Available,Not Available,Not Available,1000-1499,3,0,Hour1,None,20 ft^2,Fiberglass,2 ft,"Midsize, Battery Electric Vehicle, 200 mile range",3000,No,No,No Exterior Use,Uninsulated,Light Curtains,100% Usage,100% Usage,None,None,None,None,"Cooling Season, 7 days/wk",West,Hour17,Low,80% Usage,80% Usage,80% Usage,80% Usage,0.8,80% Usage,50%,95% Usage,No,In another census Place,Non-CBSA Pacific,8AK,Subarctic,Northern,None,None,"Fairbanks, AK MSA",None,1,Pacific,Metropolitan,AK,None,Single-Family Detached,CRAK,1970s,West,No,Not Applicable,None,Fuel Oil,100% Incandescent,Left/Right at 15ft,94%,No,None,0F,None,Heated Basement,Non-Ducted Heating,Fuel Oil,No,Composition Shingles,Electricity,Yes,None,None,Ducted Heating,Uninsulated,Uninsulated,None,None,None,Electric Standard,72F,None,"Fuel Furnace, 76% AFUE",20%,Uninsulated,None,Yes,"Fuel Boiler, 76% AFUE",None,0-1499,None,No,None,Fuel Oil Fuel Boiler,None,None,None,None,3 ACH50,1,None,55F,No,Not Available,Not Available,None,None,Single-Family Detached,1,<8,0F,None,Yes,Electric Resistance,Never,Standard,100%,No,Vented Attic,None,1 Car,Wood Frame,Not Available,None,"EF 12, National Average",None,None,None,EF 17.6,Not Available,F9 B9 L9 R9,"Double, Low-E, Non-metal, Air, M-Gain",Electric,Standard,None,"Single-Family Detached, Heated Basement, Vented Attic, 1 Car Garage","Vinyl, Light",Never,R-49,"Unfinished, Uninsulated","Wood Stud, R-15",None,None,Heated Basement,Yes,Garage,"0% Leakage to Outside, Uninsulated"
