<measure>
  <schema_version>3.0</schema_version>
  <name>residential_misc_electric_loads</name>
  <uid>3ac41688-ef52-4679-b79c-8cbdf7cbd0e7</uid>
  <version_id>3df19bf7-40a5-4a58-9581-696c98de47d0</version_id>
  <version_modified>20181113T060901Z</version_modified>
  <xml_checksum>126F1C43</xml_checksum>
  <class_name>ResidentialMiscElectricLoads</class_name>
  <display_name>Set Residential Plug Loads</display_name>
  <description>Adds (or replaces) residential plug loads with the specified efficiency and schedule in all finished spaces. For multifamily buildings, the plug loads can be set for all units of the building. See https://github.com/NREL/OpenStudio-BEopt#workflows for supported workflows using this measure.</description>
  <modeler_description>Since there is no Plug Loads object in OpenStudio/EnergyPlus, we look for an ElectricEquipment object with the name that denotes it is residential plug loads. If one is found, it is replaced with the specified properties. Otherwise, a new such object is added to the model. Note: This measure requires the number of bedrooms/bathrooms to have already been assigned.</modeler_description>
  <arguments>
    <argument>
      <name>option_type</name>
      <display_name>Option Type</display_name>
      <description>Inputs are used/ignored below based on the option type specified.</description>
      <type>Choice</type>
      <required>true</required>
      <model_dependent>false</model_dependent>
      <default_value>Multiplier</default_value>
      <choices>
        <choice>
          <value>Multiplier</value>
          <display_name>Multiplier</display_name>
        </choice>
        <choice>
          <value>Annual Energy Use</value>
          <display_name>Annual Energy Use</display_name>
        </choice>
      </choices>
    </argument>
    <argument>
      <name>mult</name>
      <display_name>Multiplier</display_name>
      <description>A multiplier on the national average energy use, which is calculated as: (1108.1 + 180.2 * Nbeds + 0.2785 * FFA), where Nbeds is the number of bedrooms and FFA is the finished floor area in sqft.</description>
      <type>Double</type>
      <required>true</required>
      <model_dependent>false</model_dependent>
      <default_value>1</default_value>
    </argument>
    <argument>
      <name>energy_use</name>
      <display_name>Annual Energy Use</display_name>
      <description>Annual energy use of the plug loads.</description>
      <type>Double</type>
      <units>kWh/year</units>
      <required>true</required>
      <model_dependent>false</model_dependent>
      <default_value>2000</default_value>
    </argument>
    <argument>
      <name>sens_frac</name>
      <display_name>Sensible Fraction</display_name>
      <description>Fraction of internal gains that are sensible.</description>
      <type>Double</type>
      <required>true</required>
      <model_dependent>false</model_dependent>
      <default_value>0.93</default_value>
    </argument>
    <argument>
      <name>lat_frac</name>
      <display_name>Latent Fraction</display_name>
      <description>Fraction of internal gains that are latent.</description>
      <type>Double</type>
      <required>true</required>
      <model_dependent>false</model_dependent>
      <default_value>0.021</default_value>
    </argument>
    <argument>
      <name>weekday_sch</name>
      <display_name>Weekday schedule</display_name>
      <description>Specify the 24-hour weekday schedule.</description>
      <type>String</type>
      <required>true</required>
      <model_dependent>false</model_dependent>
      <default_value>0.035, 0.033, 0.032, 0.031, 0.032, 0.033, 0.037, 0.042, 0.043, 0.043, 0.043, 0.044, 0.045, 0.045, 0.044, 0.046, 0.048, 0.052, 0.053, 0.05, 0.047, 0.045, 0.04, 0.036</default_value>
    </argument>
    <argument>
      <name>weekend_sch</name>
      <display_name>Weekend schedule</display_name>
      <description>Specify the 24-hour weekend schedule.</description>
      <type>String</type>
      <required>true</required>
      <model_dependent>false</model_dependent>
      <default_value>0.035, 0.033, 0.032, 0.031, 0.032, 0.033, 0.037, 0.042, 0.043, 0.043, 0.043, 0.044, 0.045, 0.045, 0.044, 0.046, 0.048, 0.052, 0.053, 0.05, 0.047, 0.045, 0.04, 0.036</default_value>
    </argument>
    <argument>
      <name>monthly_sch</name>
      <display_name>Month schedule</display_name>
      <description>Specify the 12-month schedule.</description>
      <type>String</type>
      <required>true</required>
      <model_dependent>false</model_dependent>
      <default_value>1.248, 1.257, 0.993, 0.989, 0.993, 0.827, 0.821, 0.821, 0.827, 0.99, 0.987, 1.248</default_value>
    </argument>
  </arguments>
  <outputs/>
  <provenances/>
  <tags>
    <tag>Equipment.Electric Equipment</tag>
  </tags>
  <attributes>
    <attribute>
      <name>Measure Type</name>
      <value>ModelMeasure</value>
      <datatype>string</datatype>
    </attribute>
    <attribute>
      <name>Uses SketchUp API</name>
      <value>false</value>
      <datatype>boolean</datatype>
    </attribute>
  </attributes>
  <files>
    <file>
      <filename>ResidentialMiscellaneousElectricLoads_Test.rb</filename>
      <filetype>rb</filetype>
      <usage_type>test</usage_type>
      <checksum>51F48DCD</checksum>
    </file>
    <file>
      <version>
        <software_program>OpenStudio</software_program>
        <identifier>1.4.0</identifier>
        <min_compatible>2.0.4</min_compatible>
      </version>
      <filename>measure.rb</filename>
      <filetype>rb</filetype>
      <usage_type>script</usage_type>
      <checksum>DF357498</checksum>
    </file>
  </files>
</measure>
