<measure>
  <schema_version>3.0</schema_version>
  <name>residential_lighting</name>
  <uid>82efbdfd-258d-421a-8c32-ff4636bea099</uid>
  <version_id>c7a59dbf-e923-4d80-b1bf-e967d5550491</version_id>
  <version_modified>20181113T060901Z</version_modified>
  <xml_checksum>2DDDDD82</xml_checksum>
  <class_name>ResidentialLighting</class_name>
  <display_name>Set Residential Lighting</display_name>
  <description>Sets (or replaces) the lighting energy use, based on fractions of CFLs, LFLs, and LEDs, for finished spaces, the garage, and outside. For multifamily buildings, the lighting can be set for all units of the building. See https://github.com/NREL/OpenStudio-BEopt#workflows for supported workflows using this measure.</description>
  <modeler_description>Assigns a lighting energy use and schedule to finished spaces, the garage, and outside. The lighting schedule is calculated for the latitude/longitude of the weather location specified in the model.</modeler_description>
  <arguments>
    <argument>
      <name>option_type</name>
      <display_name>Option Type</display_name>
      <description>Inputs are used/ignored below based on the option type specified.</description>
      <type>Choice</type>
      <required>true</required>
      <model_dependent>false</model_dependent>
      <default_value>Lamp Fractions</default_value>
      <choices>
        <choice>
          <value>Lamp Fractions</value>
          <display_name>Lamp Fractions</display_name>
        </choice>
        <choice>
          <value>Annual Energy Uses</value>
          <display_name>Annual Energy Uses</display_name>
        </choice>
      </choices>
    </argument>
    <argument>
      <name>hw_cfl</name>
      <display_name>Lamp Fractions: Hardwired Fraction CFL</display_name>
      <description>Fraction of all hardwired lamps (interior, garage, and exterior) that are compact fluorescent. Hardwired lighting not specified as CFL, LED, or LFL is assumed to be incandescent.</description>
      <type>Double</type>
      <required>true</required>
      <model_dependent>false</model_dependent>
      <default_value>0.34</default_value>
    </argument>
    <argument>
      <name>hw_led</name>
      <display_name>Lamp Fractions: Hardwired Fraction LED</display_name>
      <description>Fraction of all hardwired lamps (interior, garage, and exterior) that are LED. Hardwired lighting not specified as CFL, LED, or LFL is assumed to be incandescent.</description>
      <type>Double</type>
      <required>true</required>
      <model_dependent>false</model_dependent>
      <default_value>0</default_value>
    </argument>
    <argument>
      <name>hw_lfl</name>
      <display_name>Lamp Fractions: Hardwired Fraction LFL</display_name>
      <description>Fraction of all hardwired lamps (interior, garage, and exterior) that are linear fluorescent. Hardwired lighting not specified as CFL, LED, or LFL is assumed to be incandescent.</description>
      <type>Double</type>
      <required>true</required>
      <model_dependent>false</model_dependent>
      <default_value>0</default_value>
    </argument>
    <argument>
      <name>pg_cfl</name>
      <display_name>Lamp Fractions: Plugin Fraction CFL</display_name>
      <description>Fraction of all plugin lamps that are compact fluorescent. Plugin lighting not specified as CFL, LED, or LFL is assumed to be incandescent.</description>
      <type>Double</type>
      <required>true</required>
      <model_dependent>false</model_dependent>
      <default_value>0.34</default_value>
    </argument>
    <argument>
      <name>pg_led</name>
      <display_name>Lamp Fractions: Plugin Fraction LED</display_name>
      <description>Fraction of all plugin lamps that are LED. Plugin lighting not specified as CFL, LED, or LFL is assumed to be incandescent.</description>
      <type>Double</type>
      <required>true</required>
      <model_dependent>false</model_dependent>
      <default_value>0</default_value>
    </argument>
    <argument>
      <name>pg_lfl</name>
      <display_name>Lamp Fractions: Plugin Fraction LFL</display_name>
      <description>Fraction of all plugin lamps that are linear fluorescent. Plugin lighting not specified as CFL, LED, or LFL is assumed to be incandescent.</description>
      <type>Double</type>
      <required>true</required>
      <model_dependent>false</model_dependent>
      <default_value>0</default_value>
    </argument>
    <argument>
      <name>in_eff</name>
      <display_name>Lamp Fractions: Incandescent Efficacy</display_name>
      <description>The ratio of light output from an incandescent lamp to the electric power it consumes.</description>
      <type>Double</type>
      <units>lm/W</units>
      <required>true</required>
      <model_dependent>false</model_dependent>
      <default_value>15</default_value>
    </argument>
    <argument>
      <name>cfl_eff</name>
      <display_name>Lamp Fractions: CFL Efficacy</display_name>
      <description>The ratio of light output from a CFL lamp to the electric power it consumes.</description>
      <type>Double</type>
      <units>lm/W</units>
      <required>true</required>
      <model_dependent>false</model_dependent>
      <default_value>55</default_value>
    </argument>
    <argument>
      <name>led_eff</name>
      <display_name>Lamp Fractions: LED Efficacy</display_name>
      <description>The ratio of light output from a LED lamp to the electric power it consumes.</description>
      <type>Double</type>
      <units>lm/W</units>
      <required>true</required>
      <model_dependent>false</model_dependent>
      <default_value>80</default_value>
    </argument>
    <argument>
      <name>lfl_eff</name>
      <display_name>Lamp Fractions: LFL Efficacy</display_name>
      <description>The ratio of light output from a LFL lamp to the electric power it consumes.</description>
      <type>Double</type>
      <units>lm/W</units>
      <required>true</required>
      <model_dependent>false</model_dependent>
      <default_value>88</default_value>
    </argument>
    <argument>
      <name>energy_use_interior</name>
      <display_name>Annual Energy Uses: Interior</display_name>
      <description>Total interior annual lighting energy use (excluding garages).</description>
      <type>Double</type>
      <units>kWh/year</units>
      <required>true</required>
      <model_dependent>false</model_dependent>
      <default_value>900</default_value>
    </argument>
    <argument>
      <name>energy_use_garage</name>
      <display_name>Annual Energy Uses: Garage</display_name>
      <description>Total garage annual lighting energy use. Only applied if there is a garage space.</description>
      <type>Double</type>
      <units>kWh/year</units>
      <required>true</required>
      <model_dependent>false</model_dependent>
      <default_value>100</default_value>
    </argument>
    <argument>
      <name>energy_use_exterior</name>
      <display_name>Annual Energy Uses: Exterior</display_name>
      <description>Total exterior annual lighting energy use.</description>
      <type>Double</type>
      <units>kWh/year</units>
      <required>true</required>
      <model_dependent>false</model_dependent>
      <default_value>300</default_value>
    </argument>
  </arguments>
  <outputs/>
  <provenances/>
  <tags>
    <tag>Electric Lighting.Lighting Equipment</tag>
  </tags>
  <attributes>
    <attribute>
      <name>Measure Type</name>
      <value>ModelMeasure</value>
      <datatype>string</datatype>
    </attribute>
    <attribute>
      <name>Uses SketchUp API</name>
      <value>false</value>
      <datatype>boolean</datatype>
    </attribute>
  </attributes>
  <files>
    <file>
      <filename>ResidentialLighting_Test.rb</filename>
      <filetype>rb</filetype>
      <usage_type>test</usage_type>
      <checksum>A8785FC0</checksum>
    </file>
    <file>
      <version>
        <software_program>OpenStudio</software_program>
        <identifier>1.4.0</identifier>
        <min_compatible>2.0.4</min_compatible>
      </version>
      <filename>measure.rb</filename>
      <filetype>rb</filetype>
      <usage_type>script</usage_type>
      <checksum>BEEA80D7</checksum>
    </file>
  </files>
</measure>
