<measure>
  <schema_version>3.0</schema_version>
  <name>process_constructions_walls_double_wood_stud</name>
  <uid>d3ae8875-36bc-4e4f-a5a9-c9d0dcd46651</uid>
  <version_id>acabf434-fa76-47d8-89dc-39f00542a6e7</version_id>
  <version_modified>20190103T214659Z</version_modified>
  <xml_checksum>1E963D9C</xml_checksum>
  <class_name>ProcessConstructionsWallsDoubleWoodStud</class_name>
  <display_name>Set Residential Walls - Double Wood Stud Construction</display_name>
  <description>This measure assigns a double wood stud construction to above-grade walls. See https://github.com/NREL/OpenStudio-BEopt#workflows for supported workflows using this measure.</description>
  <modeler_description>Calculates and assigns material layer properties of double wood stud constructions for 1) exterior walls of finished spaces, 2) exterior walls (e.g. gable walls) of unfinished attics under roof insulation, and 3) interior walls (e.g., attic knee walls) between finished and unfinished spaces. Adds furniture &amp; partition wall mass. Uninsulated constructions will also be assigned to 1) exterior walls of unfinished spaces, 2) interior walls between finished spaces, and 3) interior walls between unfinished spaces. Any existing constructions for these surfaces will be removed.</modeler_description>
  <arguments>
    <argument>
      <name>cavity_r</name>
      <display_name>Cavity Insulation Nominal R-value</display_name>
      <description>Refers to the R-value of the cavity insulation and not the overall R-value of the assembly.</description>
      <type>Double</type>
      <units>hr-ft^2-R/Btu</units>
      <required>true</required>
      <model_dependent>false</model_dependent>
      <default_value>33</default_value>
    </argument>
    <argument>
      <name>install_grade</name>
      <display_name>Cavity Install Grade</display_name>
      <description>Installation grade as defined by RESNET standard. 5% of the cavity is considered missing insulation for Grade 3, 2% for Grade 2, and 0% for Grade 1.</description>
      <type>Choice</type>
      <required>true</required>
      <model_dependent>false</model_dependent>
      <default_value>1</default_value>
      <choices>
        <choice>
          <value>1</value>
          <display_name>1</display_name>
        </choice>
        <choice>
          <value>2</value>
          <display_name>2</display_name>
        </choice>
        <choice>
          <value>3</value>
          <display_name>3</display_name>
        </choice>
      </choices>
    </argument>
    <argument>
      <name>stud_depth_in</name>
      <display_name>Stud Depth</display_name>
      <description>Depth of the studs. 3.5" for 2x4s, 5.5" for 2x6s, etc. The total cavity depth of the double stud wall = (2 x stud depth) + gap depth.</description>
      <type>Double</type>
      <units>in</units>
      <required>true</required>
      <model_dependent>false</model_dependent>
      <default_value>3.5</default_value>
    </argument>
    <argument>
      <name>gap_depth_in</name>
      <display_name>Gap Depth</display_name>
      <description>Depth of the gap between walls.</description>
      <type>Double</type>
      <units>in</units>
      <required>true</required>
      <model_dependent>false</model_dependent>
      <default_value>3.5</default_value>
    </argument>
    <argument>
      <name>framing_factor</name>
      <display_name>Framing Factor</display_name>
      <description>The fraction of a wall assembly that is comprised of structural framing for the individual (inner and outer) stud walls.</description>
      <type>Double</type>
      <units>frac</units>
      <required>true</required>
      <model_dependent>false</model_dependent>
      <default_value>0.22</default_value>
    </argument>
    <argument>
      <name>framing_spacing</name>
      <display_name>Framing Spacing</display_name>
      <description>The on-center spacing between framing in a wall assembly.</description>
      <type>Double</type>
      <units>in</units>
      <required>true</required>
      <model_dependent>false</model_dependent>
      <default_value>24</default_value>
    </argument>
    <argument>
      <name>is_staggered</name>
      <display_name>Staggered Studs</display_name>
      <description>Indicates that the double studs are aligned in a staggered fashion (as opposed to being center).</description>
      <type>Boolean</type>
      <required>true</required>
      <model_dependent>false</model_dependent>
      <default_value>false</default_value>
      <choices>
        <choice>
          <value>true</value>
          <display_name>true</display_name>
        </choice>
        <choice>
          <value>false</value>
          <display_name>false</display_name>
        </choice>
      </choices>
    </argument>
    <argument>
      <name>drywall_thick_in</name>
      <display_name>Drywall Thickness</display_name>
      <description>Thickness of the drywall material.</description>
      <type>Double</type>
      <units>in</units>
      <required>true</required>
      <model_dependent>false</model_dependent>
      <default_value>0.5</default_value>
    </argument>
    <argument>
      <name>osb_thick_in</name>
      <display_name>OSB/Plywood Thickness</display_name>
      <description>Specifies the thickness of the walls' OSB/plywood sheathing. Enter 0 for no sheathing (if the wall has other means to handle the shear load on the wall such as cross-bracing).</description>
      <type>Double</type>
      <units>in</units>
      <required>true</required>
      <model_dependent>false</model_dependent>
      <default_value>0.5</default_value>
    </argument>
    <argument>
      <name>rigid_r</name>
      <display_name>Continuous Insulation Nominal R-value</display_name>
      <description>The R-value of the continuous insulation.</description>
      <type>Double</type>
      <units>h-ft^2-R/Btu</units>
      <required>true</required>
      <model_dependent>false</model_dependent>
      <default_value>0</default_value>
    </argument>
    <argument>
      <name>exterior_finish</name>
      <display_name>Exterior Finish</display_name>
      <description>The exterior finish material.</description>
      <type>Choice</type>
      <required>true</required>
      <model_dependent>false</model_dependent>
      <default_value>Vinyl, Light</default_value>
      <choices>
        <choice>
          <value>Stucco, Medium/Dark</value>
          <display_name>Stucco, Medium/Dark</display_name>
        </choice>
        <choice>
          <value>Brick, Light</value>
          <display_name>Brick, Light</display_name>
        </choice>
        <choice>
          <value>Brick, Medium/Dark</value>
          <display_name>Brick, Medium/Dark</display_name>
        </choice>
        <choice>
          <value>Wood, Light</value>
          <display_name>Wood, Light</display_name>
        </choice>
        <choice>
          <value>Wood, Medium/Dark</value>
          <display_name>Wood, Medium/Dark</display_name>
        </choice>
        <choice>
          <value>Aluminum, Light</value>
          <display_name>Aluminum, Light</display_name>
        </choice>
        <choice>
          <value>Aluminum, Medium/Dark</value>
          <display_name>Aluminum, Medium/Dark</display_name>
        </choice>
        <choice>
          <value>Vinyl, Light</value>
          <display_name>Vinyl, Light</display_name>
        </choice>
        <choice>
          <value>Vinyl, Medium/Dark</value>
          <display_name>Vinyl, Medium/Dark</display_name>
        </choice>
        <choice>
          <value>Fiber-Cement, Light</value>
          <display_name>Fiber-Cement, Light</display_name>
        </choice>
        <choice>
          <value>Fiber-Cement, Medium/Dark</value>
          <display_name>Fiber-Cement, Medium/Dark</display_name>
        </choice>
      </choices>
    </argument>
  </arguments>
  <outputs/>
  <provenances/>
  <tags>
    <tag>Envelope.Opaque</tag>
  </tags>
  <attributes>
    <attribute>
      <name>Measure Type</name>
      <value>ModelMeasure</value>
      <datatype>string</datatype>
    </attribute>
    <attribute>
      <name>Uses SketchUp API</name>
      <value>false</value>
      <datatype>boolean</datatype>
    </attribute>
  </attributes>
  <files>
    <file>
      <filename>DoubleWoodStud_Test.rb</filename>
      <filetype>rb</filetype>
      <usage_type>test</usage_type>
      <checksum>F58FF2D7</checksum>
    </file>
    <file>
      <version>
        <software_program>OpenStudio</software_program>
        <identifier>1.3.0</identifier>
        <min_compatible>2.0.4</min_compatible>
      </version>
      <filename>measure.rb</filename>
      <filetype>rb</filetype>
      <usage_type>script</usage_type>
      <checksum>C90A3100</checksum>
    </file>
  </files>
</measure>
