<measure>
  <schema_version>3.0</schema_version>
  <name>process_constructions_walls_steel_stud</name>
  <uid>1ff01961-2d80-4074-90ea-84c56a7204be</uid>
  <version_id>ed31ca79-2081-4aed-9e9b-9f052806a373</version_id>
  <version_modified>20180822T022836Z</version_modified>
  <xml_checksum>2609226D</xml_checksum>
  <class_name>ProcessConstructionsWallsSteelStud</class_name>
  <display_name>Set Residential Walls - Steel Stud Construction</display_name>
  <description>This measure assigns a steel stud construction to above-grade walls. See https://github.com/NREL/OpenStudio-BEopt#workflows for supported workflows using this measure.</description>
  <modeler_description>Calculates and assigns material layer properties of steel stud constructions for 1) exterior walls of finished spaces, 2) exterior walls (e.g. gable walls) of unfinished attics under roof insulation, and 3) interior walls (e.g., attic knee walls) between finished and unfinished spaces. Adds furniture &amp; partition wall mass. Uninsulated constructions will also be assigned to 1) exterior walls of unfinished spaces, 2) interior walls between finished spaces, and 3) interior walls between unfinished spaces. Any existing constructions for these surfaces will be removed.</modeler_description>
  <arguments>
    <argument>
      <name>cavity_r</name>
      <display_name>Cavity Insulation Nominal R-value</display_name>
      <description>Refers to the R-value of the cavity insulation and not the overall R-value of the assembly.</description>
      <type>Double</type>
      <units>hr-ft^2-R/Btu</units>
      <required>true</required>
      <model_dependent>false</model_dependent>
      <default_value>13</default_value>
    </argument>
    <argument>
      <name>install_grade</name>
      <display_name>Cavity Install Grade</display_name>
      <description>Installation grade as defined by RESNET standard. 5% of the cavity is considered missing insulation for Grade 3, 2% for Grade 2, and 0% for Grade 1.</description>
      <type>Choice</type>
      <required>true</required>
      <model_dependent>false</model_dependent>
      <default_value>1</default_value>
      <choices>
        <choice>
          <value>1</value>
          <display_name>1</display_name>
        </choice>
        <choice>
          <value>2</value>
          <display_name>2</display_name>
        </choice>
        <choice>
          <value>3</value>
          <display_name>3</display_name>
        </choice>
      </choices>
    </argument>
    <argument>
      <name>cavity_depth_in</name>
      <display_name>Cavity Depth</display_name>
      <description>Depth of the stud cavity. 3.5" for 2x4s, 5.5" for 2x6s, etc.</description>
      <type>Double</type>
      <units>in</units>
      <required>true</required>
      <model_dependent>false</model_dependent>
      <default_value>3.5</default_value>
    </argument>
    <argument>
      <name>cavity_filled</name>
      <display_name>Insulation Fills Cavity</display_name>
      <description>When the insulation does not completely fill the depth of the cavity, air film resistances are added to the insulation R-value.</description>
      <type>Boolean</type>
      <required>true</required>
      <model_dependent>false</model_dependent>
      <default_value>true</default_value>
      <choices>
        <choice>
          <value>true</value>
          <display_name>true</display_name>
        </choice>
        <choice>
          <value>false</value>
          <display_name>false</display_name>
        </choice>
      </choices>
    </argument>
    <argument>
      <name>framing_factor</name>
      <display_name>Framing Factor</display_name>
      <description>The fraction of a wall assembly that is comprised of structural framing.</description>
      <type>Double</type>
      <units>frac</units>
      <required>true</required>
      <model_dependent>false</model_dependent>
      <default_value>0.25</default_value>
    </argument>
    <argument>
      <name>correction_factor</name>
      <display_name>Correction Factor</display_name>
      <description>The parallel path correction factor, as specified in Table C402.1.4.1 of the 2015 IECC as well as ASHRAE Standard 90.1, is used to determine the thermal resistance of wall assemblies containing metal framing.</description>
      <type>Double</type>
      <required>true</required>
      <model_dependent>false</model_dependent>
      <default_value>0.46</default_value>
    </argument>
    <argument>
      <name>drywall_thick_in</name>
      <display_name>Drywall Thickness</display_name>
      <description>Thickness of the drywall material.</description>
      <type>Double</type>
      <units>in</units>
      <required>true</required>
      <model_dependent>false</model_dependent>
      <default_value>0.5</default_value>
    </argument>
    <argument>
      <name>osb_thick_in</name>
      <display_name>OSB/Plywood Thickness</display_name>
      <description>Specifies the thickness of the walls' OSB/plywood sheathing. Enter 0 for no sheathing (if the wall has other means to handle the shear load on the wall such as cross-bracing).</description>
      <type>Double</type>
      <units>in</units>
      <required>true</required>
      <model_dependent>false</model_dependent>
      <default_value>0.5</default_value>
    </argument>
    <argument>
      <name>rigid_r</name>
      <display_name>Continuous Insulation Nominal R-value</display_name>
      <description>The R-value of the continuous insulation.</description>
      <type>Double</type>
      <units>h-ft^2-R/Btu</units>
      <required>true</required>
      <model_dependent>false</model_dependent>
      <default_value>0</default_value>
    </argument>
    <argument>
      <name>exterior_finish</name>
      <display_name>Exterior Finish</display_name>
      <description>The exterior finish material.</description>
      <type>Choice</type>
      <required>true</required>
      <model_dependent>false</model_dependent>
      <default_value>Vinyl, Light</default_value>
      <choices>
        <choice>
          <value>Stucco, Medium/Dark</value>
          <display_name>Stucco, Medium/Dark</display_name>
        </choice>
        <choice>
          <value>Brick, Light</value>
          <display_name>Brick, Light</display_name>
        </choice>
        <choice>
          <value>Brick, Medium/Dark</value>
          <display_name>Brick, Medium/Dark</display_name>
        </choice>
        <choice>
          <value>Wood, Light</value>
          <display_name>Wood, Light</display_name>
        </choice>
        <choice>
          <value>Wood, Medium/Dark</value>
          <display_name>Wood, Medium/Dark</display_name>
        </choice>
        <choice>
          <value>Aluminum, Light</value>
          <display_name>Aluminum, Light</display_name>
        </choice>
        <choice>
          <value>Aluminum, Medium/Dark</value>
          <display_name>Aluminum, Medium/Dark</display_name>
        </choice>
        <choice>
          <value>Vinyl, Light</value>
          <display_name>Vinyl, Light</display_name>
        </choice>
        <choice>
          <value>Vinyl, Medium/Dark</value>
          <display_name>Vinyl, Medium/Dark</display_name>
        </choice>
        <choice>
          <value>Fiber-Cement, Light</value>
          <display_name>Fiber-Cement, Light</display_name>
        </choice>
        <choice>
          <value>Fiber-Cement, Medium/Dark</value>
          <display_name>Fiber-Cement, Medium/Dark</display_name>
        </choice>
      </choices>
    </argument>
  </arguments>
  <outputs/>
  <provenances/>
  <tags>
    <tag>Envelope.Opaque</tag>
  </tags>
  <attributes>
    <attribute>
      <name>Measure Type</name>
      <value>ModelMeasure</value>
      <datatype>string</datatype>
    </attribute>
    <attribute>
      <name>Intended Software Tool</name>
      <value>Apply Measure Now</value>
      <datatype>string</datatype>
    </attribute>
    <attribute>
      <name>Intended Software Tool</name>
      <value>OpenStudio Application</value>
      <datatype>string</datatype>
    </attribute>
    <attribute>
      <name>Intended Software Tool</name>
      <value>Parametric Analysis Tool</value>
      <datatype>string</datatype>
    </attribute>
  </attributes>
  <files>
    <file>
      <filename>SteelStud_Test.rb</filename>
      <filetype>rb</filetype>
      <usage_type>test</usage_type>
      <checksum>0D71C21D</checksum>
    </file>
    <file>
      <version>
        <software_program>OpenStudio</software_program>
        <identifier>1.9.0</identifier>
        <min_compatible>2.0.4</min_compatible>
      </version>
      <filename>measure.rb</filename>
      <filetype>rb</filetype>
      <usage_type>script</usage_type>
      <checksum>2180B874</checksum>
    </file>
    <file>
      <filename>util.rb</filename>
      <filetype>rb</filetype>
      <usage_type>resource</usage_type>
      <checksum>4516079E</checksum>
    </file>
    <file>
      <filename>materials.rb</filename>
      <filetype>rb</filetype>
      <usage_type>resource</usage_type>
      <checksum>82D32FEE</checksum>
    </file>
    <file>
      <filename>constants.rb</filename>
      <filetype>rb</filetype>
      <usage_type>resource</usage_type>
      <checksum>3BCB1148</checksum>
    </file>
    <file>
      <filename>geometry.rb</filename>
      <filetype>rb</filetype>
      <usage_type>resource</usage_type>
      <checksum>3A649817</checksum>
    </file>
    <file>
      <filename>constructions.rb</filename>
      <filetype>rb</filetype>
      <usage_type>resource</usage_type>
      <checksum>D8B04DC5</checksum>
    </file>
    <file>
      <filename>unit_conversions.rb</filename>
      <filetype>rb</filetype>
      <usage_type>resource</usage_type>
      <checksum>81550F14</checksum>
    </file>
    <file>
      <filename>SFD_2000sqft_2story_SL_UA_CeilingIns.osm</filename>
      <filetype>osm</filetype>
      <usage_type>test</usage_type>
      <checksum>F36DE58E</checksum>
    </file>
  </files>
</measure>
