<measure>
  <schema_version>3.0</schema_version>
  <name>residential_dishwasher</name>
  <uid>09ea4570-4666-4a55-812f-5e90091f5325</uid>
  <version_id>2189a7e9-0b6f-4196-8cb5-d2806e7cf2a0</version_id>
  <version_modified>20181113T060857Z</version_modified>
  <xml_checksum>126F1C43</xml_checksum>
  <class_name>ResidentialDishwasher</class_name>
  <display_name>Set Residential Dishwasher</display_name>
  <description>Adds (or replaces) a residential dishwasher with the specified efficiency, operation, and schedule. For multifamily buildings, the dishwasher can be set for all units of the building. See https://github.com/NREL/OpenStudio-BEopt#workflows for supported workflows using this measure.</description>
  <modeler_description>Since there is no Dishwasher object in OpenStudio/EnergyPlus, we look for an ElectricEquipment object with the name that denotes it is a residential dishwasher. If one is found, it is replaced with the specified properties. Otherwise, a new such object is added to the model. Note: This measure requires the number of bedrooms/bathrooms to have already been assigned.</modeler_description>
  <arguments>
    <argument>
      <name>num_settings</name>
      <display_name>Number of Place Settings</display_name>
      <description>The number of place settings for the unit. Data obtained from manufacturer's literature.</description>
      <type>Integer</type>
      <units>#</units>
      <required>true</required>
      <model_dependent>false</model_dependent>
      <default_value>12</default_value>
    </argument>
    <argument>
      <name>rated_annual_energy</name>
      <display_name>Rated Annual Consumption</display_name>
      <description>The annual energy consumed by the dishwasher, as rated, obtained from the EnergyGuide label. This includes both the appliance electricity consumption and the energy required for water heating.</description>
      <type>Double</type>
      <units>kWh</units>
      <required>true</required>
      <model_dependent>false</model_dependent>
      <default_value>290</default_value>
    </argument>
    <argument>
      <name>has_internal_heater</name>
      <display_name>Internal Heater Adjustment</display_name>
      <description>Does the system use an internal electric heater to adjust water temperature? Input obtained from manufacturer's literature.</description>
      <type>Boolean</type>
      <required>true</required>
      <model_dependent>false</model_dependent>
      <default_value>true</default_value>
      <choices>
        <choice>
          <value>true</value>
          <display_name>true</display_name>
        </choice>
        <choice>
          <value>false</value>
          <display_name>false</display_name>
        </choice>
      </choices>
    </argument>
    <argument>
      <name>cold_inlet</name>
      <display_name>Cold Water Inlet Only</display_name>
      <description>Does the dishwasher use a cold water connection only.   Input obtained from manufacturer's literature.</description>
      <type>Boolean</type>
      <required>true</required>
      <model_dependent>false</model_dependent>
      <default_value>false</default_value>
      <choices>
        <choice>
          <value>true</value>
          <display_name>true</display_name>
        </choice>
        <choice>
          <value>false</value>
          <display_name>false</display_name>
        </choice>
      </choices>
    </argument>
    <argument>
      <name>cold_use</name>
      <display_name>Cold Water Conn Use Per Cycle</display_name>
      <description>Volume of water per cycle used if there is only a cold water inlet connection, for the dishwasher. Input obtained from manufacturer's literature.</description>
      <type>Double</type>
      <units>gal/cycle</units>
      <required>true</required>
      <model_dependent>false</model_dependent>
      <default_value>0</default_value>
    </argument>
    <argument>
      <name>test_date</name>
      <display_name>Energy Guide Date</display_name>
      <description>Energy Guide test date.</description>
      <type>Integer</type>
      <required>true</required>
      <model_dependent>false</model_dependent>
      <default_value>2007</default_value>
    </argument>
    <argument>
      <name>annual_gas_cost</name>
      <display_name>Energy Guide Annual Gas Cost</display_name>
      <description>Annual cost of gas, as rated.  Obtained from the EnergyGuide label.</description>
      <type>Double</type>
      <units>$/yr</units>
      <required>true</required>
      <model_dependent>false</model_dependent>
      <default_value>23</default_value>
    </argument>
    <argument>
      <name>mult_e</name>
      <display_name>Occupancy Energy Multiplier</display_name>
      <description>Appliance energy use is multiplied by this factor to account for occupancy usage that differs from the national average.</description>
      <type>Double</type>
      <required>true</required>
      <model_dependent>false</model_dependent>
      <default_value>1</default_value>
    </argument>
    <argument>
      <name>mult_hw</name>
      <display_name>Occupancy Hot Water Multiplier</display_name>
      <description>Appliance hot water use is multiplied by this factor to account for occupancy usage that differs from the national average. This should generally be equal to the Occupancy Energy Multiplier.</description>
      <type>Double</type>
      <required>true</required>
      <model_dependent>false</model_dependent>
      <default_value>1</default_value>
    </argument>
    <argument>
      <name>location</name>
      <display_name>Location</display_name>
      <description>The space type for the location. 'auto' will automatically choose a space type based on the space types found in the model.</description>
      <type>Choice</type>
      <required>true</required>
      <model_dependent>true</model_dependent>
      <default_value>auto</default_value>
      <choices>
        <choice>
          <value>auto</value>
          <display_name>auto</display_name>
        </choice>
      </choices>
    </argument>
    <argument>
      <name>plant_loop</name>
      <display_name>Plant Loop</display_name>
      <description>Select the plant loop for the dishwasher. 'auto' will try to choose the plant loop associated with the specified space. For multifamily buildings, 'auto' will choose the plant loop for each unit of the building.</description>
      <type>Choice</type>
      <required>true</required>
      <model_dependent>true</model_dependent>
      <default_value>auto</default_value>
      <choices>
        <choice>
          <value>auto</value>
          <display_name>auto</display_name>
        </choice>
      </choices>
    </argument>
    <argument>
      <name>schedule_day_shift</name>
      <display_name>Schedule Day Shift</display_name>
      <description>Draw profiles are shifted to prevent coincident hot water events when performing portfolio analyses. For multifamily buildings, draw profiles for each unit are automatically shifted by one week.</description>
      <type>Integer</type>
      <required>true</required>
      <model_dependent>false</model_dependent>
      <default_value>0</default_value>
    </argument>
  </arguments>
  <outputs/>
  <provenances/>
  <tags>
    <tag>Equipment.Electric Equipment</tag>
  </tags>
  <attributes>
    <attribute>
      <name>Measure Type</name>
      <value>ModelMeasure</value>
      <datatype>string</datatype>
    </attribute>
    <attribute>
      <name>Uses SketchUp API</name>
      <value>false</value>
      <datatype>boolean</datatype>
    </attribute>
  </attributes>
  <files>
    <file>
      <filename>ResidentialDishwasher_Test.rb</filename>
      <filetype>rb</filetype>
      <usage_type>test</usage_type>
      <checksum>73474418</checksum>
    </file>
    <file>
      <version>
        <software_program>OpenStudio</software_program>
        <identifier>1.4.0</identifier>
        <min_compatible>2.0.4</min_compatible>
      </version>
      <filename>measure.rb</filename>
      <filetype>rb</filetype>
      <usage_type>script</usage_type>
      <checksum>97DF8ED2</checksum>
    </file>
  </files>
</measure>
