<measure>
  <schema_version>3.0</schema_version>
  <name>hpxml_translator</name>
  <uid>b1543b30-9465-45ff-ba04-1d1f85e763bc</uid>
  <version_id>284667d0-be6d-4511-bc89-976fe5434d8d</version_id>
  <version_modified>20181114T181723Z</version_modified>
  <xml_checksum>D8922A73</xml_checksum>
  <class_name>HPXMLTranslator</class_name>
  <display_name>HPXML Translator</display_name>
  <description>Translates HPXML file to OpenStudio Model</description>
  <modeler_description>TODO</modeler_description>
  <arguments>
    <argument>
      <name>hpxml_path</name>
      <display_name>HPXML File Path</display_name>
      <description>Absolute (or relative) path of the HPXML file.</description>
      <type>String</type>
      <required>true</required>
      <model_dependent>false</model_dependent>
    </argument>
    <argument>
      <name>weather_dir</name>
      <display_name>Weather Directory</display_name>
      <description>Absolute path of the weather directory.</description>
      <type>String</type>
      <required>true</required>
      <model_dependent>false</model_dependent>
    </argument>
    <argument>
      <name>schemas_dir</name>
      <display_name>HPXML Schemas Directory</display_name>
      <description>Absolute path of the hpxml schemas directory.</description>
      <type>String</type>
      <required>false</required>
      <model_dependent>false</model_dependent>
    </argument>
    <argument>
      <name>epw_output_path</name>
      <display_name>EPW Output File Path</display_name>
      <description>Absolute (or relative) path of the output EPW file.</description>
      <type>String</type>
      <required>false</required>
      <model_dependent>false</model_dependent>
    </argument>
    <argument>
      <name>osm_output_path</name>
      <display_name>OSM Output File Path</display_name>
      <description>Absolute (or relative) path of the output OSM file.</description>
      <type>String</type>
      <required>false</required>
      <model_dependent>false</model_dependent>
    </argument>
    <argument>
      <name>skip_validation</name>
      <display_name>Skip HPXML validation</display_name>
      <description>If true, only checks for and reports HPXML validation issues if an error occurs during processing. Used for faster runtime.</description>
      <type>Boolean</type>
      <required>true</required>
      <model_dependent>false</model_dependent>
      <default_value>false</default_value>
      <choices>
        <choice>
          <value>true</value>
          <display_name>true</display_name>
        </choice>
        <choice>
          <value>false</value>
          <display_name>false</display_name>
        </choice>
      </choices>
    </argument>
  </arguments>
  <outputs/>
  <provenances/>
  <tags>
    <tag>Whole Building.Space Types</tag>
  </tags>
  <attributes>
    <attribute>
      <name>Measure Type</name>
      <value>ModelMeasure</value>
      <datatype>string</datatype>
    </attribute>
    <attribute>
      <name>Intended Software Tool</name>
      <value>Apply Measure Now</value>
      <datatype>string</datatype>
    </attribute>
    <attribute>
      <name>Intended Software Tool</name>
      <value>OpenStudio Application</value>
      <datatype>string</datatype>
    </attribute>
    <attribute>
      <name>Intended Software Tool</name>
      <value>Parametric Analysis Tool</value>
      <datatype>string</datatype>
    </attribute>
  </attributes>
  <files>
    <file>
      <filename>meta_measure.rb</filename>
      <filetype>rb</filetype>
      <usage_type>resource</usage_type>
      <checksum>F56C35C9</checksum>
    </file>
    <file>
      <filename>psychrometrics.rb</filename>
      <filetype>rb</filetype>
      <usage_type>resource</usage_type>
      <checksum>208441EA</checksum>
    </file>
    <file>
      <filename>ASHRAE622WSF.csv</filename>
      <filetype>csv</filetype>
      <usage_type>resource</usage_type>
      <checksum>308F75BA</checksum>
    </file>
    <file>
      <filename>materials.rb</filename>
      <filetype>rb</filetype>
      <usage_type>resource</usage_type>
      <checksum>82D32FEE</checksum>
    </file>
    <file>
      <filename>unit_conversions.rb</filename>
      <filetype>rb</filetype>
      <usage_type>resource</usage_type>
      <checksum>7161039B</checksum>
    </file>
    <file>
      <filename>hvac_sizing.rb</filename>
      <filetype>rb</filetype>
      <usage_type>resource</usage_type>
      <checksum>30DC8F63</checksum>
    </file>
    <file>
      <filename>pv.rb</filename>
      <filetype>rb</filetype>
      <usage_type>resource</usage_type>
      <checksum>25439303</checksum>
    </file>
    <file>
      <filename>simulation.rb</filename>
      <filetype>rb</filetype>
      <usage_type>resource</usage_type>
      <checksum>EA3F5230</checksum>
    </file>
    <file>
      <filename>xmlhelper.rb</filename>
      <filetype>rb</filetype>
      <usage_type>resource</usage_type>
      <checksum>139326CF</checksum>
    </file>
    <file>
      <filename>lighting.rb</filename>
      <filetype>rb</filetype>
      <usage_type>resource</usage_type>
      <checksum>7BBFDDEB</checksum>
    </file>
    <file>
      <filename>misc_loads.rb</filename>
      <filetype>rb</filetype>
      <usage_type>resource</usage_type>
      <checksum>8E2B94F9</checksum>
    </file>
    <file>
      <filename>geometry.rb</filename>
      <filetype>rb</filetype>
      <usage_type>resource</usage_type>
      <checksum>AB2185AD</checksum>
    </file>
    <file>
      <filename>constructions.rb</filename>
      <filetype>rb</filetype>
      <usage_type>resource</usage_type>
      <checksum>6E6B82D4</checksum>
    </file>
    <file>
      <filename>appliances.rb</filename>
      <filetype>rb</filetype>
      <usage_type>resource</usage_type>
      <checksum>95AC9386</checksum>
    </file>
    <file>
      <filename>airflow.rb</filename>
      <filetype>rb</filetype>
      <usage_type>resource</usage_type>
      <checksum>4A0031E3</checksum>
    </file>
    <file>
      <filename>waterheater.rb</filename>
      <filetype>rb</filetype>
      <usage_type>resource</usage_type>
      <checksum>FCD61328</checksum>
    </file>
    <file>
      <filename>hotwater_appliances.rb</filename>
      <filetype>rb</filetype>
      <usage_type>resource</usage_type>
      <checksum>3855FAC1</checksum>
    </file>
    <file>
      <filename>hpxml_translator_test.rb</filename>
      <filetype>rb</filetype>
      <usage_type>test</usage_type>
      <checksum>863346F3</checksum>
    </file>
    <file>
      <filename>invalid-bad-wmo.xml</filename>
      <filetype>xml</filetype>
      <usage_type>test</usage_type>
      <checksum>CC5728CD</checksum>
    </file>
    <file>
      <filename>invalid-missing-elements.xml</filename>
      <filetype>xml</filetype>
      <usage_type>test</usage_type>
      <checksum>3344770E</checksum>
    </file>
    <file>
      <filename>valid-addenda-exclude-g-e-a.xml</filename>
      <filetype>xml</filetype>
      <usage_type>test</usage_type>
      <checksum>41ACA72E</checksum>
    </file>
    <file>
      <filename>valid-addenda-exclude-g-e.xml</filename>
      <filetype>xml</filetype>
      <usage_type>test</usage_type>
      <checksum>89C076B8</checksum>
    </file>
    <file>
      <filename>valid-addenda-exclude-g.xml</filename>
      <filetype>xml</filetype>
      <usage_type>test</usage_type>
      <checksum>E0BC9743</checksum>
    </file>
    <file>
      <filename>valid-appliances-dishwasher-ef.xml</filename>
      <filetype>xml</filetype>
      <usage_type>test</usage_type>
      <checksum>BB89C6F8</checksum>
    </file>
    <file>
      <filename>valid-appliances-dryer-cef.xml</filename>
      <filetype>xml</filetype>
      <usage_type>test</usage_type>
      <checksum>7D38B72C</checksum>
    </file>
    <file>
      <filename>valid-appliances-gas.xml</filename>
      <filetype>xml</filetype>
      <usage_type>test</usage_type>
      <checksum>4A3E2B53</checksum>
    </file>
    <file>
      <filename>valid-appliances-reference-elec.xml</filename>
      <filetype>xml</filetype>
      <usage_type>test</usage_type>
      <checksum>84A0E681</checksum>
    </file>
    <file>
      <filename>valid-appliances-reference-gas.xml</filename>
      <filetype>xml</filetype>
      <usage_type>test</usage_type>
      <checksum>D1D0D47E</checksum>
    </file>
    <file>
      <filename>valid-appliances-washer-imef.xml</filename>
      <filetype>xml</filetype>
      <usage_type>test</usage_type>
      <checksum>D7E85919</checksum>
    </file>
    <file>
      <filename>valid-dhw-dwhr.xml</filename>
      <filetype>xml</filetype>
      <usage_type>test</usage_type>
      <checksum>52F708F3</checksum>
    </file>
    <file>
      <filename>valid-dhw-location-attic.xml</filename>
      <filetype>xml</filetype>
      <usage_type>test</usage_type>
      <checksum>030320EE</checksum>
    </file>
    <file>
      <filename>valid-dhw-low-flow-fixtures.xml</filename>
      <filetype>xml</filetype>
      <usage_type>test</usage_type>
      <checksum>956F1439</checksum>
    </file>
    <file>
      <filename>valid-dhw-none.xml</filename>
      <filetype>xml</filetype>
      <usage_type>test</usage_type>
      <checksum>FCFAED07</checksum>
    </file>
    <file>
      <filename>valid-dhw-recirc-demand.xml</filename>
      <filetype>xml</filetype>
      <usage_type>test</usage_type>
      <checksum>9C752AD8</checksum>
    </file>
    <file>
      <filename>valid-dhw-recirc-manual.xml</filename>
      <filetype>xml</filetype>
      <usage_type>test</usage_type>
      <checksum>AFE0126E</checksum>
    </file>
    <file>
      <filename>valid-dhw-recirc-nocontrol.xml</filename>
      <filetype>xml</filetype>
      <usage_type>test</usage_type>
      <checksum>AB316AFB</checksum>
    </file>
    <file>
      <filename>valid-dhw-recirc-temperature.xml</filename>
      <filetype>xml</filetype>
      <usage_type>test</usage_type>
      <checksum>66475121</checksum>
    </file>
    <file>
      <filename>valid-dhw-recirc-timer.xml</filename>
      <filetype>xml</filetype>
      <usage_type>test</usage_type>
      <checksum>80D91AD5</checksum>
    </file>
    <file>
      <filename>valid-dhw-tank-gas.xml</filename>
      <filetype>xml</filetype>
      <usage_type>test</usage_type>
      <checksum>0AF697F8</checksum>
    </file>
    <file>
      <filename>valid-dhw-tank-heat-pump.xml</filename>
      <filetype>xml</filetype>
      <usage_type>test</usage_type>
      <checksum>7A9282B7</checksum>
    </file>
    <file>
      <filename>valid-dhw-tankless-electric.xml</filename>
      <filetype>xml</filetype>
      <usage_type>test</usage_type>
      <checksum>FF5FE2E6</checksum>
    </file>
    <file>
      <filename>valid-dhw-tankless-gas.xml</filename>
      <filetype>xml</filetype>
      <usage_type>test</usage_type>
      <checksum>F6FBA35C</checksum>
    </file>
    <file>
      <filename>valid-dhw-uef.xml</filename>
      <filetype>xml</filetype>
      <usage_type>test</usage_type>
      <checksum>137AB0C5</checksum>
    </file>
    <file>
      <filename>valid-enclosure-multiple-walls.xml</filename>
      <filetype>xml</filetype>
      <usage_type>test</usage_type>
      <checksum>FD124236</checksum>
    </file>
    <file>
      <filename>valid-enclosure-orientation-45.xml</filename>
      <filetype>xml</filetype>
      <usage_type>test</usage_type>
      <checksum>1730A695</checksum>
    </file>
    <file>
      <filename>valid-enclosure-overhangs.xml</filename>
      <filetype>xml</filetype>
      <usage_type>test</usage_type>
      <checksum>71BF74A8</checksum>
    </file>
    <file>
      <filename>valid-enclosure-skylights.xml</filename>
      <filetype>xml</filetype>
      <usage_type>test</usage_type>
      <checksum>3FDF9BCC</checksum>
    </file>
    <file>
      <filename>valid-foundation-pier-beam.xml</filename>
      <filetype>xml</filetype>
      <usage_type>test</usage_type>
      <checksum>13C6BFF2</checksum>
    </file>
    <file>
      <filename>valid-foundation-unconditioned-basement.xml</filename>
      <filetype>xml</filetype>
      <usage_type>test</usage_type>
      <checksum>F74B8FB4</checksum>
    </file>
    <file>
      <filename>valid-foundation-vented-crawlspace.xml</filename>
      <filetype>xml</filetype>
      <usage_type>test</usage_type>
      <checksum>737D8EDE</checksum>
    </file>
    <file>
      <filename>valid-hvac-air-to-air-heat-pump.xml</filename>
      <filetype>xml</filetype>
      <usage_type>test</usage_type>
      <checksum>D18F6A95</checksum>
    </file>
    <file>
      <filename>valid-hvac-boiler-elec-only.xml</filename>
      <filetype>xml</filetype>
      <usage_type>test</usage_type>
      <checksum>737E692C</checksum>
    </file>
    <file>
      <filename>valid-hvac-boiler-gas-only.xml</filename>
      <filetype>xml</filetype>
      <usage_type>test</usage_type>
      <checksum>32665105</checksum>
    </file>
    <file>
      <filename>valid-hvac-central-ac-only.xml</filename>
      <filetype>xml</filetype>
      <usage_type>test</usage_type>
      <checksum>689FD1B2</checksum>
    </file>
    <file>
      <filename>valid-hvac-elec-resistance-only.xml</filename>
      <filetype>xml</filetype>
      <usage_type>test</usage_type>
      <checksum>0E09A128</checksum>
    </file>
    <file>
      <filename>valid-hvac-furnace-elec-only.xml</filename>
      <filetype>xml</filetype>
      <usage_type>test</usage_type>
      <checksum>7D73F65E</checksum>
    </file>
    <file>
      <filename>valid-hvac-furnace-gas-only.xml</filename>
      <filetype>xml</filetype>
      <usage_type>test</usage_type>
      <checksum>94DBB4E6</checksum>
    </file>
    <file>
      <filename>valid-hvac-ground-to-air-heat-pump.xml</filename>
      <filetype>xml</filetype>
      <usage_type>test</usage_type>
      <checksum>BD0AFE8F</checksum>
    </file>
    <file>
      <filename>valid-hvac-mini-split-heat-pump.xml</filename>
      <filetype>xml</filetype>
      <usage_type>test</usage_type>
      <checksum>2017A080</checksum>
    </file>
    <file>
      <filename>valid-hvac-none-no-fuel-access.xml</filename>
      <filetype>xml</filetype>
      <usage_type>test</usage_type>
      <checksum>0A2C7CE9</checksum>
    </file>
    <file>
      <filename>valid-hvac-none.xml</filename>
      <filetype>xml</filetype>
      <usage_type>test</usage_type>
      <checksum>D30EE00A</checksum>
    </file>
    <file>
      <filename>valid-hvac-programmable-thermostat.xml</filename>
      <filetype>xml</filetype>
      <usage_type>test</usage_type>
      <checksum>37267C48</checksum>
    </file>
    <file>
      <filename>valid-hvac-room-ac-only.xml</filename>
      <filetype>xml</filetype>
      <usage_type>test</usage_type>
      <checksum>825DD693</checksum>
    </file>
    <file>
      <filename>valid-hvac-stove-oil-only.xml</filename>
      <filetype>xml</filetype>
      <usage_type>test</usage_type>
      <checksum>A3B0519B</checksum>
    </file>
    <file>
      <filename>valid-hvac-wall-furnace-propane-only.xml</filename>
      <filetype>xml</filetype>
      <usage_type>test</usage_type>
      <checksum>3C3E1ACF</checksum>
    </file>
    <file>
      <filename>valid-mechvent-balanced.xml</filename>
      <filetype>xml</filetype>
      <usage_type>test</usage_type>
      <checksum>002392A4</checksum>
    </file>
    <file>
      <filename>valid-mechvent-cfis.xml</filename>
      <filetype>xml</filetype>
      <usage_type>test</usage_type>
      <checksum>DBC0701F</checksum>
    </file>
    <file>
      <filename>valid-mechvent-erv.xml</filename>
      <filetype>xml</filetype>
      <usage_type>test</usage_type>
      <checksum>CA4AB2A9</checksum>
    </file>
    <file>
      <filename>valid-mechvent-exhaust.xml</filename>
      <filetype>xml</filetype>
      <usage_type>test</usage_type>
      <checksum>907954CB</checksum>
    </file>
    <file>
      <filename>valid-mechvent-hrv.xml</filename>
      <filetype>xml</filetype>
      <usage_type>test</usage_type>
      <checksum>D1D37A05</checksum>
    </file>
    <file>
      <filename>valid-mechvent-supply.xml</filename>
      <filetype>xml</filetype>
      <usage_type>test</usage_type>
      <checksum>C14194C4</checksum>
    </file>
    <file>
      <filename>valid-pv-array-1axis-backtracked.xml</filename>
      <filetype>xml</filetype>
      <usage_type>test</usage_type>
      <checksum>7ADB0C8E</checksum>
    </file>
    <file>
      <filename>valid-pv-array-1axis.xml</filename>
      <filetype>xml</filetype>
      <usage_type>test</usage_type>
      <checksum>1D4011FD</checksum>
    </file>
    <file>
      <filename>valid-pv-array-2axis.xml</filename>
      <filetype>xml</filetype>
      <usage_type>test</usage_type>
      <checksum>5BF4B3B8</checksum>
    </file>
    <file>
      <filename>valid-pv-array-fixed-open-rack.xml</filename>
      <filetype>xml</filetype>
      <usage_type>test</usage_type>
      <checksum>1D4011FD</checksum>
    </file>
    <file>
      <filename>valid-pv-module-premium.xml</filename>
      <filetype>xml</filetype>
      <usage_type>test</usage_type>
      <checksum>F04DB255</checksum>
    </file>
    <file>
      <filename>valid-pv-module-standard.xml</filename>
      <filetype>xml</filetype>
      <usage_type>test</usage_type>
      <checksum>EE6BF864</checksum>
    </file>
    <file>
      <filename>valid-pv-module-thinfilm.xml.skip</filename>
      <filetype>skip</filetype>
      <usage_type>test</usage_type>
      <checksum>8BDB2B00</checksum>
    </file>
    <file>
      <filename>valid-pv-multiple.xml</filename>
      <filetype>xml</filetype>
      <usage_type>test</usage_type>
      <checksum>F84CC0F9</checksum>
    </file>
    <file>
      <filename>valid.xml</filename>
      <filetype>xml</filetype>
      <usage_type>test</usage_type>
      <checksum>1F6E1EBB</checksum>
    </file>
    <file>
      <filename>climate_zones.csv</filename>
      <filetype>csv</filetype>
      <usage_type>resource</usage_type>
      <checksum>63C6A1E2</checksum>
    </file>
    <file>
      <filename>HotWaterBathSchedule_1bed.csv</filename>
      <filetype>csv</filetype>
      <usage_type>resource</usage_type>
      <checksum>2756B8A4</checksum>
    </file>
    <file>
      <filename>HotWaterBathSchedule_2bed.csv</filename>
      <filetype>csv</filetype>
      <usage_type>resource</usage_type>
      <checksum>DD7631E9</checksum>
    </file>
    <file>
      <filename>HotWaterBathSchedule_3bed.csv</filename>
      <filetype>csv</filetype>
      <usage_type>resource</usage_type>
      <checksum>CA94B43E</checksum>
    </file>
    <file>
      <filename>HotWaterBathSchedule_4bed.csv</filename>
      <filetype>csv</filetype>
      <usage_type>resource</usage_type>
      <checksum>5A74968C</checksum>
    </file>
    <file>
      <filename>HotWaterBathSchedule_5bed.csv</filename>
      <filetype>csv</filetype>
      <usage_type>resource</usage_type>
      <checksum>61E873CD</checksum>
    </file>
    <file>
      <filename>HotWaterClothesDryerExhaustSchedule_1bed.csv</filename>
      <filetype>csv</filetype>
      <usage_type>resource</usage_type>
      <checksum>85CDD535</checksum>
    </file>
    <file>
      <filename>HotWaterClothesDryerExhaustSchedule_2bed.csv</filename>
      <filetype>csv</filetype>
      <usage_type>resource</usage_type>
      <checksum>1D475929</checksum>
    </file>
    <file>
      <filename>HotWaterClothesDryerExhaustSchedule_3bed.csv</filename>
      <filetype>csv</filetype>
      <usage_type>resource</usage_type>
      <checksum>A0F57E5A</checksum>
    </file>
    <file>
      <filename>HotWaterClothesDryerExhaustSchedule_4bed.csv</filename>
      <filetype>csv</filetype>
      <usage_type>resource</usage_type>
      <checksum>A893C107</checksum>
    </file>
    <file>
      <filename>HotWaterClothesDryerExhaustSchedule_5bed.csv</filename>
      <filetype>csv</filetype>
      <usage_type>resource</usage_type>
      <checksum>CDC5BFE0</checksum>
    </file>
    <file>
      <filename>HotWaterClothesWasherSchedule_1bed.csv</filename>
      <filetype>csv</filetype>
      <usage_type>resource</usage_type>
      <checksum>78DFDC72</checksum>
    </file>
    <file>
      <filename>HotWaterClothesWasherSchedule_2bed.csv</filename>
      <filetype>csv</filetype>
      <usage_type>resource</usage_type>
      <checksum>3BAFB696</checksum>
    </file>
    <file>
      <filename>HotWaterClothesWasherSchedule_3bed.csv</filename>
      <filetype>csv</filetype>
      <usage_type>resource</usage_type>
      <checksum>9289E6F2</checksum>
    </file>
    <file>
      <filename>HotWaterClothesWasherSchedule_4bed.csv</filename>
      <filetype>csv</filetype>
      <usage_type>resource</usage_type>
      <checksum>268D812A</checksum>
    </file>
    <file>
      <filename>HotWaterClothesWasherSchedule_5bed.csv</filename>
      <filetype>csv</filetype>
      <usage_type>resource</usage_type>
      <checksum>5109687D</checksum>
    </file>
    <file>
      <filename>HotWaterDishwasherSchedule_1bed.csv</filename>
      <filetype>csv</filetype>
      <usage_type>resource</usage_type>
      <checksum>736F23BC</checksum>
    </file>
    <file>
      <filename>HotWaterDishwasherSchedule_2bed.csv</filename>
      <filetype>csv</filetype>
      <usage_type>resource</usage_type>
      <checksum>ADCCC080</checksum>
    </file>
    <file>
      <filename>HotWaterDishwasherSchedule_3bed.csv</filename>
      <filetype>csv</filetype>
      <usage_type>resource</usage_type>
      <checksum>54BA8BB0</checksum>
    </file>
    <file>
      <filename>HotWaterDishwasherSchedule_4bed.csv</filename>
      <filetype>csv</filetype>
      <usage_type>resource</usage_type>
      <checksum>F34BF3A8</checksum>
    </file>
    <file>
      <filename>HotWaterDishwasherSchedule_5bed.csv</filename>
      <filetype>csv</filetype>
      <usage_type>resource</usage_type>
      <checksum>DAF9D44B</checksum>
    </file>
    <file>
      <filename>HotWaterMinuteDrawProfilesMaxFlows.csv</filename>
      <filetype>csv</filetype>
      <usage_type>resource</usage_type>
      <checksum>0E1048A3</checksum>
    </file>
    <file>
      <filename>HotWaterShowerSchedule_1bed.csv</filename>
      <filetype>csv</filetype>
      <usage_type>resource</usage_type>
      <checksum>9222E591</checksum>
    </file>
    <file>
      <filename>HotWaterShowerSchedule_2bed.csv</filename>
      <filetype>csv</filetype>
      <usage_type>resource</usage_type>
      <checksum>4A282B1D</checksum>
    </file>
    <file>
      <filename>HotWaterShowerSchedule_3bed.csv</filename>
      <filetype>csv</filetype>
      <usage_type>resource</usage_type>
      <checksum>57187E02</checksum>
    </file>
    <file>
      <filename>HotWaterShowerSchedule_4bed.csv</filename>
      <filetype>csv</filetype>
      <usage_type>resource</usage_type>
      <checksum>63D51C5E</checksum>
    </file>
    <file>
      <filename>HotWaterShowerSchedule_5bed.csv</filename>
      <filetype>csv</filetype>
      <usage_type>resource</usage_type>
      <checksum>248E17B8</checksum>
    </file>
    <file>
      <filename>HotWaterSinkSchedule_1bed.csv</filename>
      <filetype>csv</filetype>
      <usage_type>resource</usage_type>
      <checksum>162386DA</checksum>
    </file>
    <file>
      <filename>HotWaterSinkSchedule_2bed.csv</filename>
      <filetype>csv</filetype>
      <usage_type>resource</usage_type>
      <checksum>ADC2C5DD</checksum>
    </file>
    <file>
      <filename>HotWaterSinkSchedule_3bed.csv</filename>
      <filetype>csv</filetype>
      <usage_type>resource</usage_type>
      <checksum>6828ECEE</checksum>
    </file>
    <file>
      <filename>HotWaterSinkSchedule_4bed.csv</filename>
      <filetype>csv</filetype>
      <usage_type>resource</usage_type>
      <checksum>E6D39D36</checksum>
    </file>
    <file>
      <filename>HotWaterSinkSchedule_5bed.csv</filename>
      <filetype>csv</filetype>
      <usage_type>resource</usage_type>
      <checksum>35E27F20</checksum>
    </file>
    <file>
      <filename>README.md</filename>
      <filetype>md</filetype>
      <usage_type>readme</usage_type>
      <checksum>C653DD56</checksum>
    </file>
    <file>
      <filename>location.rb</filename>
      <filetype>rb</filetype>
      <usage_type>resource</usage_type>
      <checksum>6E782F57</checksum>
    </file>
    <file>
      <filename>schedules.rb</filename>
      <filetype>rb</filetype>
      <usage_type>resource</usage_type>
      <checksum>09CC7096</checksum>
    </file>
    <file>
      <filename>weather.rb</filename>
      <filetype>rb</filetype>
      <usage_type>resource</usage_type>
      <checksum>97708D6B</checksum>
    </file>
    <file>
      <filename>hvac.rb</filename>
      <filetype>rb</filetype>
      <usage_type>resource</usage_type>
      <checksum>1EBDE224</checksum>
    </file>
    <file>
      <filename>EPvalidator.rb</filename>
      <filetype>rb</filetype>
      <usage_type>resource</usage_type>
      <checksum>396A3B5F</checksum>
    </file>
    <file>
      <filename>valid-foundation-conditioned-basement.xml</filename>
      <filetype>xml</filetype>
      <usage_type>test</usage_type>
      <checksum>3A3FB401</checksum>
    </file>
    <file>
      <version>
        <software_program>OpenStudio</software_program>
        <identifier>2.1.1</identifier>
        <min_compatible>2.1.1</min_compatible>
      </version>
      <filename>measure.rb</filename>
      <filetype>rb</filetype>
      <usage_type>script</usage_type>
      <checksum>18075CBE</checksum>
    </file>
    <file>
      <filename>valid-foundation-unvented-crawlspace.xml</filename>
      <filetype>xml</filetype>
      <usage_type>test</usage_type>
      <checksum>5FBF238B</checksum>
    </file>
    <file>
      <filename>valid-misc-ceiling-fans.xml</filename>
      <filetype>xml</filetype>
      <usage_type>test</usage_type>
      <checksum>C89111C7</checksum>
    </file>
    <file>
      <filename>constants.rb</filename>
      <filetype>rb</filetype>
      <usage_type>resource</usage_type>
      <checksum>19011FCD</checksum>
    </file>
    <file>
      <filename>util.rb</filename>
      <filetype>rb</filetype>
      <usage_type>resource</usage_type>
      <checksum>93206681</checksum>
    </file>
  </files>
</measure>
