<measure>
  <schema_version>3.0</schema_version>
  <name>timeseries_csv_export</name>
  <uid>2a3442c1-944d-4e91-9e11-11e0cf368c64</uid>
  <version_id>e24bea3e-936c-4552-8155-22a413950ee3</version_id>
  <version_modified>20170925T144524Z</version_modified>
  <xml_checksum>15BF4E57</xml_checksum>
  <class_name>TimeseriesCSVExport</class_name>
  <display_name>Timeseries CSV Export</display_name>
  <description>Exports all available hourly timeseries enduses to csv, and uses them for utility bill calculations.</description>
  <modeler_description>Exports all available hourly timeseries enduses to csv, and uses them for utility bill calculations.</modeler_description>
  <arguments>
    <argument>
      <name>reporting_frequency</name>
      <display_name>Reporting Frequency</display_name>
      <type>Choice</type>
      <required>true</required>
      <model_dependent>false</model_dependent>
      <default_value>Hourly</default_value>
      <choices>
        <choice>
          <value>Detailed</value>
          <display_name>Detailed</display_name>
        </choice>
        <choice>
          <value>Timestep</value>
          <display_name>Timestep</display_name>
        </choice>
        <choice>
          <value>Hourly</value>
          <display_name>Hourly</display_name>
        </choice>
        <choice>
          <value>Daily</value>
          <display_name>Daily</display_name>
        </choice>
        <choice>
          <value>Monthly</value>
          <display_name>Monthly</display_name>
        </choice>
        <choice>
          <value>Runperiod</value>
          <display_name>Runperiod</display_name>
        </choice>
      </choices>
    </argument>
    <argument>
      <name>inc_output_variables</name>
      <display_name>Include Output Variables</display_name>
      <type>Boolean</type>
      <required>true</required>
      <model_dependent>false</model_dependent>
      <default_value>false</default_value>
      <choices>
        <choice>
          <value>true</value>
          <display_name>true</display_name>
        </choice>
        <choice>
          <value>false</value>
          <display_name>false</display_name>
        </choice>
      </choices>
    </argument>
  </arguments>
  <outputs/>
  <provenances/>
  <tags>
    <tag>Reporting.QAQC</tag>
  </tags>
  <attributes>
    <attribute>
      <name>Measure Type</name>
      <value>ReportingMeasure</value>
      <datatype>string</datatype>
    </attribute>
  </attributes>
  <files>
    <file>
      <version>
        <software_program>OpenStudio</software_program>
        <identifier>2.0.5</identifier>
        <min_compatible>2.0.5</min_compatible>
      </version>
      <filename>measure.rb</filename>
      <filetype>rb</filetype>
      <usage_type>script</usage_type>
      <checksum>DA21C8B9</checksum>
    </file>
  </files>
</measure>
