<measure>
  <schema_version>3.0</schema_version>
  <name>create_residential_neighbors</name>
  <uid>11051b4a-4f5b-43b5-8c78-6303e084dbd9</uid>
  <version_id>5861b3b8-1a1c-49fe-a74a-8dd40735a0f0</version_id>
  <version_modified>20170731T151912Z</version_modified>
  <xml_checksum>2AF3A68E</xml_checksum>
  <class_name>CreateResidentialNeighbors</class_name>
  <display_name>Set Residential Neighbors</display_name>
  <description>Sets the neighbors (front, back, left, and/or right) of the building for shading purposes. Neighboring buildings will have the same geometry as the model building. See https://github.com/NREL/OpenStudio-BEopt#workflows for supported workflows using this measure.</description>
  <modeler_description>Creates shading surfaces by shifting the building's exterior surfaces in the specified directions (front, back, left, and/or right).</modeler_description>
  <arguments>
    <argument>
      <name>left_offset</name>
      <display_name>Left Neighbor Offset</display_name>
      <description>The minimum distance between the simulated house and the neighboring house to the left (not including eaves). A value of zero indicates no neighbors.</description>
      <type>Double</type>
      <units>ft</units>
      <required>false</required>
      <model_dependent>false</model_dependent>
      <default_value>10</default_value>
    </argument>
    <argument>
      <name>right_offset</name>
      <display_name>Right Neighbor Offset</display_name>
      <description>The minimum distance between the simulated house and the neighboring house to the right (not including eaves). A value of zero indicates no neighbors.</description>
      <type>Double</type>
      <units>ft</units>
      <required>false</required>
      <model_dependent>false</model_dependent>
      <default_value>10</default_value>
    </argument>
    <argument>
      <name>back_offset</name>
      <display_name>Back Neighbor Offset</display_name>
      <description>The minimum distance between the simulated house and the neighboring house to the back (not including eaves). A value of zero indicates no neighbors.</description>
      <type>Double</type>
      <units>ft</units>
      <required>false</required>
      <model_dependent>false</model_dependent>
      <default_value>0</default_value>
    </argument>
    <argument>
      <name>front_offset</name>
      <display_name>Front Neighbor Offset</display_name>
      <description>The minimum distance between the simulated house and the neighboring house to the front (not including eaves). A value of zero indicates no neighbors.</description>
      <type>Double</type>
      <units>ft</units>
      <required>false</required>
      <model_dependent>false</model_dependent>
      <default_value>0</default_value>
    </argument>
  </arguments>
  <outputs/>
  <provenances/>
  <tags>
    <tag>Envelope.Form</tag>
  </tags>
  <attributes>
    <attribute>
      <name>Measure Type</name>
      <value>ModelMeasure</value>
      <datatype>string</datatype>
    </attribute>
    <attribute>
      <name>Intended Software Tool</name>
      <value>Apply Measure Now</value>
      <datatype>string</datatype>
    </attribute>
    <attribute>
      <name>Intended Software Tool</name>
      <value>OpenStudio Application</value>
      <datatype>string</datatype>
    </attribute>
    <attribute>
      <name>Intended Software Tool</name>
      <value>Parametric Analysis Tool</value>
      <datatype>string</datatype>
    </attribute>
  </attributes>
  <files>
    <file>
      <filename>USA_CO_Denver_Intl_AP_725650_TMY3.ddy</filename>
      <filetype>ddy</filetype>
      <usage_type>test</usage_type>
      <checksum>FB253570</checksum>
    </file>
    <file>
      <filename>USA_CO_Denver_Intl_AP_725650_TMY3.epw</filename>
      <filetype>epw</filetype>
      <usage_type>test</usage_type>
      <checksum>E23378AA</checksum>
    </file>
    <file>
      <filename>create_residential_neighbors_test.rb</filename>
      <filetype>rb</filetype>
      <usage_type>test</usage_type>
      <checksum>DE26B79C</checksum>
    </file>
    <file>
      <filename>geometry.rb</filename>
      <filetype>rb</filetype>
      <usage_type>resource</usage_type>
      <checksum>20190C86</checksum>
    </file>
    <file>
      <version>
        <software_program>OpenStudio</software_program>
        <identifier>1.9.0</identifier>
        <min_compatible>2.0.4</min_compatible>
      </version>
      <filename>measure.rb</filename>
      <filetype>rb</filetype>
      <usage_type>script</usage_type>
      <checksum>21BD730F</checksum>
    </file>
    <file>
      <filename>constants.rb</filename>
      <filetype>rb</filetype>
      <usage_type>resource</usage_type>
      <checksum>B34275B6</checksum>
    </file>
    <file>
      <filename>MF_8units_1story_SL_Inset_Windows.osm</filename>
      <filetype>osm</filetype>
      <usage_type>test</usage_type>
      <checksum>667B40B1</checksum>
    </file>
    <file>
      <filename>SFA_4units_1story_SL_UA_Offset_Windows.osm</filename>
      <filetype>osm</filetype>
      <usage_type>test</usage_type>
      <checksum>6D82A165</checksum>
    </file>
    <file>
      <filename>MF_8units_1story_SL_Windows.osm</filename>
      <filetype>osm</filetype>
      <usage_type>test</usage_type>
      <checksum>FD26C6EC</checksum>
    </file>
    <file>
      <filename>SFA_4units_1story_SL_UA_Windows.osm</filename>
      <filetype>osm</filetype>
      <usage_type>test</usage_type>
      <checksum>CFF1C6E8</checksum>
    </file>
    <file>
      <filename>SFD_2000sqft_2story_SL_UA_Eaves.osm</filename>
      <filetype>osm</filetype>
      <usage_type>test</usage_type>
      <checksum>73D62733</checksum>
    </file>
    <file>
      <filename>SFD_2000sqft_2story_SL_UA_Overhangs.osm</filename>
      <filetype>osm</filetype>
      <usage_type>test</usage_type>
      <checksum>D42C7BEE</checksum>
    </file>
    <file>
      <filename>SFD_2000sqft_2story_SL_UA_Denver.osm</filename>
      <filetype>osm</filetype>
      <usage_type>test</usage_type>
      <checksum>15DB60CF</checksum>
    </file>
  </files>
</measure>
