<measure>
  <schema_version>3.0</schema_version>
  <name>process_constructions_floors</name>
  <uid>65e577ab-327e-4afa-af30-0f6b4e6b1ebf</uid>
  <version_id>1c058ac2-598c-4ff4-b85b-cce4ddb3acf5</version_id>
  <version_modified>20181113T060857Z</version_modified>
  <xml_checksum>1E963D9C</xml_checksum>
  <class_name>ProcessConstructionsFloors</class_name>
  <display_name>Set Residential Floor Construction</display_name>
  <description>This measure assigns a wood stud construction to floors between finished space and unfinished space or floors below cantilevered finished space. See https://github.com/NREL/OpenStudio-BEopt#workflows for supported workflows using this measure.</description>
  <modeler_description>Calculates and assigns material layer properties of wood stud constructions for floors 1) between finished and unfinished spaces not covered by other measures or 2) between finished spaces and outside. Any existing constructions for these surfaces will be removed.</modeler_description>
  <arguments>
    <argument>
      <name>cavity_r</name>
      <display_name>Cavity Insulation Nominal R-value</display_name>
      <description>Refers to the R-value of the cavity insulation and not the overall R-value of the assembly.</description>
      <type>Double</type>
      <units>hr-ft^2-R/Btu</units>
      <required>true</required>
      <model_dependent>false</model_dependent>
      <default_value>19</default_value>
    </argument>
    <argument>
      <name>install_grade</name>
      <display_name>Cavity Install Grade</display_name>
      <description>Installation grade as defined by RESNET standard. 5% of the cavity is considered missing insulation for Grade 3, 2% for Grade 2, and 0% for Grade 1.</description>
      <type>Choice</type>
      <required>true</required>
      <model_dependent>false</model_dependent>
      <default_value>1</default_value>
      <choices>
        <choice>
          <value>1</value>
          <display_name>1</display_name>
        </choice>
        <choice>
          <value>2</value>
          <display_name>2</display_name>
        </choice>
        <choice>
          <value>3</value>
          <display_name>3</display_name>
        </choice>
      </choices>
    </argument>
    <argument>
      <name>framing_factor</name>
      <display_name>Framing Factor</display_name>
      <description>The fraction of a floor assembly that is comprised of structural framing.</description>
      <type>Double</type>
      <units>frac</units>
      <required>true</required>
      <model_dependent>false</model_dependent>
      <default_value>0.13</default_value>
    </argument>
    <argument>
      <name>joist_height_in</name>
      <display_name>Joist Height</display_name>
      <description>Height of the joist member.</description>
      <type>Double</type>
      <units>in</units>
      <required>true</required>
      <model_dependent>false</model_dependent>
      <default_value>5.5</default_value>
    </argument>
  </arguments>
  <outputs/>
  <provenances/>
  <tags>
    <tag>Envelope.Opaque</tag>
  </tags>
  <attributes>
    <attribute>
      <name>Measure Type</name>
      <value>ModelMeasure</value>
      <datatype>string</datatype>
    </attribute>
    <attribute>
      <name>Uses SketchUp API</name>
      <value>false</value>
      <datatype>boolean</datatype>
    </attribute>
  </attributes>
  <files>
    <file>
      <filename>Floors_Test.rb</filename>
      <filetype>rb</filetype>
      <usage_type>test</usage_type>
      <checksum>079EFCC8</checksum>
    </file>
    <file>
      <version>
        <software_program>OpenStudio</software_program>
        <identifier>1.4.0</identifier>
        <min_compatible>2.0.4</min_compatible>
      </version>
      <filename>measure.rb</filename>
      <filetype>rb</filetype>
      <usage_type>script</usage_type>
      <checksum>734C9E24</checksum>
    </file>
  </files>
</measure>
