<measure>
  <schema_version>3.0</schema_version>
  <name>process_single_speed_central_air_conditioner</name>
  <uid>62ef17da-be70-43a1-99ec-b000e016ba4a</uid>
  <version_id>9da593e1-03fa-49b3-aedb-300228d9b18b</version_id>
  <version_modified>20180822T022840Z</version_modified>
  <xml_checksum>9E2537CD</xml_checksum>
  <class_name>ProcessSingleSpeedCentralAirConditioner</class_name>
  <display_name>Set Residential Single-Speed Central Air Conditioner</display_name>
  <description>This measure removes any existing HVAC cooling components from the building and adds a single-speed central air conditioner along with an on/off supply fan to a unitary air loop. For multifamily buildings, the single-speed central air conditioner can be set for all units of the building. See https://github.com/NREL/OpenStudio-BEopt#workflows for supported workflows using this measure.</description>
  <modeler_description>Any cooling components are removed from any existing air loops or zones. Any existing air loops are also removed. A cooling DX coil and an on/off supply fan are added to a unitary air loop. The unitary air loop is added to the supply inlet node of the air loop. This air loop is added to a branch for the living zone. A diffuser is added to the branch for the living zone as well as for the finished basement if it exists.</modeler_description>
  <arguments>
    <argument>
      <name>seer</name>
      <display_name>Rated SEER</display_name>
      <description>Seasonal Energy Efficiency Ratio (SEER) is a measure of equipment energy efficiency over the cooling season.</description>
      <type>Double</type>
      <units>Btu/W-h</units>
      <required>true</required>
      <model_dependent>false</model_dependent>
      <default_value>13</default_value>
    </argument>
    <argument>
      <name>eer</name>
      <display_name>EER</display_name>
      <description>EER (net) from the A test (95 ODB/80 EDB/67 EWB).</description>
      <type>Double</type>
      <units>kBtu/kWh</units>
      <required>true</required>
      <model_dependent>false</model_dependent>
      <default_value>11.1</default_value>
    </argument>
    <argument>
      <name>shr</name>
      <display_name>Rated SHR</display_name>
      <description>The sensible heat ratio (ratio of the sensible portion of the load to the total load) at the nominal rated capacity.</description>
      <type>Double</type>
      <required>true</required>
      <model_dependent>false</model_dependent>
      <default_value>0.73</default_value>
    </argument>
    <argument>
      <name>fan_power_rated</name>
      <display_name>Rated Supply Fan Power</display_name>
      <description>Fan power (in W) per delivered airflow rate (in cfm) of the outdoor fan under conditions prescribed by AHRI Standard 210/240 for SEER testing.</description>
      <type>Double</type>
      <units>W/cfm</units>
      <required>true</required>
      <model_dependent>false</model_dependent>
      <default_value>0.365</default_value>
    </argument>
    <argument>
      <name>fan_power_installed</name>
      <display_name>Installed Supply Fan Power</display_name>
      <description>Fan power (in W) per delivered airflow rate (in cfm) of the outdoor fan for the maximum fan speed under actual operating conditions.</description>
      <type>Double</type>
      <units>W/cfm</units>
      <required>true</required>
      <model_dependent>false</model_dependent>
      <default_value>0.5</default_value>
    </argument>
    <argument>
      <name>crankcase_capacity</name>
      <display_name>Crankcase</display_name>
      <description>Capacity of the crankcase heater for the compressor.</description>
      <type>Double</type>
      <units>kW</units>
      <required>true</required>
      <model_dependent>false</model_dependent>
      <default_value>0</default_value>
    </argument>
    <argument>
      <name>crankcase_temp</name>
      <display_name>Crankcase Max Temp</display_name>
      <description>Outdoor dry-bulb temperature above which compressor crankcase heating is disabled.</description>
      <type>Double</type>
      <units>degrees F</units>
      <required>true</required>
      <model_dependent>false</model_dependent>
      <default_value>55</default_value>
    </argument>
    <argument>
      <name>eer_capacity_derate_1ton</name>
      <display_name>1.5 Ton EER Capacity Derate</display_name>
      <description>EER multiplier for 1.5 ton air-conditioners.</description>
      <type>Double</type>
      <required>true</required>
      <model_dependent>false</model_dependent>
      <default_value>1</default_value>
    </argument>
    <argument>
      <name>eer_capacity_derate_2ton</name>
      <display_name>2 Ton EER Capacity Derate</display_name>
      <description>EER multiplier for 2 ton air-conditioners.</description>
      <type>Double</type>
      <required>true</required>
      <model_dependent>false</model_dependent>
      <default_value>1</default_value>
    </argument>
    <argument>
      <name>eer_capacity_derate_3ton</name>
      <display_name>3 Ton EER Capacity Derate</display_name>
      <description>EER multiplier for 3 ton air-conditioners.</description>
      <type>Double</type>
      <required>true</required>
      <model_dependent>false</model_dependent>
      <default_value>1</default_value>
    </argument>
    <argument>
      <name>eer_capacity_derate_4ton</name>
      <display_name>4 Ton EER Capacity Derate</display_name>
      <description>EER multiplier for 4 ton air-conditioners.</description>
      <type>Double</type>
      <required>true</required>
      <model_dependent>false</model_dependent>
      <default_value>1</default_value>
    </argument>
    <argument>
      <name>eer_capacity_derate_5ton</name>
      <display_name>5 Ton EER Capacity Derate</display_name>
      <description>EER multiplier for 5 ton air-conditioners.</description>
      <type>Double</type>
      <required>true</required>
      <model_dependent>false</model_dependent>
      <default_value>1</default_value>
    </argument>
    <argument>
      <name>capacity</name>
      <display_name>Cooling Capacity</display_name>
      <description>The output cooling capacity of the air conditioner. If using 'autosize', the autosizing algorithm will use ACCA Manual S to set the capacity.</description>
      <type>String</type>
      <units>tons</units>
      <required>true</required>
      <model_dependent>false</model_dependent>
      <default_value>autosize</default_value>
    </argument>
    <argument>
      <name>dse</name>
      <display_name>Distribution System Efficiency</display_name>
      <description>Defines the energy losses associated with the delivery of energy from the equipment to the source of the load.</description>
      <type>String</type>
      <required>true</required>
      <model_dependent>false</model_dependent>
      <default_value>NA</default_value>
    </argument>
  </arguments>
  <outputs/>
  <provenances/>
  <tags>
    <tag>HVAC.Cooling</tag>
  </tags>
  <attributes>
    <attribute>
      <name>Measure Type</name>
      <value>ModelMeasure</value>
      <datatype>string</datatype>
    </attribute>
    <attribute>
      <name>Uses SketchUp API</name>
      <value>false</value>
      <datatype>boolean</datatype>
    </attribute>
  </attributes>
  <files>
    <file>
      <filename>USA_CO_Denver_Intl_AP_725650_TMY3.ddy</filename>
      <filetype>ddy</filetype>
      <usage_type>test</usage_type>
      <checksum>FB253570</checksum>
    </file>
    <file>
      <filename>USA_CO_Denver_Intl_AP_725650_TMY3.epw</filename>
      <filetype>epw</filetype>
      <usage_type>test</usage_type>
      <checksum>E23378AA</checksum>
    </file>
    <file>
      <filename>psychrometrics.rb</filename>
      <filetype>rb</filetype>
      <usage_type>resource</usage_type>
      <checksum>208441EA</checksum>
    </file>
    <file>
      <version>
        <software_program>OpenStudio</software_program>
        <identifier>1.4.0</identifier>
        <min_compatible>2.0.4</min_compatible>
      </version>
      <filename>measure.rb</filename>
      <filetype>rb</filetype>
      <usage_type>script</usage_type>
      <checksum>2AC53243</checksum>
    </file>
    <file>
      <filename>schedules.rb</filename>
      <filetype>rb</filetype>
      <usage_type>resource</usage_type>
      <checksum>1C22DD2A</checksum>
    </file>
    <file>
      <filename>process_single_speed_central_air_conditioner_test.rb</filename>
      <filetype>rb</filetype>
      <usage_type>test</usage_type>
      <checksum>115FFD33</checksum>
    </file>
    <file>
      <filename>util.rb</filename>
      <filetype>rb</filetype>
      <usage_type>resource</usage_type>
      <checksum>4516079E</checksum>
    </file>
    <file>
      <filename>hvac.rb</filename>
      <filetype>rb</filetype>
      <usage_type>resource</usage_type>
      <checksum>1F3DDDE7</checksum>
    </file>
    <file>
      <filename>materials.rb</filename>
      <filetype>rb</filetype>
      <usage_type>resource</usage_type>
      <checksum>82D32FEE</checksum>
    </file>
    <file>
      <filename>constants.rb</filename>
      <filetype>rb</filetype>
      <usage_type>resource</usage_type>
      <checksum>3BCB1148</checksum>
    </file>
    <file>
      <filename>geometry.rb</filename>
      <filetype>rb</filetype>
      <usage_type>resource</usage_type>
      <checksum>3A649817</checksum>
    </file>
    <file>
      <filename>unit_conversions.rb</filename>
      <filetype>rb</filetype>
      <usage_type>resource</usage_type>
      <checksum>81550F14</checksum>
    </file>
    <file>
      <filename>SFD_2000sqft_2story_SL_UA_Denver.osm</filename>
      <filetype>osm</filetype>
      <usage_type>test</usage_type>
      <checksum>A40F4F78</checksum>
    </file>
    <file>
      <filename>SFD_2000sqft_2story_FB_UA_Denver_RoomAC.osm</filename>
      <filetype>osm</filetype>
      <usage_type>test</usage_type>
      <checksum>04F2E0C8</checksum>
    </file>
    <file>
      <filename>SFD_2000sqft_2story_FB_UA_Denver_MSHP.osm</filename>
      <filetype>osm</filetype>
      <usage_type>test</usage_type>
      <checksum>12EAA33C</checksum>
    </file>
    <file>
      <filename>SFD_2000sqft_2story_FB_UA_Denver_UnitHeater.osm</filename>
      <filetype>osm</filetype>
      <usage_type>test</usage_type>
      <checksum>82F28B75</checksum>
    </file>
    <file>
      <filename>SFD_2000sqft_2story_FB_UA_Denver_UnitHeater_CentralAC.osm</filename>
      <filetype>osm</filetype>
      <usage_type>test</usage_type>
      <checksum>54B6415D</checksum>
    </file>
    <file>
      <filename>SFD_2000sqft_2story_FB_UA_Denver_UnitHeater_RoomAC.osm</filename>
      <filetype>osm</filetype>
      <usage_type>test</usage_type>
      <checksum>C114933A</checksum>
    </file>
    <file>
      <filename>SFD_2000sqft_2story_FB_UA_Denver_ElectricBaseboard_RoomAC.osm</filename>
      <filetype>osm</filetype>
      <usage_type>test</usage_type>
      <checksum>1CBA1E00</checksum>
    </file>
    <file>
      <filename>SFD_2000sqft_2story_FB_UA_Denver_Furnace_CentralAC.osm</filename>
      <filetype>osm</filetype>
      <usage_type>test</usage_type>
      <checksum>F3576552</checksum>
    </file>
    <file>
      <filename>SFD_2000sqft_2story_FB_UA_Denver_Furnace_RoomAC.osm</filename>
      <filetype>osm</filetype>
      <usage_type>test</usage_type>
      <checksum>B591436A</checksum>
    </file>
    <file>
      <filename>SFD_2000sqft_2story_FB_UA_Denver_GSHPVertBore.osm</filename>
      <filetype>osm</filetype>
      <usage_type>test</usage_type>
      <checksum>F9258C68</checksum>
    </file>
    <file>
      <filename>SFD_2000sqft_2story_FB_UA_Denver_Furnace_CentralAC2.osm</filename>
      <filetype>osm</filetype>
      <usage_type>test</usage_type>
      <checksum>109EBE07</checksum>
    </file>
    <file>
      <filename>SFD_2000sqft_2story_FB_UA_Denver_Furnace.osm</filename>
      <filetype>osm</filetype>
      <usage_type>test</usage_type>
      <checksum>2B805270</checksum>
    </file>
    <file>
      <filename>SFD_2000sqft_2story_FB_UA_Denver_CentralAC.osm</filename>
      <filetype>osm</filetype>
      <usage_type>test</usage_type>
      <checksum>AF0CEA39</checksum>
    </file>
    <file>
      <filename>SFD_2000sqft_2story_FB_UA_Denver_ElectricBaseboard.osm</filename>
      <filetype>osm</filetype>
      <usage_type>test</usage_type>
      <checksum>1E203F7C</checksum>
    </file>
    <file>
      <filename>SFD_2000sqft_2story_FB_UA_Denver_ElectricBaseboard_CentralAC.osm</filename>
      <filetype>osm</filetype>
      <usage_type>test</usage_type>
      <checksum>8B388ACC</checksum>
    </file>
    <file>
      <filename>SFD_2000sqft_2story_FB_UA_Denver_CentralAC2.osm</filename>
      <filetype>osm</filetype>
      <usage_type>test</usage_type>
      <checksum>8FC19CED</checksum>
    </file>
    <file>
      <filename>SFD_2000sqft_2story_FB_UA_Denver_Boiler_CentralAC.osm</filename>
      <filetype>osm</filetype>
      <usage_type>test</usage_type>
      <checksum>27EF67D0</checksum>
    </file>
    <file>
      <filename>SFD_2000sqft_2story_FB_UA_Denver_Boiler_RoomAC.osm</filename>
      <filetype>osm</filetype>
      <usage_type>test</usage_type>
      <checksum>2A953D60</checksum>
    </file>
    <file>
      <filename>SFD_2000sqft_2story_FB_UA_Denver_ASHP.osm</filename>
      <filetype>osm</filetype>
      <usage_type>test</usage_type>
      <checksum>21FD58EB</checksum>
    </file>
    <file>
      <filename>SFD_2000sqft_2story_FB_UA_Denver_Boiler.osm</filename>
      <filetype>osm</filetype>
      <usage_type>test</usage_type>
      <checksum>6F2F9F22</checksum>
    </file>
    <file>
      <filename>SFD_2000sqft_2story_FB_UA_Denver.osm</filename>
      <filetype>osm</filetype>
      <usage_type>test</usage_type>
      <checksum>C5713680</checksum>
    </file>
    <file>
      <filename>SFD_2000sqft_2story_FB_UA_Denver_ASHP2.osm</filename>
      <filetype>osm</filetype>
      <usage_type>test</usage_type>
      <checksum>F27375E4</checksum>
    </file>
    <file>
      <filename>SFA_4units_1story_FB_UA_Denver.osm</filename>
      <filetype>osm</filetype>
      <usage_type>test</usage_type>
      <checksum>9E0E9302</checksum>
    </file>
    <file>
      <filename>MF_8units_1story_SL_Denver.osm</filename>
      <filetype>osm</filetype>
      <usage_type>test</usage_type>
      <checksum>12C18C0E</checksum>
    </file>
  </files>
</measure>
