<measure>
  <schema_version>3.0</schema_version>
  <name>process_cooling_setpoints</name>
  <uid>2daa9d28-8891-4074-a1d1-bce3cb3d7ac6</uid>
  <version_id>8c2db935-39fc-49a4-b093-f70a36afa239</version_id>
  <version_modified>20180822T022840Z</version_modified>
  <xml_checksum>356BE47F</xml_checksum>
  <class_name>ProcessCoolingSetpoints</class_name>
  <display_name>Set Residential Cooling Setpoints and Schedules</display_name>
  <description>This measure creates the cooling season schedules and the cooling setpoint schedules. See https://github.com/NREL/OpenStudio-BEopt#workflows for supported workflows using this measure.</description>
  <modeler_description>This measure creates residential cooling season ruleset objects. Schedule values are either user-defined or populated based on information contained in the EPW file. This measure also creates residential cooling setpoint ruleset objects. Schedule values are populated based on information input by the user as well as contained in the residential cooling season. The cooling setpoint schedules are added to the living zone's thermostat.</modeler_description>
  <arguments>
    <argument>
      <name>weekday_setpoint</name>
      <display_name>Weekday Setpoint</display_name>
      <description>Specify a single cooling setpoint or a 24-hour comma-separated cooling schedule for the weekdays.</description>
      <type>String</type>
      <units>degrees F</units>
      <required>true</required>
      <model_dependent>false</model_dependent>
      <default_value>76</default_value>
    </argument>
    <argument>
      <name>weekend_setpoint</name>
      <display_name>Weekend Setpoint</display_name>
      <description>Specify a single cooling setpoint or a 24-hour comma-separated cooling schedule for the weekend.</description>
      <type>String</type>
      <units>degrees F</units>
      <required>true</required>
      <model_dependent>false</model_dependent>
      <default_value>76</default_value>
    </argument>
    <argument>
      <name>use_auto_season</name>
      <display_name>Use Auto Cooling Season</display_name>
      <description>Specifies whether to automatically define the cooling season based on the weather file. User-defined cooling season start/end months will be ignored if this is selected.</description>
      <type>Boolean</type>
      <required>true</required>
      <model_dependent>false</model_dependent>
      <default_value>false</default_value>
      <choices>
        <choice>
          <value>true</value>
          <display_name>true</display_name>
        </choice>
        <choice>
          <value>false</value>
          <display_name>false</display_name>
        </choice>
      </choices>
    </argument>
    <argument>
      <name>season_start_month</name>
      <display_name>Cooling Season Start Month</display_name>
      <description>Start month of the cooling season.</description>
      <type>Choice</type>
      <required>false</required>
      <model_dependent>false</model_dependent>
      <default_value>Jan</default_value>
      <choices>
        <choice>
          <value>Jan</value>
          <display_name>Jan</display_name>
        </choice>
        <choice>
          <value>Feb</value>
          <display_name>Feb</display_name>
        </choice>
        <choice>
          <value>Mar</value>
          <display_name>Mar</display_name>
        </choice>
        <choice>
          <value>Apr</value>
          <display_name>Apr</display_name>
        </choice>
        <choice>
          <value>May</value>
          <display_name>May</display_name>
        </choice>
        <choice>
          <value>Jun</value>
          <display_name>Jun</display_name>
        </choice>
        <choice>
          <value>Jul</value>
          <display_name>Jul</display_name>
        </choice>
        <choice>
          <value>Aug</value>
          <display_name>Aug</display_name>
        </choice>
        <choice>
          <value>Sep</value>
          <display_name>Sep</display_name>
        </choice>
        <choice>
          <value>Oct</value>
          <display_name>Oct</display_name>
        </choice>
        <choice>
          <value>Nov</value>
          <display_name>Nov</display_name>
        </choice>
        <choice>
          <value>Dec</value>
          <display_name>Dec</display_name>
        </choice>
      </choices>
    </argument>
    <argument>
      <name>season_end_month</name>
      <display_name>Cooling Season End Month</display_name>
      <description>End month of the cooling season.</description>
      <type>Choice</type>
      <required>false</required>
      <model_dependent>false</model_dependent>
      <default_value>Dec</default_value>
      <choices>
        <choice>
          <value>Jan</value>
          <display_name>Jan</display_name>
        </choice>
        <choice>
          <value>Feb</value>
          <display_name>Feb</display_name>
        </choice>
        <choice>
          <value>Mar</value>
          <display_name>Mar</display_name>
        </choice>
        <choice>
          <value>Apr</value>
          <display_name>Apr</display_name>
        </choice>
        <choice>
          <value>May</value>
          <display_name>May</display_name>
        </choice>
        <choice>
          <value>Jun</value>
          <display_name>Jun</display_name>
        </choice>
        <choice>
          <value>Jul</value>
          <display_name>Jul</display_name>
        </choice>
        <choice>
          <value>Aug</value>
          <display_name>Aug</display_name>
        </choice>
        <choice>
          <value>Sep</value>
          <display_name>Sep</display_name>
        </choice>
        <choice>
          <value>Oct</value>
          <display_name>Oct</display_name>
        </choice>
        <choice>
          <value>Nov</value>
          <display_name>Nov</display_name>
        </choice>
        <choice>
          <value>Dec</value>
          <display_name>Dec</display_name>
        </choice>
      </choices>
    </argument>
  </arguments>
  <outputs/>
  <provenances/>
  <tags>
    <tag>HVAC.HVAC Controls</tag>
  </tags>
  <attributes>
    <attribute>
      <name>Measure Type</name>
      <value>ModelMeasure</value>
      <datatype>string</datatype>
    </attribute>
    <attribute>
      <name>Intended Software Tool</name>
      <value>Apply Measure Now</value>
      <datatype>string</datatype>
    </attribute>
    <attribute>
      <name>Intended Software Tool</name>
      <value>OpenStudio Application</value>
      <datatype>string</datatype>
    </attribute>
    <attribute>
      <name>Intended Software Tool</name>
      <value>Parametric Analysis Tool</value>
      <datatype>string</datatype>
    </attribute>
  </attributes>
  <files>
    <file>
      <filename>USA_CO_Denver_Intl_AP_725650_TMY3.ddy</filename>
      <filetype>ddy</filetype>
      <usage_type>test</usage_type>
      <checksum>FB253570</checksum>
    </file>
    <file>
      <filename>USA_CO_Denver_Intl_AP_725650_TMY3.epw</filename>
      <filetype>epw</filetype>
      <usage_type>test</usage_type>
      <checksum>E23378AA</checksum>
    </file>
    <file>
      <filename>psychrometrics.rb</filename>
      <filetype>rb</filetype>
      <usage_type>resource</usage_type>
      <checksum>208441EA</checksum>
    </file>
    <file>
      <version>
        <software_program>OpenStudio</software_program>
        <identifier>1.11.5</identifier>
        <min_compatible>2.0.4</min_compatible>
      </version>
      <filename>measure.rb</filename>
      <filetype>rb</filetype>
      <usage_type>script</usage_type>
      <checksum>837A26D5</checksum>
    </file>
    <file>
      <filename>process_cooling_setpoints_test.rb</filename>
      <filetype>rb</filetype>
      <usage_type>test</usage_type>
      <checksum>5912BC45</checksum>
    </file>
    <file>
      <filename>schedules.rb</filename>
      <filetype>rb</filetype>
      <usage_type>resource</usage_type>
      <checksum>1C22DD2A</checksum>
    </file>
    <file>
      <filename>util.rb</filename>
      <filetype>rb</filetype>
      <usage_type>resource</usage_type>
      <checksum>4516079E</checksum>
    </file>
    <file>
      <filename>hvac.rb</filename>
      <filetype>rb</filetype>
      <usage_type>resource</usage_type>
      <checksum>1F3DDDE7</checksum>
    </file>
    <file>
      <filename>materials.rb</filename>
      <filetype>rb</filetype>
      <usage_type>resource</usage_type>
      <checksum>82D32FEE</checksum>
    </file>
    <file>
      <filename>constants.rb</filename>
      <filetype>rb</filetype>
      <usage_type>resource</usage_type>
      <checksum>3BCB1148</checksum>
    </file>
    <file>
      <filename>geometry.rb</filename>
      <filetype>rb</filetype>
      <usage_type>resource</usage_type>
      <checksum>3A649817</checksum>
    </file>
    <file>
      <filename>weather.rb</filename>
      <filetype>rb</filetype>
      <usage_type>resource</usage_type>
      <checksum>AA9588B3</checksum>
    </file>
    <file>
      <filename>unit_conversions.rb</filename>
      <filetype>rb</filetype>
      <usage_type>resource</usage_type>
      <checksum>81550F14</checksum>
    </file>
    <file>
      <filename>SFD_2000sqft_2story_SL_UA_3Beds_2Baths_Denver.osm</filename>
      <filetype>osm</filetype>
      <usage_type>test</usage_type>
      <checksum>BF158D74</checksum>
    </file>
    <file>
      <filename>SFD_2000sqft_2story_SL_UA_3Beds_2Baths_Denver_ASHP_NoSetpoints.osm</filename>
      <filetype>osm</filetype>
      <usage_type>test</usage_type>
      <checksum>58409352</checksum>
    </file>
    <file>
      <filename>SFD_2000sqft_2story_SL_UA_3Beds_2Baths_Denver_CentralAC_NoSetpoints.osm</filename>
      <filetype>osm</filetype>
      <usage_type>test</usage_type>
      <checksum>9E62C868</checksum>
    </file>
    <file>
      <filename>SFD_2000sqft_2story_SL_UA_3Beds_2Baths_Denver_Furnace_CentralAC_NoClgSetpoint.osm</filename>
      <filetype>osm</filetype>
      <usage_type>test</usage_type>
      <checksum>42DF0E92</checksum>
    </file>
    <file>
      <filename>SFD_2000sqft_2story_SL_UA_3Beds_2Baths_Denver_GSHPVertBore_NoSetpoints.osm</filename>
      <filetype>osm</filetype>
      <usage_type>test</usage_type>
      <checksum>D740349C</checksum>
    </file>
    <file>
      <filename>SFD_2000sqft_2story_SL_UA_3Beds_2Baths_Denver_RoomAC_NoSetpoints.osm</filename>
      <filetype>osm</filetype>
      <usage_type>test</usage_type>
      <checksum>F2969490</checksum>
    </file>
    <file>
      <filename>SFD_2000sqft_2story_SL_UA.osm</filename>
      <filetype>osm</filetype>
      <usage_type>test</usage_type>
      <checksum>89A51F29</checksum>
    </file>
    <file>
      <filename>SFD_2000sqft_2story_SL_UA_3Beds_2Baths_Denver_MSHP_NoSetpoints.osm</filename>
      <filetype>osm</filetype>
      <usage_type>test</usage_type>
      <checksum>F791D138</checksum>
    </file>
    <file>
      <filename>SFA_4units_1story_SL_UA_3Beds_2Baths_Denver_CentralAC_NoSetpoints.osm</filename>
      <filetype>osm</filetype>
      <usage_type>test</usage_type>
      <checksum>26A71877</checksum>
    </file>
    <file>
      <filename>MF_8units_1story_SL_3Beds_2Baths_Denver_CentralAC_NoSetpoints.osm</filename>
      <filetype>osm</filetype>
      <usage_type>test</usage_type>
      <checksum>F2C9430C</checksum>
    </file>
  </files>
</measure>
