<measure>
  <schema_version>3.0</schema_version>
  <name>residential_hot_water_solar</name>
  <uid>b969f216-f3c0-4301-9b85-34ce2b45f551</uid>
  <version_id>a8cd0d31-bef0-4951-b113-8f24572fae31</version_id>
  <version_modified>20190103T214701Z</version_modified>
  <xml_checksum>F33F6E26</xml_checksum>
  <class_name>ResidentialHotWaterSolar</class_name>
  <display_name>Set Residential Solar Water Heating</display_name>
  <description>Adds (or replaces) residential solar water heating to the model based on user inputs. For both single-family detached and multifamily buildings, the added storage tank and collector plate provide pre-heated water to the (existing) conventional water heater. See https://github.com/NREL/OpenStudio-BEopt#workflows for supported workflows using this measure.</description>
  <modeler_description>Any supply or demand components, including collector plate surface, are removed along with corresponding plant loop. A stratified storage tank demand branch, flat plate collector supply branch, and constant speed pump are added to a new plant loop. The existing water heater is added to the outlet node of the storage tank. A differential thermostat, with collector plate outlet as the hot node and storage tank outlet as the cold node, represents the availability manager on the plant loop.</modeler_description>
  <arguments>
    <argument>
      <name>collector_area</name>
      <display_name>Collector Area</display_name>
      <description>Area of the collector array for each unit of the building.</description>
      <type>Double</type>
      <units>ft^2/unit</units>
      <required>true</required>
      <model_dependent>false</model_dependent>
      <default_value>40</default_value>
    </argument>
    <argument>
      <name>frta</name>
      <display_name>FRta</display_name>
      <description>Optical gain coefficient in Hottel-Willier-Bliss (HWB) equation.</description>
      <type>Double</type>
      <required>true</required>
      <model_dependent>false</model_dependent>
      <default_value>0.77</default_value>
    </argument>
    <argument>
      <name>frul</name>
      <display_name>FRUL</display_name>
      <description>Thermal loss coefficient in the Hottel-Willier-Bliss (HWB) equation.</description>
      <type>Double</type>
      <units>Btu/hr-ft^2-R</units>
      <required>true</required>
      <model_dependent>false</model_dependent>
      <default_value>0.793</default_value>
    </argument>
    <argument>
      <name>iam</name>
      <display_name>IAM</display_name>
      <description>The incident angle modifier coefficient.</description>
      <type>Double</type>
      <required>true</required>
      <model_dependent>false</model_dependent>
      <default_value>0.1</default_value>
    </argument>
    <argument>
      <name>storage_vol</name>
      <display_name>Tank Storage Volume</display_name>
      <description>The volume of the solar storage tank. If set to 'auto', the tank storage volume will be 1.5 gal for every sqft of collector area.</description>
      <type>String</type>
      <units>gal</units>
      <required>true</required>
      <model_dependent>false</model_dependent>
      <default_value>auto</default_value>
    </argument>
    <argument>
      <name>tank_r</name>
      <display_name>Tank R-Value</display_name>
      <description>The insulation level of the solar storage tank.</description>
      <type>Double</type>
      <units>hr-ft^2-R/Btu</units>
      <required>true</required>
      <model_dependent>false</model_dependent>
      <default_value>10</default_value>
    </argument>
    <argument>
      <name>fluid_type</name>
      <display_name>Fluid Type</display_name>
      <description>The solar system's heat transfer fluid.</description>
      <type>Choice</type>
      <required>true</required>
      <model_dependent>false</model_dependent>
      <default_value>propylene-glycol</default_value>
      <choices>
        <choice>
          <value>propylene-glycol</value>
          <display_name>propylene-glycol</display_name>
        </choice>
        <choice>
          <value>water</value>
          <display_name>water</display_name>
        </choice>
      </choices>
    </argument>
    <argument>
      <name>heat_ex_eff</name>
      <display_name>Heat Exchanger Effectiveness</display_name>
      <description>Heat exchanger effectiveness, where the effectiveness e, is defined as e = (Tcold-out - Tcold-in) / (Thot-in - Tcold-in).</description>
      <type>Double</type>
      <required>true</required>
      <model_dependent>false</model_dependent>
      <default_value>0.7</default_value>
    </argument>
    <argument>
      <name>pump_power</name>
      <display_name>Pump Power</display_name>
      <description>Total pump energy consumption in Watts per sqft of collector area.</description>
      <type>Double</type>
      <units>W/ft^2</units>
      <required>true</required>
      <model_dependent>false</model_dependent>
      <default_value>0.8</default_value>
    </argument>
    <argument>
      <name>azimuth_type</name>
      <display_name>Azimuth Type</display_name>
      <description>Relative azimuth angle is measured clockwise from the front of the house. Absolute azimuth angle is measured clockwise from due south.</description>
      <type>Choice</type>
      <required>true</required>
      <model_dependent>false</model_dependent>
      <default_value>relative</default_value>
      <choices>
        <choice>
          <value>relative</value>
          <display_name>relative</display_name>
        </choice>
        <choice>
          <value>absolute</value>
          <display_name>absolute</display_name>
        </choice>
      </choices>
    </argument>
    <argument>
      <name>azimuth</name>
      <display_name>Azimuth</display_name>
      <description>The azimuth angle is measured clockwise.</description>
      <type>Double</type>
      <units>degrees</units>
      <required>false</required>
      <model_dependent>false</model_dependent>
      <default_value>180</default_value>
    </argument>
    <argument>
      <name>tilt_type</name>
      <display_name>Tilt Type</display_name>
      <description>Type of tilt angle referenced.</description>
      <type>Choice</type>
      <required>true</required>
      <model_dependent>false</model_dependent>
      <default_value>pitch</default_value>
      <choices>
        <choice>
          <value>pitch</value>
          <display_name>pitch</display_name>
        </choice>
        <choice>
          <value>absolute</value>
          <display_name>absolute</display_name>
        </choice>
        <choice>
          <value>latitude</value>
          <display_name>latitude</display_name>
        </choice>
      </choices>
    </argument>
    <argument>
      <name>tilt</name>
      <display_name>Tilt</display_name>
      <description>Angle of the tilt.</description>
      <type>Double</type>
      <units>degrees</units>
      <required>false</required>
      <model_dependent>false</model_dependent>
      <default_value>0</default_value>
    </argument>
  </arguments>
  <outputs/>
  <provenances/>
  <tags>
    <tag>Service Water Heating.Water Heating</tag>
  </tags>
  <attributes>
    <attribute>
      <name>Measure Type</name>
      <value>ModelMeasure</value>
      <datatype>string</datatype>
    </attribute>
  </attributes>
  <files>
    <file>
      <filename>residential_hot_water_solar_test.rb</filename>
      <filetype>rb</filetype>
      <usage_type>test</usage_type>
      <checksum>F60564A0</checksum>
    </file>
    <file>
      <version>
        <software_program>OpenStudio</software_program>
        <identifier>2.1.0</identifier>
        <min_compatible>2.1.2</min_compatible>
      </version>
      <filename>measure.rb</filename>
      <filetype>rb</filetype>
      <usage_type>script</usage_type>
      <checksum>40366B06</checksum>
    </file>
  </files>
</measure>
