{
  "build_existing_model": {
    "building_id": 483,
    "workflow_json": "/mnt/openstudio/analysis_fe821d2c-df1e-4105-9ee6-6c7fef1463ae/lib/resources/measure-info.json",
    "number_of_buildings_represented": 16000000,
    "location_region": "CR09",
    "location_epw": "0684122_United_States_TX_Dallas_48113_722590_32.89_-97.02_NSRDB_2.0.1_2012_AMY.epw",
    "location_census_division": "West South Central",
    "vintage": "1950s",
    "heating_fuel": "Natural Gas",
    "usage_level": "Medium",
    "geometry_foundation_type": "Slab",
    "geometry_stories": "1",
    "geometry_garage": "None",
    "geometry_house_size": "1500-2499",
    "occupants": "Auto",
    "orientation": "West",
    "eaves": "2 ft",
    "door_area": "20 ft^2",
    "window_areas": "F15 B15 L15 R15",
    "overhangs": "None",
    "neighbors": "Left/Right at 15ft",
    "insulation_unfinished_attic": "Ceiling R-30, Vented",
    "roof_sheathing": "3/4 in. OSB",
    "roof_material": "Asphalt Shingles, Medium",
    "thermal_mass_ceiling": "1/2 in. Drywall",
    "insulation_slab": "Uninsulated",
    "insulation_crawlspace": "None",
    "insulation_unfinished_basement": "None",
    "insulation_finished_basement": "None",
    "insulation_pier_beam": "None",
    "insulation_interzonal_floor": "Uninsulated",
    "floor_sheathing": "3/4 in. OSB",
    "floor_covering": "80% Carpet",
    "thermal_mass_floor": "Wood Surface",
    "insulation_wall": "Wood Stud, Uninsulated",
    "wall_sheathing": "1/2 in. OSB",
    "exterior_finish": "Vinyl, Light",
    "thermal_mass_exterior_wall": "1/2 in. Drywall",
    "thermal_mass_partition_wall": "1/2 in. Drywall",
    "uninsulated_surfaces": "Uninsulated",
    "windows": "Clear, Single, Metal",
    "doors": "Fiberglass",
    "thermal_mass_furniture": "Standard",
    "water_heater": "Gas Standard",
    "hot_water_fixtures": "100%",
    "hot_water_distribution": "Uninsulated, TrunkBranch, Copper",
    "solar_hot_water": "None",
    "hvac_system_is_combined": "No",
    "hvac_system_combined": "None",
    "hvac_system_heating_electricity": "None",
    "hvac_system_heating_natural_gas": "FIXME Gas Wall/Floor Furnace, 68% AFUE",
    "hvac_system_heating_propane": "None",
    "hvac_system_heating_fuel_oil": "None",
    "hvac_system_heating_other_fuel": "None",
    "hvac_system_heating_none": "None",
    "hvac_system_cooling": "AC, SEER 13",
    "hvac_system_cooling_type": "Central",
    "heating_setpoint": "FIXME Location Average",
    "cooling_setpoint": "FIXME Location Average",
    "ceiling_fan": "National Average",
    "dehumidifier": "None",
    "refrigerator": "EF 15.9",
    "cooking_range": "Gas, 100% Usage",
    "dishwasher": "290 Rated kWh, 100% Usage",
    "clothes_washer": "EnergyStar, 100% Usage",
    "clothes_dryer": "Electric, 100% Usage",
    "lighting": "100% Incandescent",
    "plug_loads": "100%",
    "misc_extra_refrigerator": "EF 6.9, National Average",
    "misc_freezer": "EF 12, National Average",
    "misc_gas_fireplace": "National Average",
    "misc_gas_grill": "National Average",
    "misc_gas_lighting": "National Average",
    "misc_hot_tub_spa": "National Average",
    "misc_pool": "National Average",
    "misc_well_pump": "National Average",
    "ducts": "10% Leakage, R-4",
    "infiltration": "20 ACH50",
    "natural_ventilation": "Year-Round, 3 days/wk",
    "mechanical_ventilation": "None",
    "pv": "None",
    "weight": "800.0",
    "applicable": true
  },
  "building_characteristics_report": {
    "workflow_json": "/mnt/openstudio/analysis_fe821d2c-df1e-4105-9ee6-6c7fef1463ae/lib/resources/measure-info.json",
    "location_region": "CR09",
    "location_epw": "0684122_United_States_TX_Dallas_48113_722590_32.89_-97.02_NSRDB_2.0.1_2012_AMY.epw",
    "location_census_division": "West South Central",
    "vintage": "1950s",
    "heating_fuel": "Natural Gas",
    "usage_level": "Medium",
    "geometry_foundation_type": "Slab",
    "geometry_stories": "1",
    "geometry_garage": "None",
    "geometry_house_size": "1500-2499",
    "occupants": "Auto",
    "orientation": "West",
    "eaves": "2 ft",
    "door_area": "20 ft^2",
    "window_areas": "F15 B15 L15 R15",
    "overhangs": "None",
    "neighbors": "Left/Right at 15ft",
    "insulation_unfinished_attic": "Ceiling R-30, Vented",
    "roof_sheathing": "3/4 in. OSB",
    "roof_material": "Asphalt Shingles, Medium",
    "thermal_mass_ceiling": "1/2 in. Drywall",
    "insulation_slab": "Uninsulated",
    "insulation_crawlspace": "None",
    "insulation_unfinished_basement": "None",
    "insulation_finished_basement": "None",
    "insulation_pier_beam": "None",
    "insulation_interzonal_floor": "Uninsulated",
    "floor_sheathing": "3/4 in. OSB",
    "floor_covering": "80% Carpet",
    "thermal_mass_floor": "Wood Surface",
    "insulation_wall": "Wood Stud, Uninsulated",
    "wall_sheathing": "1/2 in. OSB",
    "exterior_finish": "Vinyl, Light",
    "thermal_mass_exterior_wall": "1/2 in. Drywall",
    "thermal_mass_partition_wall": "1/2 in. Drywall",
    "uninsulated_surfaces": "Uninsulated",
    "windows": "Clear, Single, Metal",
    "doors": "Fiberglass",
    "thermal_mass_furniture": "Standard",
    "water_heater": "Gas Standard",
    "hot_water_fixtures": "100%",
    "hot_water_distribution": "Uninsulated, TrunkBranch, Copper",
    "solar_hot_water": "None",
    "hvac_system_is_combined": "No",
    "hvac_system_combined": "None",
    "hvac_system_heating_electricity": "None",
    "hvac_system_heating_natural_gas": "FIXME Gas Wall/Floor Furnace, 68% AFUE",
    "hvac_system_heating_propane": "None",
    "hvac_system_heating_fuel_oil": "None",
    "hvac_system_heating_other_fuel": "None",
    "hvac_system_heating_none": "None",
    "hvac_system_cooling": "AC, SEER 13",
    "hvac_system_cooling_type": "Central",
    "heating_setpoint": "FIXME Location Average",
    "cooling_setpoint": "FIXME Location Average",
    "ceiling_fan": "National Average",
    "dehumidifier": "None",
    "refrigerator": "EF 15.9",
    "cooking_range": "Gas, 100% Usage",
    "dishwasher": "290 Rated kWh, 100% Usage",
    "clothes_washer": "EnergyStar, 100% Usage",
    "clothes_dryer": "Electric, 100% Usage",
    "lighting": "100% Incandescent",
    "plug_loads": "100%",
    "misc_extra_refrigerator": "EF 6.9, National Average",
    "misc_freezer": "EF 12, National Average",
    "misc_gas_fireplace": "National Average",
    "misc_gas_grill": "National Average",
    "misc_gas_lighting": "National Average",
    "misc_hot_tub_spa": "National Average",
    "misc_pool": "National Average",
    "misc_well_pump": "National Average",
    "ducts": "10% Leakage, R-4",
    "infiltration": "20 ACH50",
    "natural_ventilation": "Year-Round, 3 days/wk",
    "mechanical_ventilation": "None",
    "pv": "None",
    "weight": "800.0",
    "location_city": "Dallas",
    "location_state": "Texas",
    "location_latitude": 32.89,
    "location_longitude": -97.02,
    "applicable": true
  },
  "simulation_output_report": {
    "total_site_energy_mbtu": 106.12708296148213,
    "net_site_energy_mbtu": 106.12708296148213,
    "total_site_electricity_kwh": 12816.666666666666,
    "net_site_electricity_kwh": 12816.666666666666,
    "electricity_heating_kwh": 0.0,
    "electricity_cooling_kwh": 4458.333333333333,
    "electricity_interior_lighting_kwh": 1711.111111111111,
    "electricity_exterior_lighting_kwh": 350.0,
    "electricity_interior_equipment_kwh": 4652.777777777778,
    "electricity_fans_kwh": 1644.4444444444446,
    "electricity_pumps_kwh": 0.0,
    "electricity_water_systems_kwh": 0.0,
    "electricity_pv_kwh": 0.0,
    "total_site_natural_gas_therm": 623.9480103022568,
    "natural_gas_heating_therm": 452.29832981351495,
    "natural_gas_interior_equipment_therm": 35.73270543581206,
    "natural_gas_water_systems_therm": 135.9169750529297,
    "total_site_other_fuel_mbtu": 0.0,
    "other_fuel_heating_mbtu": 0.0,
    "other_fuel_interior_equipment_mbtu": 0.0,
    "other_fuel_water_systems_mbtu": 0.0,
    "hours_heating_setpoint_not_met": 0.0,
    "hours_cooling_setpoint_not_met": 0.0,
    "hvac_cooling_capacity_w": 21302.1069318689,
    "hvac_heating_capacity_w": 15550.2068920676,
    "weight": 800.0,
    "upgrade_name": "",
    "upgrade_cost_usd": "",
    "applicable": true
  },
  "timeseries_csv_export": {
    "reporting_frequency": "Hourly",
    "inc_output_variables": false,
    "applicable": true
  },
  "server_directory_cleanup": {
    "applicable": true
  }
}