<measure>
  <schema_version>3.0</schema_version>
  <name>process_constructions_walls_generic</name>
  <uid>d7572e51-b9af-4cb3-b984-7c8d0a7e0e73</uid>
  <version_id>a1934cc6-ac2e-4fc9-9c23-0bfd16638e25</version_id>
  <version_modified>20181113T060858Z</version_modified>
  <xml_checksum>5091078B</xml_checksum>
  <class_name>ProcessConstructionsWallsGeneric</class_name>
  <display_name>Set Residential Walls - Generic Construction</display_name>
  <description>This measure assigns a generic layered construction to above-grade walls. See https://github.com/NREL/OpenStudio-BEopt#workflows for supported workflows using this measure.</description>
  <modeler_description>Calculates and assigns material layer properties of generic layered constructions for 1) exterior walls of finished spaces, 2) exterior walls (e.g. gable walls) of unfinished attics under roof insulation, and 3) interior walls (e.g., attic knee walls) between finished and unfinished spaces. Adds furniture &amp; partition wall mass. Uninsulated constructions will also be assigned to 1) exterior walls of unfinished spaces, 2) interior walls between finished spaces, and 3) interior walls between unfinished spaces. Any existing constructions for these surfaces will be removed.</modeler_description>
  <arguments>
    <argument>
      <name>thick_in_1</name>
      <display_name>Thickness 1</display_name>
      <description>Thickness of the outside layer.</description>
      <type>Double</type>
      <units>in</units>
      <required>true</required>
      <model_dependent>false</model_dependent>
      <default_value>2.5</default_value>
    </argument>
    <argument>
      <name>thick_in_2</name>
      <display_name>Thickness 2</display_name>
      <description>Thickness of the second layer. Leave blank if no second layer.</description>
      <type>Double</type>
      <units>in</units>
      <required>false</required>
      <model_dependent>false</model_dependent>
    </argument>
    <argument>
      <name>thick_in_3</name>
      <display_name>Thickness 3</display_name>
      <description>Thickness of the third layer. Leave blank if no third layer.</description>
      <type>Double</type>
      <units>in</units>
      <required>false</required>
      <model_dependent>false</model_dependent>
    </argument>
    <argument>
      <name>thick_in_4</name>
      <display_name>Thickness 4</display_name>
      <description>Thickness of the fourth layer. Leave blank if no fourth layer.</description>
      <type>Double</type>
      <units>in</units>
      <required>false</required>
      <model_dependent>false</model_dependent>
    </argument>
    <argument>
      <name>thick_in_5</name>
      <display_name>Thickness 5</display_name>
      <description>Thickness of the fifth layer. Leave blank if no fifth layer.</description>
      <type>Double</type>
      <units>in</units>
      <required>false</required>
      <model_dependent>false</model_dependent>
    </argument>
    <argument>
      <name>conductivity_1</name>
      <display_name>Conductivity 1</display_name>
      <description>Conductivity of the outside layer.</description>
      <type>Double</type>
      <units>Btu-in/h-ft^2-R</units>
      <required>true</required>
      <model_dependent>false</model_dependent>
      <default_value>9.211</default_value>
    </argument>
    <argument>
      <name>conductivity_2</name>
      <display_name>Conductivity 2</display_name>
      <description>Conductivity of the second layer. Leave blank if no second layer.</description>
      <type>Double</type>
      <units>Btu-in/h-ft^2-R</units>
      <required>false</required>
      <model_dependent>false</model_dependent>
    </argument>
    <argument>
      <name>conductivity_3</name>
      <display_name>Conductivity 3</display_name>
      <description>Conductivity of the third layer. Leave blank if no third layer.</description>
      <type>Double</type>
      <units>Btu-in/h-ft^2-R</units>
      <required>false</required>
      <model_dependent>false</model_dependent>
    </argument>
    <argument>
      <name>conductivity_4</name>
      <display_name>Conductivity 4</display_name>
      <description>Conductivity of the fourth layer. Leave blank if no fourth layer.</description>
      <type>Double</type>
      <units>Btu-in/h-ft^2-R</units>
      <required>false</required>
      <model_dependent>false</model_dependent>
    </argument>
    <argument>
      <name>conductivity_5</name>
      <display_name>Conductivity 5</display_name>
      <description>Conductivity of the fifth layer. Leave blank if no fifth layer.</description>
      <type>Double</type>
      <units>Btu-in/h-ft^2-R</units>
      <required>false</required>
      <model_dependent>false</model_dependent>
    </argument>
    <argument>
      <name>density_1</name>
      <display_name>Density 1</display_name>
      <description>Density of the outside layer.</description>
      <type>Double</type>
      <units>lb/ft^3</units>
      <required>true</required>
      <model_dependent>false</model_dependent>
      <default_value>138.33</default_value>
    </argument>
    <argument>
      <name>density_2</name>
      <display_name>Density 2</display_name>
      <description>Density of the second layer. Leave blank if no second layer.</description>
      <type>Double</type>
      <units>lb/ft^3</units>
      <required>false</required>
      <model_dependent>false</model_dependent>
    </argument>
    <argument>
      <name>density_3</name>
      <display_name>Density 3</display_name>
      <description>Density of the third layer. Leave blank if no third layer.</description>
      <type>Double</type>
      <units>lb/ft^3</units>
      <required>false</required>
      <model_dependent>false</model_dependent>
    </argument>
    <argument>
      <name>density_4</name>
      <display_name>Density 4</display_name>
      <description>Density of the fourth layer. Leave blank if no fourth layer.</description>
      <type>Double</type>
      <units>lb/ft^3</units>
      <required>false</required>
      <model_dependent>false</model_dependent>
    </argument>
    <argument>
      <name>density_5</name>
      <display_name>Density 5</display_name>
      <description>Density of the fifth layer. Leave blank if no fifth layer.</description>
      <type>Double</type>
      <units>lb/ft^3</units>
      <required>false</required>
      <model_dependent>false</model_dependent>
    </argument>
    <argument>
      <name>specific_heat_1</name>
      <display_name>Specific Heat 1</display_name>
      <description>Specific heat of the outside layer.</description>
      <type>Double</type>
      <units>Btu/lb-R</units>
      <required>true</required>
      <model_dependent>false</model_dependent>
      <default_value>0.23</default_value>
    </argument>
    <argument>
      <name>specific_heat_2</name>
      <display_name>Specific Heat 2</display_name>
      <description>Specific heat of the second layer. Leave blank if no second layer.</description>
      <type>Double</type>
      <units>Btu/lb-R</units>
      <required>false</required>
      <model_dependent>false</model_dependent>
    </argument>
    <argument>
      <name>specific_heat_3</name>
      <display_name>Specific Heat 3</display_name>
      <description>Specific heat of the third layer. Leave blank if no third layer.</description>
      <type>Double</type>
      <units>Btu/lb-R</units>
      <required>false</required>
      <model_dependent>false</model_dependent>
    </argument>
    <argument>
      <name>specific_heat_4</name>
      <display_name>Specific Heat 4</display_name>
      <description>Specific heat of the fourth layer. Leave blank if no fourth layer.</description>
      <type>Double</type>
      <units>Btu/lb-R</units>
      <required>false</required>
      <model_dependent>false</model_dependent>
    </argument>
    <argument>
      <name>specific_heat_5</name>
      <display_name>Specific Heat 5</display_name>
      <description>Specific heat of the fifth layer. Leave blank if no fifth layer.</description>
      <type>Double</type>
      <units>Btu/lb-R</units>
      <required>false</required>
      <model_dependent>false</model_dependent>
    </argument>
    <argument>
      <name>drywall_thick_in</name>
      <display_name>Drywall Thickness</display_name>
      <description>Thickness of the drywall material.</description>
      <type>Double</type>
      <units>in</units>
      <required>true</required>
      <model_dependent>false</model_dependent>
      <default_value>0.5</default_value>
    </argument>
    <argument>
      <name>osb_thick_in</name>
      <display_name>OSB/Plywood Thickness</display_name>
      <description>Specifies the thickness of the walls' OSB/plywood sheathing. Enter 0 for no sheathing (if the wall has other means to handle the shear load on the wall such as cross-bracing).</description>
      <type>Double</type>
      <units>in</units>
      <required>true</required>
      <model_dependent>false</model_dependent>
      <default_value>0.5</default_value>
    </argument>
    <argument>
      <name>rigid_r</name>
      <display_name>Continuous Insulation Nominal R-value</display_name>
      <description>The R-value of the continuous insulation.</description>
      <type>Double</type>
      <units>h-ft^2-R/Btu</units>
      <required>true</required>
      <model_dependent>false</model_dependent>
      <default_value>0</default_value>
    </argument>
    <argument>
      <name>exterior_finish</name>
      <display_name>Exterior Finish</display_name>
      <description>The exterior finish material.</description>
      <type>Choice</type>
      <required>true</required>
      <model_dependent>false</model_dependent>
      <default_value>Vinyl, Light</default_value>
      <choices>
        <choice>
          <value>Stucco, Medium/Dark</value>
          <display_name>Stucco, Medium/Dark</display_name>
        </choice>
        <choice>
          <value>Brick, Light</value>
          <display_name>Brick, Light</display_name>
        </choice>
        <choice>
          <value>Brick, Medium/Dark</value>
          <display_name>Brick, Medium/Dark</display_name>
        </choice>
        <choice>
          <value>Wood, Light</value>
          <display_name>Wood, Light</display_name>
        </choice>
        <choice>
          <value>Wood, Medium/Dark</value>
          <display_name>Wood, Medium/Dark</display_name>
        </choice>
        <choice>
          <value>Aluminum, Light</value>
          <display_name>Aluminum, Light</display_name>
        </choice>
        <choice>
          <value>Aluminum, Medium/Dark</value>
          <display_name>Aluminum, Medium/Dark</display_name>
        </choice>
        <choice>
          <value>Vinyl, Light</value>
          <display_name>Vinyl, Light</display_name>
        </choice>
        <choice>
          <value>Vinyl, Medium/Dark</value>
          <display_name>Vinyl, Medium/Dark</display_name>
        </choice>
        <choice>
          <value>Fiber-Cement, Light</value>
          <display_name>Fiber-Cement, Light</display_name>
        </choice>
        <choice>
          <value>Fiber-Cement, Medium/Dark</value>
          <display_name>Fiber-Cement, Medium/Dark</display_name>
        </choice>
      </choices>
    </argument>
  </arguments>
  <outputs/>
  <provenances/>
  <tags>
    <tag>Envelope.Opaque</tag>
  </tags>
  <attributes>
    <attribute>
      <name>Uses SketchUp API</name>
      <value>false</value>
      <datatype>boolean</datatype>
    </attribute>
    <attribute>
      <name>Measure Type</name>
      <value>ModelMeasure</value>
      <datatype>string</datatype>
    </attribute>
  </attributes>
  <files>
    <file>
      <filename>Generic_Test.rb</filename>
      <filetype>rb</filetype>
      <usage_type>test</usage_type>
      <checksum>84D04AFA</checksum>
    </file>
    <file>
      <version>
        <software_program>OpenStudio</software_program>
        <identifier>1.3.0</identifier>
        <min_compatible>2.0.4</min_compatible>
      </version>
      <filename>measure.rb</filename>
      <filetype>rb</filetype>
      <usage_type>script</usage_type>
      <checksum>138FCC0D</checksum>
    </file>
  </files>
</measure>
