<measure>
  <schema_version>3.0</schema_version>
  <name>residential_hot_water_distribution</name>
  <uid>4615ccb7-3ce5-4627-b7c2-a7fea9c4af87</uid>
  <version_id>252ab5ed-f406-49e4-a924-ba025677d7af</version_id>
  <version_modified>20170906T152601Z</version_modified>
  <xml_checksum>D2231FB9</xml_checksum>
  <class_name>ResidentialHotWaterDistribution</class_name>
  <display_name>Set Residential Hot Water Distribution</display_name>
  <description>Adds a hot water distribution system, including pipes and any recirculation pumps, into the home. This measure must be run after hot water fixtures have been added to the home. For multifamily buildings, the hot water fixtures can be set for all units of the building. See https://github.com/NREL/OpenStudio-BEopt#workflows for supported workflows using this measure.</description>
  <modeler_description>Modifies the existing HotWater:Equipment Objects for showers, sinks, and baths to take into account the additional water drawn due to distribution system inefficiencies. Also adds an internal gain to the space due to heat loss from the pipes and an ElectricEquipment object for the pump if recirculation is included.</modeler_description>
  <arguments>
    <argument>
      <name>pipe_mat</name>
      <display_name>Pipe Material</display_name>
      <description>The plumbing material.</description>
      <type>Choice</type>
      <required>true</required>
      <model_dependent>false</model_dependent>
      <default_value>copper</default_value>
      <choices>
        <choice>
          <value>copper</value>
          <display_name>copper</display_name>
        </choice>
        <choice>
          <value>pex</value>
          <display_name>pex</display_name>
        </choice>
      </choices>
    </argument>
    <argument>
      <name>dist_layout</name>
      <display_name>Distribution system layout</display_name>
      <description>The plumbing layout of the hot water distribution system. Trunk and branch uses a main trunk line to supply various branch take-offs to specific fixtures. In the home run layout, all fixtures are fed from dedicated piping that runs directly from central manifolds.</description>
      <type>Choice</type>
      <required>true</required>
      <model_dependent>false</model_dependent>
      <default_value>trunk and branch</default_value>
      <choices>
        <choice>
          <value>home run</value>
          <display_name>home run</display_name>
        </choice>
        <choice>
          <value>trunk and branch</value>
          <display_name>trunk and branch</display_name>
        </choice>
      </choices>
    </argument>
    <argument>
      <name>space</name>
      <display_name>space</display_name>
      <description>Select the primary space where the DHW distribution system is located.</description>
      <type>Choice</type>
      <required>true</required>
      <model_dependent>false</model_dependent>
      <default_value>interior</default_value>
      <choices>
        <choice>
          <value>interior</value>
          <display_name>interior</display_name>
        </choice>
        <choice>
          <value>exterior</value>
          <display_name>exterior</display_name>
        </choice>
      </choices>
    </argument>
    <argument>
      <name>recirc_type</name>
      <display_name>Recirculation Type</display_name>
      <description>The type of hot water recirculation control, if any. Timer recirculation control assumes 16 hours of daily pump operation from 6am to 10pm. Demand recirculation controls assume push button control at all non-appliance fistures with 100% ideal control.</description>
      <type>Choice</type>
      <required>true</required>
      <model_dependent>false</model_dependent>
      <default_value>none</default_value>
      <choices>
        <choice>
          <value>none</value>
          <display_name>none</display_name>
        </choice>
        <choice>
          <value>timer</value>
          <display_name>timer</display_name>
        </choice>
        <choice>
          <value>demand</value>
          <display_name>demand</display_name>
        </choice>
      </choices>
    </argument>
    <argument>
      <name>dist_ins</name>
      <display_name>Insulation Nominal R-Value</display_name>
      <description>Nominal R-value of the insulation on the DHW distribution system.</description>
      <type>Double</type>
      <units>h-ft^2-R/Btu</units>
      <required>true</required>
      <model_dependent>false</model_dependent>
      <default_value>0</default_value>
    </argument>
  </arguments>
  <outputs/>
  <provenances/>
  <tags>
    <tag>Service Water Heating.Distribution</tag>
  </tags>
  <attributes>
    <attribute>
      <name>Measure Type</name>
      <value>ModelMeasure</value>
      <datatype>string</datatype>
    </attribute>
    <attribute>
      <name>Uses SketchUp API</name>
      <value>false</value>
      <datatype>boolean</datatype>
    </attribute>
  </attributes>
  <files>
    <file>
      <filename>MinuteDrawProfilesMaxFlows.csv</filename>
      <filetype>csv</filetype>
      <usage_type>resource</usage_type>
      <checksum>9D722D63</checksum>
    </file>
    <file>
      <filename>BathSchedule_1bed_unit0.csv</filename>
      <filetype>csv</filetype>
      <usage_type>resource</usage_type>
      <checksum>4276A37A</checksum>
    </file>
    <file>
      <filename>BathSchedule_2bed_unit0.csv</filename>
      <filetype>csv</filetype>
      <usage_type>resource</usage_type>
      <checksum>5C83C978</checksum>
    </file>
    <file>
      <filename>BathSchedule_3bed_unit0.csv</filename>
      <filetype>csv</filetype>
      <usage_type>resource</usage_type>
      <checksum>76568730</checksum>
    </file>
    <file>
      <filename>BathSchedule_4bed_unit0.csv</filename>
      <filetype>csv</filetype>
      <usage_type>resource</usage_type>
      <checksum>1870119B</checksum>
    </file>
    <file>
      <filename>BathSchedule_5bed_unit0.csv</filename>
      <filetype>csv</filetype>
      <usage_type>resource</usage_type>
      <checksum>4C8B5B0A</checksum>
    </file>
    <file>
      <filename>ShowerSchedule_1bed_unit0.csv</filename>
      <filetype>csv</filetype>
      <usage_type>resource</usage_type>
      <checksum>09704F0B</checksum>
    </file>
    <file>
      <filename>ShowerSchedule_2bed_unit0.csv</filename>
      <filetype>csv</filetype>
      <usage_type>resource</usage_type>
      <checksum>04994A0F</checksum>
    </file>
    <file>
      <filename>ShowerSchedule_3bed_unit0.csv</filename>
      <filetype>csv</filetype>
      <usage_type>resource</usage_type>
      <checksum>E62AF7AC</checksum>
    </file>
    <file>
      <filename>ShowerSchedule_4bed_unit0.csv</filename>
      <filetype>csv</filetype>
      <usage_type>resource</usage_type>
      <checksum>30947201</checksum>
    </file>
    <file>
      <filename>ShowerSchedule_5bed_unit0.csv</filename>
      <filetype>csv</filetype>
      <usage_type>resource</usage_type>
      <checksum>8F5F0EAA</checksum>
    </file>
    <file>
      <filename>SinkSchedule_1bed_unit0.csv</filename>
      <filetype>csv</filetype>
      <usage_type>resource</usage_type>
      <checksum>935C9037</checksum>
    </file>
    <file>
      <filename>SinkSchedule_2bed_unit0.csv</filename>
      <filetype>csv</filetype>
      <usage_type>resource</usage_type>
      <checksum>7A94DAFB</checksum>
    </file>
    <file>
      <filename>SinkSchedule_3bed_unit0.csv</filename>
      <filetype>csv</filetype>
      <usage_type>resource</usage_type>
      <checksum>B1D4363E</checksum>
    </file>
    <file>
      <filename>SinkSchedule_4bed_unit0.csv</filename>
      <filetype>csv</filetype>
      <usage_type>resource</usage_type>
      <checksum>9C26B3DB</checksum>
    </file>
    <file>
      <filename>SinkSchedule_5bed_unit0.csv</filename>
      <filetype>csv</filetype>
      <usage_type>resource</usage_type>
      <checksum>A14D48EC</checksum>
    </file>
    <file>
      <filename>BathSchedule_1bed_unit1.csv</filename>
      <filetype>csv</filetype>
      <usage_type>resource</usage_type>
      <checksum>C6AFE28D</checksum>
    </file>
    <file>
      <filename>BathSchedule_1bed_unit2.csv</filename>
      <filetype>csv</filetype>
      <usage_type>resource</usage_type>
      <checksum>A8397EBC</checksum>
    </file>
    <file>
      <filename>BathSchedule_1bed_unit3.csv</filename>
      <filetype>csv</filetype>
      <usage_type>resource</usage_type>
      <checksum>0063BCAE</checksum>
    </file>
    <file>
      <filename>BathSchedule_1bed_unit4.csv</filename>
      <filetype>csv</filetype>
      <usage_type>resource</usage_type>
      <checksum>D135CFF6</checksum>
    </file>
    <file>
      <filename>BathSchedule_1bed_unit5.csv</filename>
      <filetype>csv</filetype>
      <usage_type>resource</usage_type>
      <checksum>479B2797</checksum>
    </file>
    <file>
      <filename>BathSchedule_1bed_unit6.csv</filename>
      <filetype>csv</filetype>
      <usage_type>resource</usage_type>
      <checksum>1661A02A</checksum>
    </file>
    <file>
      <filename>BathSchedule_1bed_unit7.csv</filename>
      <filetype>csv</filetype>
      <usage_type>resource</usage_type>
      <checksum>6B38ABEA</checksum>
    </file>
    <file>
      <filename>BathSchedule_1bed_unit8.csv</filename>
      <filetype>csv</filetype>
      <usage_type>resource</usage_type>
      <checksum>DD650B9A</checksum>
    </file>
    <file>
      <filename>BathSchedule_1bed_unit9.csv</filename>
      <filetype>csv</filetype>
      <usage_type>resource</usage_type>
      <checksum>EFDF2465</checksum>
    </file>
    <file>
      <filename>BathSchedule_2bed_unit1.csv</filename>
      <filetype>csv</filetype>
      <usage_type>resource</usage_type>
      <checksum>23D49DF6</checksum>
    </file>
    <file>
      <filename>BathSchedule_2bed_unit2.csv</filename>
      <filetype>csv</filetype>
      <usage_type>resource</usage_type>
      <checksum>2FB5E283</checksum>
    </file>
    <file>
      <filename>BathSchedule_2bed_unit3.csv</filename>
      <filetype>csv</filetype>
      <usage_type>resource</usage_type>
      <checksum>A5685E01</checksum>
    </file>
    <file>
      <filename>BathSchedule_2bed_unit4.csv</filename>
      <filetype>csv</filetype>
      <usage_type>resource</usage_type>
      <checksum>3C59C918</checksum>
    </file>
    <file>
      <filename>BathSchedule_2bed_unit5.csv</filename>
      <filetype>csv</filetype>
      <usage_type>resource</usage_type>
      <checksum>628FB005</checksum>
    </file>
    <file>
      <filename>BathSchedule_2bed_unit6.csv</filename>
      <filetype>csv</filetype>
      <usage_type>resource</usage_type>
      <checksum>EE852DA8</checksum>
    </file>
    <file>
      <filename>BathSchedule_2bed_unit7.csv</filename>
      <filetype>csv</filetype>
      <usage_type>resource</usage_type>
      <checksum>8F66A0BA</checksum>
    </file>
    <file>
      <filename>BathSchedule_2bed_unit8.csv</filename>
      <filetype>csv</filetype>
      <usage_type>resource</usage_type>
      <checksum>91FD8EF3</checksum>
    </file>
    <file>
      <filename>BathSchedule_2bed_unit9.csv</filename>
      <filetype>csv</filetype>
      <usage_type>resource</usage_type>
      <checksum>29566248</checksum>
    </file>
    <file>
      <filename>BathSchedule_3bed_unit1.csv</filename>
      <filetype>csv</filetype>
      <usage_type>resource</usage_type>
      <checksum>7CEC2664</checksum>
    </file>
    <file>
      <filename>BathSchedule_3bed_unit2.csv</filename>
      <filetype>csv</filetype>
      <usage_type>resource</usage_type>
      <checksum>C607FE5E</checksum>
    </file>
    <file>
      <filename>BathSchedule_3bed_unit3.csv</filename>
      <filetype>csv</filetype>
      <usage_type>resource</usage_type>
      <checksum>5CAD19CB</checksum>
    </file>
    <file>
      <filename>BathSchedule_3bed_unit4.csv</filename>
      <filetype>csv</filetype>
      <usage_type>resource</usage_type>
      <checksum>A9B87106</checksum>
    </file>
    <file>
      <filename>BathSchedule_3bed_unit5.csv</filename>
      <filetype>csv</filetype>
      <usage_type>resource</usage_type>
      <checksum>DE7A8385</checksum>
    </file>
    <file>
      <filename>BathSchedule_3bed_unit6.csv</filename>
      <filetype>csv</filetype>
      <usage_type>resource</usage_type>
      <checksum>A19B74F0</checksum>
    </file>
    <file>
      <filename>BathSchedule_3bed_unit7.csv</filename>
      <filetype>csv</filetype>
      <usage_type>resource</usage_type>
      <checksum>B046AA71</checksum>
    </file>
    <file>
      <filename>BathSchedule_3bed_unit8.csv</filename>
      <filetype>csv</filetype>
      <usage_type>resource</usage_type>
      <checksum>A222E818</checksum>
    </file>
    <file>
      <filename>BathSchedule_3bed_unit9.csv</filename>
      <filetype>csv</filetype>
      <usage_type>resource</usage_type>
      <checksum>62900305</checksum>
    </file>
    <file>
      <filename>BathSchedule_4bed_unit1.csv</filename>
      <filetype>csv</filetype>
      <usage_type>resource</usage_type>
      <checksum>BD915071</checksum>
    </file>
    <file>
      <filename>BathSchedule_4bed_unit2.csv</filename>
      <filetype>csv</filetype>
      <usage_type>resource</usage_type>
      <checksum>6E21A7AC</checksum>
    </file>
    <file>
      <filename>BathSchedule_4bed_unit3.csv</filename>
      <filetype>csv</filetype>
      <usage_type>resource</usage_type>
      <checksum>1C7EDCAE</checksum>
    </file>
    <file>
      <filename>BathSchedule_4bed_unit4.csv</filename>
      <filetype>csv</filetype>
      <usage_type>resource</usage_type>
      <checksum>238FE645</checksum>
    </file>
    <file>
      <filename>BathSchedule_4bed_unit5.csv</filename>
      <filetype>csv</filetype>
      <usage_type>resource</usage_type>
      <checksum>63E5D9C2</checksum>
    </file>
    <file>
      <filename>BathSchedule_4bed_unit6.csv</filename>
      <filetype>csv</filetype>
      <usage_type>resource</usage_type>
      <checksum>62F5EF62</checksum>
    </file>
    <file>
      <filename>BathSchedule_4bed_unit7.csv</filename>
      <filetype>csv</filetype>
      <usage_type>resource</usage_type>
      <checksum>DDAD3D97</checksum>
    </file>
    <file>
      <filename>BathSchedule_4bed_unit8.csv</filename>
      <filetype>csv</filetype>
      <usage_type>resource</usage_type>
      <checksum>84EDD9BD</checksum>
    </file>
    <file>
      <filename>BathSchedule_4bed_unit9.csv</filename>
      <filetype>csv</filetype>
      <usage_type>resource</usage_type>
      <checksum>4FCE6C55</checksum>
    </file>
    <file>
      <filename>BathSchedule_5bed_unit1.csv</filename>
      <filetype>csv</filetype>
      <usage_type>resource</usage_type>
      <checksum>E93557AE</checksum>
    </file>
    <file>
      <filename>BathSchedule_5bed_unit2.csv</filename>
      <filetype>csv</filetype>
      <usage_type>resource</usage_type>
      <checksum>CC64AD0F</checksum>
    </file>
    <file>
      <filename>BathSchedule_5bed_unit3.csv</filename>
      <filetype>csv</filetype>
      <usage_type>resource</usage_type>
      <checksum>92E7FF0E</checksum>
    </file>
    <file>
      <filename>BathSchedule_5bed_unit4.csv</filename>
      <filetype>csv</filetype>
      <usage_type>resource</usage_type>
      <checksum>5E7E69F9</checksum>
    </file>
    <file>
      <filename>BathSchedule_5bed_unit5.csv</filename>
      <filetype>csv</filetype>
      <usage_type>resource</usage_type>
      <checksum>2C442CD8</checksum>
    </file>
    <file>
      <filename>BathSchedule_5bed_unit6.csv</filename>
      <filetype>csv</filetype>
      <usage_type>resource</usage_type>
      <checksum>1704BD83</checksum>
    </file>
    <file>
      <filename>BathSchedule_5bed_unit7.csv</filename>
      <filetype>csv</filetype>
      <usage_type>resource</usage_type>
      <checksum>A3551C14</checksum>
    </file>
    <file>
      <filename>BathSchedule_5bed_unit8.csv</filename>
      <filetype>csv</filetype>
      <usage_type>resource</usage_type>
      <checksum>AC283D74</checksum>
    </file>
    <file>
      <filename>BathSchedule_5bed_unit9.csv</filename>
      <filetype>csv</filetype>
      <usage_type>resource</usage_type>
      <checksum>C64A21E9</checksum>
    </file>
    <file>
      <filename>ShowerSchedule_1bed_unit1.csv</filename>
      <filetype>csv</filetype>
      <usage_type>resource</usage_type>
      <checksum>62FB3F6B</checksum>
    </file>
    <file>
      <filename>ShowerSchedule_1bed_unit2.csv</filename>
      <filetype>csv</filetype>
      <usage_type>resource</usage_type>
      <checksum>B7A5459F</checksum>
    </file>
    <file>
      <filename>ShowerSchedule_1bed_unit3.csv</filename>
      <filetype>csv</filetype>
      <usage_type>resource</usage_type>
      <checksum>273ABFB0</checksum>
    </file>
    <file>
      <filename>ShowerSchedule_1bed_unit4.csv</filename>
      <filetype>csv</filetype>
      <usage_type>resource</usage_type>
      <checksum>8173C128</checksum>
    </file>
    <file>
      <filename>ShowerSchedule_1bed_unit5.csv</filename>
      <filetype>csv</filetype>
      <usage_type>resource</usage_type>
      <checksum>5F73BD3C</checksum>
    </file>
    <file>
      <filename>ShowerSchedule_1bed_unit6.csv</filename>
      <filetype>csv</filetype>
      <usage_type>resource</usage_type>
      <checksum>E7C690FE</checksum>
    </file>
    <file>
      <filename>ShowerSchedule_1bed_unit7.csv</filename>
      <filetype>csv</filetype>
      <usage_type>resource</usage_type>
      <checksum>A6852674</checksum>
    </file>
    <file>
      <filename>ShowerSchedule_1bed_unit8.csv</filename>
      <filetype>csv</filetype>
      <usage_type>resource</usage_type>
      <checksum>03C55A44</checksum>
    </file>
    <file>
      <filename>ShowerSchedule_1bed_unit9.csv</filename>
      <filetype>csv</filetype>
      <usage_type>resource</usage_type>
      <checksum>63D2A399</checksum>
    </file>
    <file>
      <filename>ShowerSchedule_2bed_unit1.csv</filename>
      <filetype>csv</filetype>
      <usage_type>resource</usage_type>
      <checksum>7442A0F8</checksum>
    </file>
    <file>
      <filename>ShowerSchedule_2bed_unit2.csv</filename>
      <filetype>csv</filetype>
      <usage_type>resource</usage_type>
      <checksum>88F932CC</checksum>
    </file>
    <file>
      <filename>ShowerSchedule_2bed_unit3.csv</filename>
      <filetype>csv</filetype>
      <usage_type>resource</usage_type>
      <checksum>F6281928</checksum>
    </file>
    <file>
      <filename>ShowerSchedule_2bed_unit4.csv</filename>
      <filetype>csv</filetype>
      <usage_type>resource</usage_type>
      <checksum>F5FC2894</checksum>
    </file>
    <file>
      <filename>ShowerSchedule_2bed_unit5.csv</filename>
      <filetype>csv</filetype>
      <usage_type>resource</usage_type>
      <checksum>70A095DD</checksum>
    </file>
    <file>
      <filename>ShowerSchedule_2bed_unit6.csv</filename>
      <filetype>csv</filetype>
      <usage_type>resource</usage_type>
      <checksum>F69F6F5C</checksum>
    </file>
    <file>
      <filename>ShowerSchedule_2bed_unit7.csv</filename>
      <filetype>csv</filetype>
      <usage_type>resource</usage_type>
      <checksum>5D108CD0</checksum>
    </file>
    <file>
      <filename>ShowerSchedule_2bed_unit8.csv</filename>
      <filetype>csv</filetype>
      <usage_type>resource</usage_type>
      <checksum>DB244C7D</checksum>
    </file>
    <file>
      <filename>ShowerSchedule_2bed_unit9.csv</filename>
      <filetype>csv</filetype>
      <usage_type>resource</usage_type>
      <checksum>3EA85C84</checksum>
    </file>
    <file>
      <filename>ShowerSchedule_3bed_unit1.csv</filename>
      <filetype>csv</filetype>
      <usage_type>resource</usage_type>
      <checksum>EC45D22E</checksum>
    </file>
    <file>
      <filename>ShowerSchedule_3bed_unit2.csv</filename>
      <filetype>csv</filetype>
      <usage_type>resource</usage_type>
      <checksum>42D901AE</checksum>
    </file>
    <file>
      <filename>ShowerSchedule_3bed_unit3.csv</filename>
      <filetype>csv</filetype>
      <usage_type>resource</usage_type>
      <checksum>BB2A1E0C</checksum>
    </file>
    <file>
      <filename>ShowerSchedule_3bed_unit4.csv</filename>
      <filetype>csv</filetype>
      <usage_type>resource</usage_type>
      <checksum>FED06A5B</checksum>
    </file>
    <file>
      <filename>ShowerSchedule_3bed_unit5.csv</filename>
      <filetype>csv</filetype>
      <usage_type>resource</usage_type>
      <checksum>E38C92E3</checksum>
    </file>
    <file>
      <filename>ShowerSchedule_3bed_unit6.csv</filename>
      <filetype>csv</filetype>
      <usage_type>resource</usage_type>
      <checksum>3B5B43B3</checksum>
    </file>
    <file>
      <filename>ShowerSchedule_3bed_unit7.csv</filename>
      <filetype>csv</filetype>
      <usage_type>resource</usage_type>
      <checksum>6A824AA9</checksum>
    </file>
    <file>
      <filename>ShowerSchedule_3bed_unit8.csv</filename>
      <filetype>csv</filetype>
      <usage_type>resource</usage_type>
      <checksum>AEDD2BA0</checksum>
    </file>
    <file>
      <filename>ShowerSchedule_3bed_unit9.csv</filename>
      <filetype>csv</filetype>
      <usage_type>resource</usage_type>
      <checksum>3E8C2F27</checksum>
    </file>
    <file>
      <filename>ShowerSchedule_4bed_unit1.csv</filename>
      <filetype>csv</filetype>
      <usage_type>resource</usage_type>
      <checksum>EE68DC04</checksum>
    </file>
    <file>
      <filename>ShowerSchedule_4bed_unit2.csv</filename>
      <filetype>csv</filetype>
      <usage_type>resource</usage_type>
      <checksum>D3659CA0</checksum>
    </file>
    <file>
      <filename>ShowerSchedule_4bed_unit3.csv</filename>
      <filetype>csv</filetype>
      <usage_type>resource</usage_type>
      <checksum>184277ED</checksum>
    </file>
    <file>
      <filename>ShowerSchedule_4bed_unit4.csv</filename>
      <filetype>csv</filetype>
      <usage_type>resource</usage_type>
      <checksum>810222CB</checksum>
    </file>
    <file>
      <filename>ShowerSchedule_4bed_unit5.csv</filename>
      <filetype>csv</filetype>
      <usage_type>resource</usage_type>
      <checksum>64EB797C</checksum>
    </file>
    <file>
      <filename>ShowerSchedule_4bed_unit6.csv</filename>
      <filetype>csv</filetype>
      <usage_type>resource</usage_type>
      <checksum>D691916F</checksum>
    </file>
    <file>
      <filename>ShowerSchedule_4bed_unit7.csv</filename>
      <filetype>csv</filetype>
      <usage_type>resource</usage_type>
      <checksum>7EAD2202</checksum>
    </file>
    <file>
      <filename>ShowerSchedule_4bed_unit8.csv</filename>
      <filetype>csv</filetype>
      <usage_type>resource</usage_type>
      <checksum>23D7CA94</checksum>
    </file>
    <file>
      <filename>ShowerSchedule_4bed_unit9.csv</filename>
      <filetype>csv</filetype>
      <usage_type>resource</usage_type>
      <checksum>7309985B</checksum>
    </file>
    <file>
      <filename>ShowerSchedule_5bed_unit1.csv</filename>
      <filetype>csv</filetype>
      <usage_type>resource</usage_type>
      <checksum>D8C53D8B</checksum>
    </file>
    <file>
      <filename>ShowerSchedule_5bed_unit2.csv</filename>
      <filetype>csv</filetype>
      <usage_type>resource</usage_type>
      <checksum>530CA00D</checksum>
    </file>
    <file>
      <filename>ShowerSchedule_5bed_unit3.csv</filename>
      <filetype>csv</filetype>
      <usage_type>resource</usage_type>
      <checksum>92F87B67</checksum>
    </file>
    <file>
      <filename>ShowerSchedule_5bed_unit4.csv</filename>
      <filetype>csv</filetype>
      <usage_type>resource</usage_type>
      <checksum>95738889</checksum>
    </file>
    <file>
      <filename>ShowerSchedule_5bed_unit5.csv</filename>
      <filetype>csv</filetype>
      <usage_type>resource</usage_type>
      <checksum>0AC5A1A2</checksum>
    </file>
    <file>
      <filename>ShowerSchedule_5bed_unit6.csv</filename>
      <filetype>csv</filetype>
      <usage_type>resource</usage_type>
      <checksum>A9D511A3</checksum>
    </file>
    <file>
      <filename>ShowerSchedule_5bed_unit7.csv</filename>
      <filetype>csv</filetype>
      <usage_type>resource</usage_type>
      <checksum>A883D9DF</checksum>
    </file>
    <file>
      <filename>ShowerSchedule_5bed_unit8.csv</filename>
      <filetype>csv</filetype>
      <usage_type>resource</usage_type>
      <checksum>992D4E9D</checksum>
    </file>
    <file>
      <filename>ShowerSchedule_5bed_unit9.csv</filename>
      <filetype>csv</filetype>
      <usage_type>resource</usage_type>
      <checksum>965589D7</checksum>
    </file>
    <file>
      <filename>SinkSchedule_1bed_unit1.csv</filename>
      <filetype>csv</filetype>
      <usage_type>resource</usage_type>
      <checksum>8294D37C</checksum>
    </file>
    <file>
      <filename>SinkSchedule_1bed_unit2.csv</filename>
      <filetype>csv</filetype>
      <usage_type>resource</usage_type>
      <checksum>661BE0F1</checksum>
    </file>
    <file>
      <filename>SinkSchedule_1bed_unit3.csv</filename>
      <filetype>csv</filetype>
      <usage_type>resource</usage_type>
      <checksum>0F9231B3</checksum>
    </file>
    <file>
      <filename>SinkSchedule_1bed_unit4.csv</filename>
      <filetype>csv</filetype>
      <usage_type>resource</usage_type>
      <checksum>823F113A</checksum>
    </file>
    <file>
      <filename>SinkSchedule_1bed_unit5.csv</filename>
      <filetype>csv</filetype>
      <usage_type>resource</usage_type>
      <checksum>C6353DE0</checksum>
    </file>
    <file>
      <filename>SinkSchedule_1bed_unit6.csv</filename>
      <filetype>csv</filetype>
      <usage_type>resource</usage_type>
      <checksum>C09B9445</checksum>
    </file>
    <file>
      <filename>SinkSchedule_1bed_unit7.csv</filename>
      <filetype>csv</filetype>
      <usage_type>resource</usage_type>
      <checksum>2724B43C</checksum>
    </file>
    <file>
      <filename>SinkSchedule_1bed_unit8.csv</filename>
      <filetype>csv</filetype>
      <usage_type>resource</usage_type>
      <checksum>EC557449</checksum>
    </file>
    <file>
      <filename>SinkSchedule_1bed_unit9.csv</filename>
      <filetype>csv</filetype>
      <usage_type>resource</usage_type>
      <checksum>06D9BFD4</checksum>
    </file>
    <file>
      <filename>SinkSchedule_2bed_unit1.csv</filename>
      <filetype>csv</filetype>
      <usage_type>resource</usage_type>
      <checksum>7825AC6A</checksum>
    </file>
    <file>
      <filename>SinkSchedule_2bed_unit2.csv</filename>
      <filetype>csv</filetype>
      <usage_type>resource</usage_type>
      <checksum>A0552218</checksum>
    </file>
    <file>
      <filename>SinkSchedule_2bed_unit3.csv</filename>
      <filetype>csv</filetype>
      <usage_type>resource</usage_type>
      <checksum>F5BB4690</checksum>
    </file>
    <file>
      <filename>SinkSchedule_2bed_unit4.csv</filename>
      <filetype>csv</filetype>
      <usage_type>resource</usage_type>
      <checksum>5491D665</checksum>
    </file>
    <file>
      <filename>SinkSchedule_2bed_unit5.csv</filename>
      <filetype>csv</filetype>
      <usage_type>resource</usage_type>
      <checksum>FC15CB7F</checksum>
    </file>
    <file>
      <filename>SinkSchedule_2bed_unit6.csv</filename>
      <filetype>csv</filetype>
      <usage_type>resource</usage_type>
      <checksum>C17FCB67</checksum>
    </file>
    <file>
      <filename>SinkSchedule_2bed_unit7.csv</filename>
      <filetype>csv</filetype>
      <usage_type>resource</usage_type>
      <checksum>381CEAF1</checksum>
    </file>
    <file>
      <filename>SinkSchedule_2bed_unit8.csv</filename>
      <filetype>csv</filetype>
      <usage_type>resource</usage_type>
      <checksum>E7DFC485</checksum>
    </file>
    <file>
      <filename>SinkSchedule_2bed_unit9.csv</filename>
      <filetype>csv</filetype>
      <usage_type>resource</usage_type>
      <checksum>317B126C</checksum>
    </file>
    <file>
      <filename>SinkSchedule_3bed_unit1.csv</filename>
      <filetype>csv</filetype>
      <usage_type>resource</usage_type>
      <checksum>05C2F29E</checksum>
    </file>
    <file>
      <filename>SinkSchedule_3bed_unit2.csv</filename>
      <filetype>csv</filetype>
      <usage_type>resource</usage_type>
      <checksum>21413162</checksum>
    </file>
    <file>
      <filename>SinkSchedule_3bed_unit3.csv</filename>
      <filetype>csv</filetype>
      <usage_type>resource</usage_type>
      <checksum>E81312D3</checksum>
    </file>
    <file>
      <filename>SinkSchedule_3bed_unit4.csv</filename>
      <filetype>csv</filetype>
      <usage_type>resource</usage_type>
      <checksum>82EC7235</checksum>
    </file>
    <file>
      <filename>SinkSchedule_3bed_unit5.csv</filename>
      <filetype>csv</filetype>
      <usage_type>resource</usage_type>
      <checksum>3515635D</checksum>
    </file>
    <file>
      <filename>SinkSchedule_3bed_unit6.csv</filename>
      <filetype>csv</filetype>
      <usage_type>resource</usage_type>
      <checksum>7801D677</checksum>
    </file>
    <file>
      <filename>SinkSchedule_3bed_unit7.csv</filename>
      <filetype>csv</filetype>
      <usage_type>resource</usage_type>
      <checksum>14A4F18D</checksum>
    </file>
    <file>
      <filename>SinkSchedule_3bed_unit8.csv</filename>
      <filetype>csv</filetype>
      <usage_type>resource</usage_type>
      <checksum>CF39FD62</checksum>
    </file>
    <file>
      <filename>SinkSchedule_3bed_unit9.csv</filename>
      <filetype>csv</filetype>
      <usage_type>resource</usage_type>
      <checksum>497EE532</checksum>
    </file>
    <file>
      <filename>SinkSchedule_4bed_unit1.csv</filename>
      <filetype>csv</filetype>
      <usage_type>resource</usage_type>
      <checksum>B0FB9BBC</checksum>
    </file>
    <file>
      <filename>SinkSchedule_4bed_unit2.csv</filename>
      <filetype>csv</filetype>
      <usage_type>resource</usage_type>
      <checksum>8BC476CE</checksum>
    </file>
    <file>
      <filename>SinkSchedule_4bed_unit3.csv</filename>
      <filetype>csv</filetype>
      <usage_type>resource</usage_type>
      <checksum>08EE3D6E</checksum>
    </file>
    <file>
      <filename>SinkSchedule_4bed_unit4.csv</filename>
      <filetype>csv</filetype>
      <usage_type>resource</usage_type>
      <checksum>41ECA199</checksum>
    </file>
    <file>
      <filename>SinkSchedule_4bed_unit5.csv</filename>
      <filetype>csv</filetype>
      <usage_type>resource</usage_type>
      <checksum>F0324A73</checksum>
    </file>
    <file>
      <filename>SinkSchedule_4bed_unit6.csv</filename>
      <filetype>csv</filetype>
      <usage_type>resource</usage_type>
      <checksum>1E8784F6</checksum>
    </file>
    <file>
      <filename>SinkSchedule_4bed_unit7.csv</filename>
      <filetype>csv</filetype>
      <usage_type>resource</usage_type>
      <checksum>7FCF78DC</checksum>
    </file>
    <file>
      <filename>SinkSchedule_4bed_unit8.csv</filename>
      <filetype>csv</filetype>
      <usage_type>resource</usage_type>
      <checksum>495034DB</checksum>
    </file>
    <file>
      <filename>SinkSchedule_4bed_unit9.csv</filename>
      <filetype>csv</filetype>
      <usage_type>resource</usage_type>
      <checksum>0CE30308</checksum>
    </file>
    <file>
      <filename>SinkSchedule_5bed_unit1.csv</filename>
      <filetype>csv</filetype>
      <usage_type>resource</usage_type>
      <checksum>191E68EE</checksum>
    </file>
    <file>
      <filename>SinkSchedule_5bed_unit2.csv</filename>
      <filetype>csv</filetype>
      <usage_type>resource</usage_type>
      <checksum>00103212</checksum>
    </file>
    <file>
      <filename>SinkSchedule_5bed_unit3.csv</filename>
      <filetype>csv</filetype>
      <usage_type>resource</usage_type>
      <checksum>11A05CC1</checksum>
    </file>
    <file>
      <filename>SinkSchedule_5bed_unit4.csv</filename>
      <filetype>csv</filetype>
      <usage_type>resource</usage_type>
      <checksum>490CBFEA</checksum>
    </file>
    <file>
      <filename>SinkSchedule_5bed_unit5.csv</filename>
      <filetype>csv</filetype>
      <usage_type>resource</usage_type>
      <checksum>F8FBCA23</checksum>
    </file>
    <file>
      <filename>SinkSchedule_5bed_unit6.csv</filename>
      <filetype>csv</filetype>
      <usage_type>resource</usage_type>
      <checksum>1885BE93</checksum>
    </file>
    <file>
      <filename>SinkSchedule_5bed_unit7.csv</filename>
      <filetype>csv</filetype>
      <usage_type>resource</usage_type>
      <checksum>8EC92BCF</checksum>
    </file>
    <file>
      <filename>SinkSchedule_5bed_unit8.csv</filename>
      <filetype>csv</filetype>
      <usage_type>resource</usage_type>
      <checksum>229D0E52</checksum>
    </file>
    <file>
      <filename>SinkSchedule_5bed_unit9.csv</filename>
      <filetype>csv</filetype>
      <usage_type>resource</usage_type>
      <checksum>75FAFE79</checksum>
    </file>
    <file>
      <filename>USA_CO_Denver_Intl_AP_725650_TMY3.ddy</filename>
      <filetype>ddy</filetype>
      <usage_type>test</usage_type>
      <checksum>FB253570</checksum>
    </file>
    <file>
      <filename>USA_CO_Denver_Intl_AP_725650_TMY3.epw</filename>
      <filetype>epw</filetype>
      <usage_type>test</usage_type>
      <checksum>E23378AA</checksum>
    </file>
    <file>
      <filename>psychrometrics.rb</filename>
      <filetype>rb</filetype>
      <usage_type>resource</usage_type>
      <checksum>3C131B97</checksum>
    </file>
    <file>
      <filename>schedules.rb</filename>
      <filetype>rb</filetype>
      <usage_type>resource</usage_type>
      <checksum>E4C6BC93</checksum>
    </file>
    <file>
      <filename>waterheater.rb</filename>
      <filetype>rb</filetype>
      <usage_type>resource</usage_type>
      <checksum>B9EE062E</checksum>
    </file>
    <file>
      <filename>unit_conversions.rb</filename>
      <filetype>rb</filetype>
      <usage_type>resource</usage_type>
      <checksum>6BA22437</checksum>
    </file>
    <file>
      <filename>geometry.rb</filename>
      <filetype>rb</filetype>
      <usage_type>resource</usage_type>
      <checksum>20190C86</checksum>
    </file>
    <file>
      <filename>util.rb</filename>
      <filetype>rb</filetype>
      <usage_type>resource</usage_type>
      <checksum>64BC6389</checksum>
    </file>
    <file>
      <filename>constants.rb</filename>
      <filetype>rb</filetype>
      <usage_type>resource</usage_type>
      <checksum>B34275B6</checksum>
    </file>
    <file>
      <filename>SFD_2000sqft_2story_FB_GRG_UA.osm</filename>
      <filetype>osm</filetype>
      <usage_type>test</usage_type>
      <checksum>4A4369FC</checksum>
    </file>
    <file>
      <filename>SFD_2000sqft_2story_FB_GRG_UA_3Beds_2Baths_Denver_ElecWHTank_HWFixtures.osm</filename>
      <filetype>osm</filetype>
      <usage_type>test</usage_type>
      <checksum>F9D3459E</checksum>
    </file>
    <file>
      <filename>SFD_2000sqft_2story_FB_GRG_UA_Denver.osm</filename>
      <filetype>osm</filetype>
      <usage_type>test</usage_type>
      <checksum>61F3EB13</checksum>
    </file>
    <file>
      <filename>MF_8units_1story_SL_3Beds_2Baths_Denver_ElecWHTank_HWFixtures.osm</filename>
      <filetype>osm</filetype>
      <usage_type>test</usage_type>
      <checksum>88C62DAF</checksum>
    </file>
    <file>
      <filename>SFA_4units_1story_FB_UA_3Beds_2Baths_Denver_ElecWHTank_HWFixtures.osm</filename>
      <filetype>osm</filetype>
      <usage_type>test</usage_type>
      <checksum>376CAC72</checksum>
    </file>
    <file>
      <filename>SFD_2000sqft_2story_FB_GRG_UA_3Beds_2Baths_Denver.osm</filename>
      <filetype>osm</filetype>
      <usage_type>test</usage_type>
      <checksum>AE29A5F8</checksum>
    </file>
    <file>
      <filename>SFD_2000sqft_2story_FB_GRG_UA_3Beds_2Baths_Denver_ElecWHTank.osm</filename>
      <filetype>osm</filetype>
      <usage_type>test</usage_type>
      <checksum>ADB2C537</checksum>
    </file>
    <file>
      <filename>ResidentialHotWaterDistribution_Test.rb</filename>
      <filetype>rb</filetype>
      <usage_type>test</usage_type>
      <checksum>E178D04C</checksum>
    </file>
    <file>
      <version>
        <software_program>OpenStudio</software_program>
        <identifier>1.4.1</identifier>
        <min_compatible>2.0.4</min_compatible>
      </version>
      <filename>measure.rb</filename>
      <filetype>rb</filetype>
      <usage_type>script</usage_type>
      <checksum>CD31AF8B</checksum>
    </file>
    <file>
      <filename>weather.rb</filename>
      <filetype>rb</filetype>
      <usage_type>resource</usage_type>
      <checksum>8F96C373</checksum>
    </file>
  </files>
</measure>
