{"items":[{"label":"539fc1dcec4f024c27d8ab6f","uri":"https://openei.org/apps/USURDB/rate/view/539fc1dcec4f024c27d8ab6f","approved":true,"basicinformationcomments":"Fixed monthly charge= Customer Charge ($30.00 per month) + 36 month surcharge ($3.66 per month)","demandrateunit":"kW","startdate":1274832000,"eiaid":10375,"energycomments":"(Period 1: Summer, Period 2: Winter, Period 3: Shoulder)\r\nEnergy Charge= Operations Charge (Adj = Wholesale Power Charge)","energyratestructure":[[{"max":1000,"unit":"kWh","rate":0.0245,"adj":0.0525},{"unit":"kWh","rate":0.03,"adj":0.0525}],[{"max":1000,"unit":"kWh","rate":0.0245,"adj":0.0525},{"unit":"kWh","rate":0.013,"adj":0.0525}],[{"max":1000,"unit":"kWh","rate":0.0245,"adj":0.0525},{"unit":"kWh","rate":0.019,"adj":0.0525}]],"energyweekdayschedule":[[1,1,1,1,1,1,1,1,1,1,1,1,1,1,1,1,1,1,1,1,1,1,1,1],[1,1,1,1,1,1,1,1,1,1,1,1,1,1,1,1,1,1,1,1,1,1,1,1],[2,2,2,2,2,2,2,2,2,2,2,2,2,2,2,2,2,2,2,2,2,2,2,2],[2,2,2,2,2,2,2,2,2,2,2,2,2,2,2,2,2,2,2,2,2,2,2,2],[2,2,2,2,2,2,2,2,2,2,2,2,2,2,2,2,2,2,2,2,2,2,2,2],[0,0,0,0,0,0,0,0,0,0,0,0,0,0,0,0,0,0,0,0,0,0,0,0],[0,0,0,0,0,0,0,0,0,0,0,0,0,0,0,0,0,0,0,0,0,0,0,0],[0,0,0,0,0,0,0,0,0,0,0,0,0,0,0,0,0,0,0,0,0,0,0,0],[2,2,2,2,2,2,2,2,2,2,2,2,2,2,2,2,2,2,2,2,2,2,2,2],[2,2,2,2,2,2,2,2,2,2,2,2,2,2,2,2,2,2,2,2,2,2,2,2],[2,2,2,2,2,2,2,2,2,2,2,2,2,2,2,2,2,2,2,2,2,2,2,2],[1,1,1,1,1,1,1,1,1,1,1,1,1,1,1,1,1,1,1,1,1,1,1,1]],"energyweekendschedule":[[1,1,1,1,1,1,1,1,1,1,1,1,1,1,1,1,1,1,1,1,1,1,1,1],[1,1,1,1,1,1,1,1,1,1,1,1,1,1,1,1,1,1,1,1,1,1,1,1],[2,2,2,2,2,2,2,2,2,2,2,2,2,2,2,2,2,2,2,2,2,2,2,2],[2,2,2,2,2,2,2,2,2,2,2,2,2,2,2,2,2,2,2,2,2,2,2,2],[2,2,2,2,2,2,2,2,2,2,2,2,2,2,2,2,2,2,2,2,2,2,2,2],[0,0,0,0,0,0,0,0,0,0,0,0,0,0,0,0,0,0,0,0,0,0,0,0],[0,0,0,0,0,0,0,0,0,0,0,0,0,0,0,0,0,0,0,0,0,0,0,0],[0,0,0,0,0,0,0,0,0,0,0,0,0,0,0,0,0,0,0,0,0,0,0,0],[2,2,2,2,2,2,2,2,2,2,2,2,2,2,2,2,2,2,2,2,2,2,2,2],[2,2,2,2,2,2,2,2,2,2,2,2,2,2,2,2,2,2,2,2,2,2,2,2],[2,2,2,2,2,2,2,2,2,2,2,2,2,2,2,2,2,2,2,2,2,2,2,2],[1,1,1,1,1,1,1,1,1,1,1,1,1,1,1,1,1,1,1,1,1,1,1,1]],"flatdemandunit":"kW","name":"Residential and Farm & Home Service (Rate 101)","revisions":[1337698296,1337698359,1337699046,1354936697,1360173745,1360174077,1371136456,1371476136,1377529909,1403017839,1405676425,1427405195],"sector":"Residential","source":"http://www.kiwash.coop/productsServices/res_electric_rates.htm","utility":"Kiwash Electric Coop, Inc","fixedmonthlycharge":33.66}]}