{"items":[{"label":"5761a5ee5457a37d45ba0c11","uri":"https://openei.org/apps/USURDB/rate/view/5761a5ee5457a37d45ba0c11","revisions":[1465995662,1465996651,1467718571],"approved":false,"utility":"Long Island Power Authority","eiaid":11171,"name":"180/183/186 (Residential Service)","startdate":1464739200,"supersedes":"539f74b2ec4f024411ed0b69","sector":"Residential","description":"A Customer who will use the service for residential purposes or as specified in Section 76 of the Public Service Law, for religious purposes, a Community Residence, or a post or hall owned or leased by a not-for-profit corporation that is a Veterans' Organization","source":"http://www.lipower.org/pdfs/company/tariff/lipatariff.pdf\r\nhttp://lipower.org/papers/tariff.html","voltageminimum":120,"voltagemaximum":240,"voltagecategory":"Secondary","phasewiring":"Single and 3-Phase","demandrateunit":"kW","energyratestructure":[[{"max":250,"unit":"kWh","rate":0.0883,"adj":0.116281},{"unit":"kWh","rate":0.0883,"adj":0.116281}],[{"max":250,"unit":"kWh","rate":0.0883,"adj":0.116281},{"unit":"kWh","rate":0.1017,"adj":0.116281}]],"energyweekdayschedule":[[0,0,0,0,0,0,0,0,0,0,0,0,0,0,0,0,0,0,0,0,0,0,0,0],[0,0,0,0,0,0,0,0,0,0,0,0,0,0,0,0,0,0,0,0,0,0,0,0],[0,0,0,0,0,0,0,0,0,0,0,0,0,0,0,0,0,0,0,0,0,0,0,0],[0,0,0,0,0,0,0,0,0,0,0,0,0,0,0,0,0,0,0,0,0,0,0,0],[0,0,0,0,0,0,0,0,0,0,0,0,0,0,0,0,0,0,0,0,0,0,0,0],[1,1,1,1,1,1,1,1,1,1,1,1,1,1,1,1,1,1,1,1,1,1,1,1],[1,1,1,1,1,1,1,1,1,1,1,1,1,1,1,1,1,1,1,1,1,1,1,1],[1,1,1,1,1,1,1,1,1,1,1,1,1,1,1,1,1,1,1,1,1,1,1,1],[1,1,1,1,1,1,1,1,1,1,1,1,1,1,1,1,1,1,1,1,1,1,1,1],[0,0,0,0,0,0,0,0,0,0,0,0,0,0,0,0,0,0,0,0,0,0,0,0],[0,0,0,0,0,0,0,0,0,0,0,0,0,0,0,0,0,0,0,0,0,0,0,0],[0,0,0,0,0,0,0,0,0,0,0,0,0,0,0,0,0,0,0,0,0,0,0,0]],"energyweekendschedule":[[0,0,0,0,0,0,0,0,0,0,0,0,0,0,0,0,0,0,0,0,0,0,0,0],[0,0,0,0,0,0,0,0,0,0,0,0,0,0,0,0,0,0,0,0,0,0,0,0],[0,0,0,0,0,0,0,0,0,0,0,0,0,0,0,0,0,0,0,0,0,0,0,0],[0,0,0,0,0,0,0,0,0,0,0,0,0,0,0,0,0,0,0,0,0,0,0,0],[0,0,0,0,0,0,0,0,0,0,0,0,0,0,0,0,0,0,0,0,0,0,0,0],[1,1,1,1,1,1,1,1,1,1,1,1,1,1,1,1,1,1,1,1,1,1,1,1],[1,1,1,1,1,1,1,1,1,1,1,1,1,1,1,1,1,1,1,1,1,1,1,1],[1,1,1,1,1,1,1,1,1,1,1,1,1,1,1,1,1,1,1,1,1,1,1,1],[1,1,1,1,1,1,1,1,1,1,1,1,1,1,1,1,1,1,1,1,1,1,1,1],[0,0,0,0,0,0,0,0,0,0,0,0,0,0,0,0,0,0,0,0,0,0,0,0],[0,0,0,0,0,0,0,0,0,0,0,0,0,0,0,0,0,0,0,0,0,0,0,0],[0,0,0,0,0,0,0,0,0,0,0,0,0,0,0,0,0,0,0,0,0,0,0,0]],"energycomments":"Adjustments = sum(Energy Price, Market Energy Prices, Fuel and Purchased Power Cost Adjustment, Distributed Energy Resources Cost Recovery Rate, Visual Benefits Assessment, Securitization Offset Charge, Delivery Service Adjustment, Revenue Decoupling Mechanism, \r\nNew York State Assessment Factor, Energy Markey Prices)","fixedattrs":[{"Daily Charge":"$0.36"}]}]}