{"items":[{"label":"539f6aadec4f024411ec9323","uri":"https://openei.org/apps/USURDB/rate/view/539fc8acec4f024d2f53e94e","revisions":[1400248891,1400248990,1406628026,1427405195,1497969810],"approved":true,"utility":"City of Longmont, Colorado (Utility Company)","eiaid":11187,"name":"Residential Demand Rate","startdate":1388538000,"enddate":1483146000,"supersedes":"539fc8acec4f024d2f53e94e","sector":"Residential","description":"The Residential Demand Rate (RD) shall be available to all residential meters for all\r\ndomestic use in single-family dwellings and individually metered multi-family dwelling\r\nunits using electricity as either the primary or secondary source of space heating.\r\n\r\nThis rate is also available as an option to customers served on the (RE) rate schedule\r\nwhose annual energy usage exceeds 15,000 kWh. Such option shall be exercised in\r\nwriting to LPC advising of the customer's intent to take advantage of this rate. This\r\nelection shall be effective for a minimum of twelve (12) consecutive months.","source":"http://www.ci.longmont.co.us/lpc/gen/rate_study/documents/Electric_BroadbandRatesandRegs2014.pdf","sourceparent":"http://www.ci.longmont.co.us/LPC/gen/rate_study/index.htm","peakkwhusagemin":15000,"peakkwhusagehistory":"12","flatdemandunit":"kW","flatdemandstructure":[[{"rate":5.75}]],"flatdemandmonths":[0,0,0,0,0,0,0,0,0,0,0,0],"demandrateunit":"kW","energyratestructure":[[{"unit":"kWh","rate":0.0431}]],"energyweekdayschedule":[[0,0,0,0,0,0,0,0,0,0,0,0,0,0,0,0,0,0,0,0,0,0,0,0],[0,0,0,0,0,0,0,0,0,0,0,0,0,0,0,0,0,0,0,0,0,0,0,0],[0,0,0,0,0,0,0,0,0,0,0,0,0,0,0,0,0,0,0,0,0,0,0,0],[0,0,0,0,0,0,0,0,0,0,0,0,0,0,0,0,0,0,0,0,0,0,0,0],[0,0,0,0,0,0,0,0,0,0,0,0,0,0,0,0,0,0,0,0,0,0,0,0],[0,0,0,0,0,0,0,0,0,0,0,0,0,0,0,0,0,0,0,0,0,0,0,0],[0,0,0,0,0,0,0,0,0,0,0,0,0,0,0,0,0,0,0,0,0,0,0,0],[0,0,0,0,0,0,0,0,0,0,0,0,0,0,0,0,0,0,0,0,0,0,0,0],[0,0,0,0,0,0,0,0,0,0,0,0,0,0,0,0,0,0,0,0,0,0,0,0],[0,0,0,0,0,0,0,0,0,0,0,0,0,0,0,0,0,0,0,0,0,0,0,0],[0,0,0,0,0,0,0,0,0,0,0,0,0,0,0,0,0,0,0,0,0,0,0,0],[0,0,0,0,0,0,0,0,0,0,0,0,0,0,0,0,0,0,0,0,0,0,0,0]],"energyweekendschedule":[[0,0,0,0,0,0,0,0,0,0,0,0,0,0,0,0,0,0,0,0,0,0,0,0],[0,0,0,0,0,0,0,0,0,0,0,0,0,0,0,0,0,0,0,0,0,0,0,0],[0,0,0,0,0,0,0,0,0,0,0,0,0,0,0,0,0,0,0,0,0,0,0,0],[0,0,0,0,0,0,0,0,0,0,0,0,0,0,0,0,0,0,0,0,0,0,0,0],[0,0,0,0,0,0,0,0,0,0,0,0,0,0,0,0,0,0,0,0,0,0,0,0],[0,0,0,0,0,0,0,0,0,0,0,0,0,0,0,0,0,0,0,0,0,0,0,0],[0,0,0,0,0,0,0,0,0,0,0,0,0,0,0,0,0,0,0,0,0,0,0,0],[0,0,0,0,0,0,0,0,0,0,0,0,0,0,0,0,0,0,0,0,0,0,0,0],[0,0,0,0,0,0,0,0,0,0,0,0,0,0,0,0,0,0,0,0,0,0,0,0],[0,0,0,0,0,0,0,0,0,0,0,0,0,0,0,0,0,0,0,0,0,0,0,0],[0,0,0,0,0,0,0,0,0,0,0,0,0,0,0,0,0,0,0,0,0,0,0,0],[0,0,0,0,0,0,0,0,0,0,0,0,0,0,0,0,0,0,0,0,0,0,0,0]],"fixedmonthlycharge":15.4}]}