{"items":[{"label":"5565d9a55457a3241c084541","uri":"https://openei.org/apps/USURDB/rate/view/5565d9a55457a3241c084541","revisions":[1432716613,1432717140,1432720278],"approved":true,"utility":"Madison Gas & Electric Co","eiaid":11479,"name":"TOD Residential Time of Day","startdate":1420074000,"supersedes":"539f6d6dec4f024411ecb58d","sector":"Residential","description":"This rate is mandatory for nonfarm, single-family, residential units with average daily usage of 130 kWh per day or more during the summer billing season. This rate is optional for all other residential customers.","source":"https://www.mge.com/images/PDF/Electric/Rates/ElecRates.pdf","sourceparent":"https://www.mge.com","flatdemandunit":"kW","demandrateunit":"kW","energyratestructure":[[{"unit":"kWh","rate":0.2854}],[{"unit":"kWh","rate":0.23573}],[{"unit":"kWh","rate":0.22188}],[{"unit":"kWh","rate":0.23573}],[{"unit":"kWh","rate":0.07552}]],"energyweekdayschedule":[[4,4,4,4,4,4,4,4,4,4,3,3,3,1,1,1,1,1,3,3,3,4,4,4],[4,4,4,4,4,4,4,4,4,4,3,3,3,1,1,1,1,1,3,3,3,4,4,4],[4,4,4,4,4,4,4,4,4,4,3,3,3,1,1,1,1,1,3,3,3,4,4,4],[4,4,4,4,4,4,4,4,4,4,3,3,3,1,1,1,1,1,3,3,3,4,4,4],[4,4,4,4,4,4,4,4,4,4,3,3,3,1,1,1,1,1,3,3,3,4,4,4],[4,4,4,4,4,4,4,4,4,4,2,2,2,0,0,0,0,0,2,2,2,4,4,4],[4,4,4,4,4,4,4,4,4,4,2,2,2,0,0,0,0,0,2,2,2,4,4,4],[4,4,4,4,4,4,4,4,4,4,2,2,2,0,0,0,0,0,2,2,2,4,4,4],[4,4,4,4,4,4,4,4,4,4,2,2,2,0,0,0,0,0,2,2,2,4,4,4],[4,4,4,4,4,4,4,4,4,4,3,3,3,1,1,1,1,1,3,3,3,4,4,4],[4,4,4,4,4,4,4,4,4,4,3,3,3,1,1,1,1,1,3,3,3,4,4,4],[4,4,4,4,4,4,4,4,4,4,3,3,3,1,1,1,1,1,3,3,3,4,4,4]],"energyweekendschedule":[[4,4,4,4,4,4,4,4,4,4,4,4,4,4,4,4,4,4,4,4,4,4,4,4],[4,4,4,4,4,4,4,4,4,4,4,4,4,4,4,4,4,4,4,4,4,4,4,4],[4,4,4,4,4,4,4,4,4,4,4,4,4,4,4,4,4,4,4,4,4,4,4,4],[4,4,4,4,4,4,4,4,4,4,4,4,4,4,4,4,4,4,4,4,4,4,4,4],[4,4,4,4,4,4,4,4,4,4,4,4,4,4,4,4,4,4,4,4,4,4,4,4],[4,4,4,4,4,4,4,4,4,4,4,4,4,4,4,4,4,4,4,4,4,4,4,4],[4,4,4,4,4,4,4,4,4,4,4,4,4,4,4,4,4,4,4,4,4,4,4,4],[4,4,4,4,4,4,4,4,4,4,4,4,4,4,4,4,4,4,4,4,4,4,4,4],[4,4,4,4,4,4,4,4,4,4,4,4,4,4,4,4,4,4,4,4,4,4,4,4],[4,4,4,4,4,4,4,4,4,4,4,4,4,4,4,4,4,4,4,4,4,4,4,4],[4,4,4,4,4,4,4,4,4,4,4,4,4,4,4,4,4,4,4,4,4,4,4,4],[4,4,4,4,4,4,4,4,4,4,4,4,4,4,4,4,4,4,4,4,4,4,4,4]],"energycomments":"Customer charge is determined by the daily service charge: $0.62466*365.25=$228.157065/12 months=$19.01308875","fixedmonthlycharge":19.01308875}]}