{"items":[{"label":"5775533a5457a3c57bff4c81","uri":"https://openei.org/apps/USURDB/rate/view/5775533a5457a3c57bff4c81","revisions":[1467285210,1467285278,1504714364],"approved":false,"utility":"Massachusetts Electric Co","eiaid":11804,"name":"R-4 Residential Time-of-Use","startdate":1462060800,"enddate":1501459200,"supersedes":"54f8b8415357a3454a4ae816","sector":"Residential","description":"Electric delivery service under this rate is available for all domestic purposes in an individual private dwelling or an individual apartment and for church and farm purposes.","source":"http://www.nationalgridus.com/masselectric/home/rates/4_tou.asp\r\nhttps://www9.nationalgridus.com/non_html/meco.pdf\r\n\r\nhttp://www.nationalgridus.com/masselectric/non_html/MA_Residential_Table.pdf","sourceparent":"https://www.nationalgridus.com/masselectric/home/rates/4_default.asp","flatdemandunit":"kW","demandrateunit":"kW","energyratestructure":[[{"unit":"kWh","rate":0.08042,"adj":0.06014}],[{"unit":"kWh","rate":0.08042,"adj":0.12076}]],"energyweekdayschedule":[[0,0,0,0,0,0,0,0,1,1,1,1,1,1,1,1,1,1,1,1,1,0,0,0],[0,0,0,0,0,0,0,0,1,1,1,1,1,1,1,1,1,1,1,1,1,0,0,0],[0,0,0,0,0,0,0,0,1,1,1,1,1,1,1,1,1,1,1,1,1,0,0,0],[0,0,0,0,0,0,0,0,1,1,1,1,1,1,1,1,1,1,1,1,1,0,0,0],[0,0,0,0,0,0,0,0,1,1,1,1,1,1,1,1,1,1,1,1,1,0,0,0],[0,0,0,0,0,0,0,0,1,1,1,1,1,1,1,1,1,1,1,1,1,0,0,0],[0,0,0,0,0,0,0,0,1,1,1,1,1,1,1,1,1,1,1,1,1,0,0,0],[0,0,0,0,0,0,0,0,1,1,1,1,1,1,1,1,1,1,1,1,1,0,0,0],[0,0,0,0,0,0,0,0,1,1,1,1,1,1,1,1,1,1,1,1,1,0,0,0],[0,0,0,0,0,0,0,0,1,1,1,1,1,1,1,1,1,1,1,1,1,0,0,0],[0,0,0,0,0,0,0,0,1,1,1,1,1,1,1,1,1,1,1,1,1,0,0,0],[0,0,0,0,0,0,0,0,1,1,1,1,1,1,1,1,1,1,1,1,1,0,0,0]],"energyweekendschedule":[[0,0,0,0,0,0,0,0,0,0,0,0,0,0,0,0,0,0,0,0,0,0,0,0],[0,0,0,0,0,0,0,0,0,0,0,0,0,0,0,0,0,0,0,0,0,0,0,0],[0,0,0,0,0,0,0,0,0,0,0,0,0,0,0,0,0,0,0,0,0,0,0,0],[0,0,0,0,0,0,0,0,0,0,0,0,0,0,0,0,0,0,0,0,0,0,0,0],[0,0,0,0,0,0,0,0,0,0,0,0,0,0,0,0,0,0,0,0,0,0,0,0],[0,0,0,0,0,0,0,0,0,0,0,0,0,0,0,0,0,0,0,0,0,0,0,0],[0,0,0,0,0,0,0,0,0,0,0,0,0,0,0,0,0,0,0,0,0,0,0,0],[0,0,0,0,0,0,0,0,0,0,0,0,0,0,0,0,0,0,0,0,0,0,0,0],[0,0,0,0,0,0,0,0,0,0,0,0,0,0,0,0,0,0,0,0,0,0,0,0],[0,0,0,0,0,0,0,0,0,0,0,0,0,0,0,0,0,0,0,0,0,0,0,0],[0,0,0,0,0,0,0,0,0,0,0,0,0,0,0,0,0,0,0,0,0,0,0,0],[0,0,0,0,0,0,0,0,0,0,0,0,0,0,0,0,0,0,0,0,0,0,0,0]],"energycomments":"Rate = Basic Service Rate | Adjustments = Base Distribution Charge + Basic Service Ajustmnet + Residential Assist Adj. + Storm Replenishment Adj. + Pension PBOP Adj. + Revenue Decoupling Mechanism + Solar Cost Adj. + Smart Grid Distribution Adj. + Renewable Energy Recover + Base Transition Charge + Transition Charge Adj. + Energy Efficiency Recon. Factor + Energy Efficiency Charge + Renewables Charge + Transmission Charge Adj.","fixedmonthlycharge":20.87}]}