{"items":[{"label":"57acdba35457a3b555c2daa4","uri":"https://openei.org/apps/USURDB/rate/view/57acdba35457a3b555c2daa4","revisions":[1470924611,1470924883,1496160094],"approved":false,"utility":"Maui Electric Co Ltd","eiaid":11843,"name":"Molokai-SCHEDULE \"R\" Residential Service-Single Phase","startdate":1464739200,"enddate":1493510400,"supersedes":"557b3adc5457a3031b8ba379","sector":"Residential","description":"Minimum Charge: $18.00","source":"http://www.mauielectric.com/vcmcontent/FileScan/PDF/EnergyServices/Tarrifs/MECO/MolokaiRatesSchR.pdf","sourceparent":"https://www.mauielectric.com/my-account/rates-and-regulations/maui-electric-rates---molokai","voltagecategory":"Secondary","phasewiring":"Single Phase","flatdemandunit":"kW","demandrateunit":"kW","energyratestructure":[[{"max":250,"unit":"kWh","rate":0.114278,"adj":0.269432},{"max":750,"unit":"kWh","rate":0.140778,"adj":0.269432},{"unit":"kWh","rate":0.152278,"adj":0.269432}]],"energyweekdayschedule":[[0,0,0,0,0,0,0,0,0,0,0,0,0,0,0,0,0,0,0,0,0,0,0,0],[0,0,0,0,0,0,0,0,0,0,0,0,0,0,0,0,0,0,0,0,0,0,0,0],[0,0,0,0,0,0,0,0,0,0,0,0,0,0,0,0,0,0,0,0,0,0,0,0],[0,0,0,0,0,0,0,0,0,0,0,0,0,0,0,0,0,0,0,0,0,0,0,0],[0,0,0,0,0,0,0,0,0,0,0,0,0,0,0,0,0,0,0,0,0,0,0,0],[0,0,0,0,0,0,0,0,0,0,0,0,0,0,0,0,0,0,0,0,0,0,0,0],[0,0,0,0,0,0,0,0,0,0,0,0,0,0,0,0,0,0,0,0,0,0,0,0],[0,0,0,0,0,0,0,0,0,0,0,0,0,0,0,0,0,0,0,0,0,0,0,0],[0,0,0,0,0,0,0,0,0,0,0,0,0,0,0,0,0,0,0,0,0,0,0,0],[0,0,0,0,0,0,0,0,0,0,0,0,0,0,0,0,0,0,0,0,0,0,0,0],[0,0,0,0,0,0,0,0,0,0,0,0,0,0,0,0,0,0,0,0,0,0,0,0],[0,0,0,0,0,0,0,0,0,0,0,0,0,0,0,0,0,0,0,0,0,0,0,0]],"energyweekendschedule":[[0,0,0,0,0,0,0,0,0,0,0,0,0,0,0,0,0,0,0,0,0,0,0,0],[0,0,0,0,0,0,0,0,0,0,0,0,0,0,0,0,0,0,0,0,0,0,0,0],[0,0,0,0,0,0,0,0,0,0,0,0,0,0,0,0,0,0,0,0,0,0,0,0],[0,0,0,0,0,0,0,0,0,0,0,0,0,0,0,0,0,0,0,0,0,0,0,0],[0,0,0,0,0,0,0,0,0,0,0,0,0,0,0,0,0,0,0,0,0,0,0,0],[0,0,0,0,0,0,0,0,0,0,0,0,0,0,0,0,0,0,0,0,0,0,0,0],[0,0,0,0,0,0,0,0,0,0,0,0,0,0,0,0,0,0,0,0,0,0,0,0],[0,0,0,0,0,0,0,0,0,0,0,0,0,0,0,0,0,0,0,0,0,0,0,0],[0,0,0,0,0,0,0,0,0,0,0,0,0,0,0,0,0,0,0,0,0,0,0,0],[0,0,0,0,0,0,0,0,0,0,0,0,0,0,0,0,0,0,0,0,0,0,0,0],[0,0,0,0,0,0,0,0,0,0,0,0,0,0,0,0,0,0,0,0,0,0,0,0],[0,0,0,0,0,0,0,0,0,0,0,0,0,0,0,0,0,0,0,0,0,0,0,0]],"energycomments":"Energy = Avoided Fuel Cost + Avoided O&M Cost + Power Factor Adjustment | Adjustments = Public Benefits Fund Surcharge + Renewable Energy Infrastructure Cost Recovery Provision + Base Fuel/Energy Charge","fixedattrs":[{"Green Infrastructure Fee":"$1.13/month"}],"minmonthlycharge":18,"fixedmonthlycharge":8.5}]}