{"items":[{"label":"57acde1c5457a38642c2daa3","uri":"https://openei.org/apps/USURDB/rate/view/57acde1c5457a38642c2daa3","revisions":[1470925244,1470925534,1496161898],"approved":false,"utility":"Maui Electric Co Ltd","eiaid":11843,"name":"Molokai-SCHEDULE TOU-R RESIDENTIAL TIME-OF-USE SERVICE - Three Phase","startdate":1464739200,"enddate":1493510400,"supersedes":"557b3c6a5457a3fb088ba379","sector":"Residential","description":"Minimum Charge: $22.50","source":"http://www.mauielectric.com/vcmcontent/StaticFiles/FileScan/PDF/EnergyServices/Tarrifs/MECO/MolokaiRatesSchTOU-R.pdf","sourceparent":"https://www.mauielectric.com/my-account/rates-and-regulations/maui-electric-rates---molokai","voltagecategory":"Secondary","phasewiring":"3-Phase","flatdemandunit":"kW","demandrateunit":"kW","energyratestructure":[[{"max":250,"unit":"kWh","rate":0.327746,"adj":0},{"max":750,"unit":"kWh","rate":0.327746,"adj":0.032464},{"unit":"kWh","rate":0.327746,"adj":0.043964}],[{"max":250,"unit":"kWh","rate":0.402746,"adj":0},{"max":750,"unit":"kWh","rate":0.402746,"adj":0.032464},{"unit":"kWh","rate":0.402746,"adj":0.043964}],[{"max":250,"unit":"kWh","rate":0.427746,"adj":0},{"max":750,"unit":"kWh","rate":0.427746,"adj":0.032464},{"unit":"kWh","rate":0.427746,"adj":0.043964}]],"energyweekdayschedule":[[0,0,0,0,0,0,0,1,1,1,1,1,1,1,1,1,1,2,2,2,2,0,0,0],[0,0,0,0,0,0,0,1,1,1,1,1,1,1,1,1,1,2,2,2,2,0,0,0],[0,0,0,0,0,0,0,1,1,1,1,1,1,1,1,1,1,2,2,2,2,0,0,0],[0,0,0,0,0,0,0,1,1,1,1,1,1,1,1,1,1,2,2,2,2,0,0,0],[0,0,0,0,0,0,0,1,1,1,1,1,1,1,1,1,1,2,2,2,2,0,0,0],[0,0,0,0,0,0,0,1,1,1,1,1,1,1,1,1,1,2,2,2,2,0,0,0],[0,0,0,0,0,0,0,1,1,1,1,1,1,1,1,1,1,2,2,2,2,0,0,0],[0,0,0,0,0,0,0,1,1,1,1,1,1,1,1,1,1,2,2,2,2,0,0,0],[0,0,0,0,0,0,0,1,1,1,1,1,1,1,1,1,1,2,2,2,2,0,0,0],[0,0,0,0,0,0,0,1,1,1,1,1,1,1,1,1,1,2,2,2,2,0,0,0],[0,0,0,0,0,0,0,1,1,1,1,1,1,1,1,1,1,2,2,2,2,0,0,0],[0,0,0,0,0,0,0,1,1,1,1,1,1,1,1,1,1,2,2,2,2,0,0,0]],"energyweekendschedule":[[0,0,0,0,0,0,0,1,1,1,1,1,1,1,1,1,1,1,1,1,1,0,0,0],[0,0,0,0,0,0,0,1,1,1,1,1,1,1,1,1,1,1,1,1,1,0,0,0],[0,0,0,0,0,0,0,1,1,1,1,1,1,1,1,1,1,1,1,1,1,0,0,0],[0,0,0,0,0,0,0,1,1,1,1,1,1,1,1,1,1,1,1,1,1,0,0,0],[0,0,0,0,0,0,0,1,1,1,1,1,1,1,1,1,1,1,1,1,1,0,0,0],[0,0,0,0,0,0,0,1,1,1,1,1,1,1,1,1,1,1,1,1,1,0,0,0],[0,0,0,0,0,0,0,1,1,1,1,1,1,1,1,1,1,1,1,1,1,0,0,0],[0,0,0,0,0,0,0,1,1,1,1,1,1,1,1,1,1,1,1,1,1,0,0,0],[0,0,0,0,0,0,0,1,1,1,1,1,1,1,1,1,1,1,1,1,1,0,0,0],[0,0,0,0,0,0,0,1,1,1,1,1,1,1,1,1,1,1,1,1,1,0,0,0],[0,0,0,0,0,0,0,1,1,1,1,1,1,1,1,1,1,1,1,1,1,0,0,0],[0,0,0,0,0,0,0,1,1,1,1,1,1,1,1,1,1,1,1,1,1,0,0,0]],"energycomments":"Energy = Avoided Fuel Cost + Avoided O&M Cost + Power Factor Adjustment | Adjustments = Public Benefits Fund Surcharge + Renewable Energy Infrastructure Cost Recovery Provision + Base Fuel/Energy Charge","fixedattrs":[{"Green Infrastructure Fee":"$1.13/month"}],"minmonthlycharge":22.5,"fixedmonthlycharge":13}]}