{"items":[{"label":"57acc00e5457a3b555c2daa1","uri":"https://openei.org/apps/USURDB/rate/view/57acc00e5457a3b555c2daa1","revisions":[1470917550,1470918042,1496157675],"approved":false,"utility":"Maui Electric Co Ltd","eiaid":11843,"name":"Lanai-SCHEDULE TOU-R RESIDENTIAL TIME-OF-USE SERVICE - Three Phase","startdate":1464739200,"enddate":1493510400,"supersedes":"557ae5095457a3e6728ba375","sector":"Residential","description":"Minimum Charge: $22.50\r\n\r\nIRI Charge = base rates x1.0402","source":"http://www.mauielectric.com/vcmcontent/StaticFiles/FileScan/PDF/EnergyServices/Tarrifs/MECO/LanaiRatesSchTOU-R.pdf","sourceparent":"http://www.mauielectric.com/meco/Residential-Services/Electric-Rates/Effective-Rates-Summary-for-Hawaiian-Electric,-Maui-Electric-and-Hawaii-Electric-Light-Company","flatdemandunit":"kW","demandrateunit":"kW","energyratestructure":[[{"max":250,"unit":"kWh","rate":0.363908,"adj":0},{"max":750,"unit":"kWh","rate":0.363908,"adj":0.030964},{"unit":"kWh","rate":0.363908,"adj":0.037964}],[{"max":250,"unit":"kWh","rate":0.438908,"adj":0},{"max":750,"unit":"kWh","rate":0.438908,"adj":0.030964},{"unit":"kWh","rate":0.438908,"adj":0.037964}],[{"max":250,"unit":"kWh","rate":0.463908,"adj":0},{"max":750,"unit":"kWh","rate":0.463908,"adj":0.030964},{"unit":"kWh","rate":0.463908,"adj":0.037964}]],"energyweekdayschedule":[[0,0,0,0,0,0,0,1,1,1,1,1,1,1,1,1,1,2,2,2,2,0,0,0],[0,0,0,0,0,0,0,1,1,1,1,1,1,1,1,1,1,2,2,2,2,0,0,0],[0,0,0,0,0,0,0,1,1,1,1,1,1,1,1,1,1,2,2,2,2,0,0,0],[0,0,0,0,0,0,0,1,1,1,1,1,1,1,1,1,1,2,2,2,2,0,0,0],[0,0,0,0,0,0,0,1,1,1,1,1,1,1,1,1,1,2,2,2,2,0,0,0],[0,0,0,0,0,0,0,1,1,1,1,1,1,1,1,1,1,2,2,2,2,0,0,0],[0,0,0,0,0,0,0,1,1,1,1,1,1,1,1,1,1,2,2,2,2,0,0,0],[0,0,0,0,0,0,0,1,1,1,1,1,1,1,1,1,1,2,2,2,2,0,0,0],[0,0,0,0,0,0,0,1,1,1,1,1,1,1,1,1,1,2,2,2,2,0,0,0],[0,0,0,0,0,0,0,1,1,1,1,1,1,1,1,1,1,2,2,2,2,0,0,0],[0,0,0,0,0,0,0,1,1,1,1,1,1,1,1,1,1,2,2,2,2,0,0,0],[0,0,0,0,0,0,0,1,1,1,1,1,1,1,1,1,1,2,2,2,2,0,0,0]],"energyweekendschedule":[[0,0,0,0,0,0,0,1,1,1,1,1,1,1,1,1,1,1,1,1,1,0,0,0],[0,0,0,0,0,0,0,1,1,1,1,1,1,1,1,1,1,1,1,1,1,0,0,0],[0,0,0,0,0,0,0,1,1,1,1,1,1,1,1,1,1,1,1,1,1,0,0,0],[0,0,0,0,0,0,0,1,1,1,1,1,1,1,1,1,1,1,1,1,1,0,0,0],[0,0,0,0,0,0,0,1,1,1,1,1,1,1,1,1,1,1,1,1,1,0,0,0],[0,0,0,0,0,0,0,1,1,1,1,1,1,1,1,1,1,1,1,1,1,0,0,0],[0,0,0,0,0,0,0,1,1,1,1,1,1,1,1,1,1,1,1,1,1,0,0,0],[0,0,0,0,0,0,0,1,1,1,1,1,1,1,1,1,1,1,1,1,1,0,0,0],[0,0,0,0,0,0,0,1,1,1,1,1,1,1,1,1,1,1,1,1,1,0,0,0],[0,0,0,0,0,0,0,1,1,1,1,1,1,1,1,1,1,1,1,1,1,0,0,0],[0,0,0,0,0,0,0,1,1,1,1,1,1,1,1,1,1,1,1,1,1,0,0,0],[0,0,0,0,0,0,0,1,1,1,1,1,1,1,1,1,1,1,1,1,1,0,0,0]],"energycomments":"Energy = Avoided Fuel Cost + Avoided O&M Cost + Power Factor Adjustment | Adjustments = Public Benefits Fund Surcharge + Renewable Energy Infrastructure Cost Recovery Provision + Base Fuel/Energy Charge","fixedattrs":[{"Green Infrastructure Fee":"$1.13/month"}],"minmonthlycharge":22.5,"fixedmonthlycharge":13}]}