{"items":[{"label":"5787c3ca5457a3127a29b89f","uri":"https://openei.org/apps/USURDB/rate/view/5787c3ca5457a3127a29b89f","revisions":[1468493674,1468493973,1495636168],"approved":false,"utility":"Montana-Dakota Utilities Co (South Dakota)","eiaid":12199,"name":"Rate 16 Optional Time-Of-Day RES","startdate":1459468800,"enddate":1493510400,"supersedes":"5564779b5457a3df1b084541","sector":"Residential","description":"AVAILABILITY:\r\nIn all communities served for single-phase residential electric service, for all domestic purposes only. The customer's wiring must be so arranged that all service can be measured through one meter.","source":"http://www.montana-dakota.com/docs/default-source/rates-tariffs/SDElectric16\r\nhttp://www.montana-dakota.com/rates-and-services/rates-tariffs","sourceparent":"http://www.montana-dakota.com/","phasewiring":"Single Phase","flatdemandunit":"kW","demandrateunit":"kW","energyratestructure":[[{"unit":"kWh","rate":0.055,"adj":0.0243}],[{"unit":"kWh","rate":0.08919,"adj":0.0243}],[{"unit":"kWh","rate":0.11919,"adj":0.0243}]],"energyweekdayschedule":[[0,0,0,0,0,0,0,0,0,0,0,0,1,1,1,1,1,1,1,1,1,0,0,0],[0,0,0,0,0,0,0,0,0,0,0,0,1,1,1,1,1,1,1,1,1,0,0,0],[0,0,0,0,0,0,0,0,0,0,0,0,1,1,1,1,1,1,1,1,1,0,0,0],[0,0,0,0,0,0,0,0,0,0,0,0,1,1,1,1,1,1,1,1,1,0,0,0],[0,0,0,0,0,0,0,0,0,0,0,0,1,1,1,1,1,1,1,1,1,0,0,0],[0,0,0,0,0,0,0,0,0,0,0,0,2,2,2,2,2,2,2,2,2,0,0,0],[0,0,0,0,0,0,0,0,0,0,0,0,2,2,2,2,2,2,2,2,2,0,0,0],[0,0,0,0,0,0,0,0,0,0,0,0,2,2,2,2,2,2,2,2,2,0,0,0],[0,0,0,0,0,0,0,0,0,0,0,0,2,2,2,2,2,2,2,2,2,0,0,0],[0,0,0,0,0,0,0,0,0,0,0,0,1,1,1,1,1,1,1,1,1,0,0,0],[0,0,0,0,0,0,0,0,0,0,0,0,1,1,1,1,1,1,1,1,1,0,0,0],[0,0,0,0,0,0,0,0,0,0,0,0,1,1,1,1,1,1,1,1,1,0,0,0]],"energyweekendschedule":[[0,0,0,0,0,0,0,0,0,0,0,0,0,0,0,0,0,0,0,0,0,0,0,0],[0,0,0,0,0,0,0,0,0,0,0,0,0,0,0,0,0,0,0,0,0,0,0,0],[0,0,0,0,0,0,0,0,0,0,0,0,0,0,0,0,0,0,0,0,0,0,0,0],[0,0,0,0,0,0,0,0,0,0,0,0,0,0,0,0,0,0,0,0,0,0,0,0],[0,0,0,0,0,0,0,0,0,0,0,0,0,0,0,0,0,0,0,0,0,0,0,0],[0,0,0,0,0,0,0,0,0,0,0,0,0,0,0,0,0,0,0,0,0,0,0,0],[0,0,0,0,0,0,0,0,0,0,0,0,0,0,0,0,0,0,0,0,0,0,0,0],[0,0,0,0,0,0,0,0,0,0,0,0,0,0,0,0,0,0,0,0,0,0,0,0],[0,0,0,0,0,0,0,0,0,0,0,0,0,0,0,0,0,0,0,0,0,0,0,0],[0,0,0,0,0,0,0,0,0,0,0,0,0,0,0,0,0,0,0,0,0,0,0,0],[0,0,0,0,0,0,0,0,0,0,0,0,0,0,0,0,0,0,0,0,0,0,0,0],[0,0,0,0,0,0,0,0,0,0,0,0,0,0,0,0,0,0,0,0,0,0,0,0]],"energycomments":"Adjustments = Base Fuel Purchased Power + Infrastructure Rider Rate + Environmental Cost Recovery Rate + Fuel and Purchased Power Adj + Transmission Cost Recovery Rate","fixedmonthlycharge":16.5}]}