{"items":[{"label":"57869baf5457a3ff5829b89f","uri":"https://openei.org/apps/USURDB/rate/view/57869baf5457a3ff5829b89f","revisions":[1468417871,1468418027,1505223340],"approved":false,"utility":"Montana-Dakota Utilities Co","eiaid":12199,"name":"Optional Time of Day Residential Electric Service (Rate 16)","startdate":1467331200,"enddate":1504137600,"supersedes":"539f6c09ec4f024411eca449","sector":"Residential","source":"http://www.montana-dakota.com/docs/default-source/rates-tariffs/MTElectric16\r\nhttp://www.montana-dakota.com/rates-and-services/rates-tariffs","sourceparent":"http://www.montana-dakota.com/rates-and-services/rates-and-tariffs","voltagecategory":"Secondary","phasewiring":"Single Phase","flatdemandunit":"kW","demandrateunit":"kW","energyratestructure":[[{"unit":"kWh","rate":0.0496,"adj":0.046166}],[{"unit":"kWh","rate":0.04734,"adj":0.046166}],[{"unit":"kWh","rate":0.08116,"adj":0.046166}],[{"unit":"kWh","rate":0.04734,"adj":0.046166}]],"energyweekdayschedule":[[1,1,1,1,1,1,1,1,1,1,1,1,0,0,0,0,0,0,0,0,1,1,1,1],[1,1,1,1,1,1,1,1,1,1,1,1,0,0,0,0,0,0,0,0,1,1,1,1],[1,1,1,1,1,1,1,1,1,1,1,1,0,0,0,0,0,0,0,0,1,1,1,1],[1,1,1,1,1,1,1,1,1,1,1,1,0,0,0,0,0,0,0,0,1,1,1,1],[1,1,1,1,1,1,1,1,1,1,1,1,0,0,0,0,0,0,0,0,1,1,1,1],[3,3,3,3,3,3,3,3,3,3,3,3,2,2,2,2,2,2,2,2,3,3,3,3],[3,3,3,3,3,3,3,3,3,3,3,3,2,2,2,2,2,2,2,2,3,3,3,3],[3,3,3,3,3,3,3,3,3,3,3,3,2,2,2,2,2,2,2,2,3,3,3,3],[3,3,3,3,3,3,3,3,3,3,3,3,2,2,2,2,2,2,2,2,3,3,3,3],[1,1,1,1,1,1,1,1,1,1,1,1,0,0,0,0,0,0,0,0,1,1,1,1],[1,1,1,1,1,1,1,1,1,1,1,1,0,0,0,0,0,0,0,0,1,1,1,1],[1,1,1,1,1,1,1,1,1,1,1,1,0,0,0,0,0,0,0,0,1,1,1,1]],"energyweekendschedule":[[1,1,1,1,1,1,1,1,1,1,1,1,0,0,0,0,0,0,0,0,1,1,1,1],[1,1,1,1,1,1,1,1,1,1,1,1,0,0,0,0,0,0,0,0,1,1,1,1],[1,1,1,1,1,1,1,1,1,1,1,1,0,0,0,0,0,0,0,0,1,1,1,1],[1,1,1,1,1,1,1,1,1,1,1,1,0,0,0,0,0,0,0,0,1,1,1,1],[1,1,1,1,1,1,1,1,1,1,1,1,0,0,0,0,0,0,0,0,1,1,1,1],[3,3,3,3,3,3,3,3,3,3,3,3,2,2,2,2,2,2,2,2,3,3,3,3],[3,3,3,3,3,3,3,3,3,3,3,3,2,2,2,2,2,2,2,2,3,3,3,3],[3,3,3,3,3,3,3,3,3,3,3,3,2,2,2,2,2,2,2,2,3,3,3,3],[3,3,3,3,3,3,3,3,3,3,3,3,2,2,2,2,2,2,2,2,3,3,3,3],[1,1,1,1,1,1,1,1,1,1,1,1,0,0,0,0,0,0,0,0,1,1,1,1],[1,1,1,1,1,1,1,1,1,1,1,1,0,0,0,0,0,0,0,0,1,1,1,1],[1,1,1,1,1,1,1,1,1,1,1,1,0,0,0,0,0,0,0,0,1,1,1,1]],"energycomments":"Adjustments = Base Fuel Purchased Power + Electric Universal System Benefits Charge Rate + Fuel and Purchased Power Cost Tracking Adjustment Rate","usenetmetering":true,"fixedmonthlycharge":10.5}]}