{"items":[{"label":"5787b2315457a3f10a29b8a3","uri":"https://openei.org/apps/USURDB/rate/view/5787b2315457a3f10a29b8a3","revisions":[1468489169,1468489313,1468490850,1495615802],"approved":false,"utility":"Montana-Dakota Utilities Co (North Dakota)","eiaid":12199,"name":"Residential Service Rate 10","startdate":1459468800,"enddate":1493510400,"supersedes":"555e20665457a3f5418b4567","sector":"Residential","description":"In all communities served for single-phase residential electric service for \r\ndomestic purposes only.","source":"http://www.montana-dakota.com/docs/default-source/rates-tariffs/NDElectric10\r\nhttp://www.montana-dakota.com/rates-and-services/rates-tariffs","sourceparent":"http://www.montana-dakota.com/rates-and-services/rates-and-tariffs","flatdemandunit":"kW","demandrateunit":"kW","energyratestructure":[[{"max":750,"unit":"kWh","rate":0.05304,"adj":0.03671},{"unit":"kWh","rate":0.02304,"adj":0.03671}],[{"unit":"kWh","rate":0.05304,"adj":0.03671}]],"energyweekdayschedule":[[0,0,0,0,0,0,0,0,0,0,0,0,0,0,0,0,0,0,0,0,0,0,0,0],[0,0,0,0,0,0,0,0,0,0,0,0,0,0,0,0,0,0,0,0,0,0,0,0],[0,0,0,0,0,0,0,0,0,0,0,0,0,0,0,0,0,0,0,0,0,0,0,0],[0,0,0,0,0,0,0,0,0,0,0,0,0,0,0,0,0,0,0,0,0,0,0,0],[0,0,0,0,0,0,0,0,0,0,0,0,0,0,0,0,0,0,0,0,0,0,0,0],[1,1,1,1,1,1,1,1,1,1,1,1,1,1,1,1,1,1,1,1,1,1,1,1],[1,1,1,1,1,1,1,1,1,1,1,1,1,1,1,1,1,1,1,1,1,1,1,1],[1,1,1,1,1,1,1,1,1,1,1,1,1,1,1,1,1,1,1,1,1,1,1,1],[1,1,1,1,1,1,1,1,1,1,1,1,1,1,1,1,1,1,1,1,1,1,1,1],[0,0,0,0,0,0,0,0,0,0,0,0,0,0,0,0,0,0,0,0,0,0,0,0],[0,0,0,0,0,0,0,0,0,0,0,0,0,0,0,0,0,0,0,0,0,0,0,0],[0,0,0,0,0,0,0,0,0,0,0,0,0,0,0,0,0,0,0,0,0,0,0,0]],"energyweekendschedule":[[0,0,0,0,0,0,0,0,0,0,0,0,0,0,0,0,0,0,0,0,0,0,0,0],[0,0,0,0,0,0,0,0,0,0,0,0,0,0,0,0,0,0,0,0,0,0,0,0],[0,0,0,0,0,0,0,0,0,0,0,0,0,0,0,0,0,0,0,0,0,0,0,0],[0,0,0,0,0,0,0,0,0,0,0,0,0,0,0,0,0,0,0,0,0,0,0,0],[0,0,0,0,0,0,0,0,0,0,0,0,0,0,0,0,0,0,0,0,0,0,0,0],[1,1,1,1,1,1,1,1,1,1,1,1,1,1,1,1,1,1,1,1,1,1,1,1],[1,1,1,1,1,1,1,1,1,1,1,1,1,1,1,1,1,1,1,1,1,1,1,1],[1,1,1,1,1,1,1,1,1,1,1,1,1,1,1,1,1,1,1,1,1,1,1,1],[1,1,1,1,1,1,1,1,1,1,1,1,1,1,1,1,1,1,1,1,1,1,1,1],[0,0,0,0,0,0,0,0,0,0,0,0,0,0,0,0,0,0,0,0,0,0,0,0],[0,0,0,0,0,0,0,0,0,0,0,0,0,0,0,0,0,0,0,0,0,0,0,0],[0,0,0,0,0,0,0,0,0,0,0,0,0,0,0,0,0,0,0,0,0,0,0,0]],"energycomments":"Adjustments = Base Fuel Purchased Power + Renewable Cost Adj + Environmental Cost Recovery + Fuel and Purchased Power Adj + Transmission Cost Adj","fixedmonthlycharge":10.5}]}