{"items":[{"label":"539f6e7eec4f024411ecc345","uri":"https://openei.org/apps/USURDB/rate/view/539f7161ec4f024411ece517","approved":true,"demandrateunit":"kW","description":"This schedule is applicable to consumers for farm and home uses subject to the Cooperative's established Terms and Conditions and limitations given under \"Conditions of Service\" in this Schedule. This schedule is also applicable to churches and community halls.","startdate":1333260000,"eiaid":12260,"energycomments":"*Tiered Rates= Energy Delivery Charges + Electricity Supply Service\r\n*Adjustments (-$.0003) = Rider S ($.00056) + Rider RS (-$.00086)","energyratestructure":[[{"max":650,"unit":"kWh","rate":0.09097,"adj":-0.0003},{"max":5000,"unit":"kWh","rate":0.08103,"adj":-0.0003},{"unit":"kWh","rate":0.0717,"adj":-0.0003}]],"energyweekdayschedule":[[0,0,0,0,0,0,0,0,0,0,0,0,0,0,0,0,0,0,0,0,0,0,0,0],[0,0,0,0,0,0,0,0,0,0,0,0,0,0,0,0,0,0,0,0,0,0,0,0],[0,0,0,0,0,0,0,0,0,0,0,0,0,0,0,0,0,0,0,0,0,0,0,0],[0,0,0,0,0,0,0,0,0,0,0,0,0,0,0,0,0,0,0,0,0,0,0,0],[0,0,0,0,0,0,0,0,0,0,0,0,0,0,0,0,0,0,0,0,0,0,0,0],[0,0,0,0,0,0,0,0,0,0,0,0,0,0,0,0,0,0,0,0,0,0,0,0],[0,0,0,0,0,0,0,0,0,0,0,0,0,0,0,0,0,0,0,0,0,0,0,0],[0,0,0,0,0,0,0,0,0,0,0,0,0,0,0,0,0,0,0,0,0,0,0,0],[0,0,0,0,0,0,0,0,0,0,0,0,0,0,0,0,0,0,0,0,0,0,0,0],[0,0,0,0,0,0,0,0,0,0,0,0,0,0,0,0,0,0,0,0,0,0,0,0],[0,0,0,0,0,0,0,0,0,0,0,0,0,0,0,0,0,0,0,0,0,0,0,0],[0,0,0,0,0,0,0,0,0,0,0,0,0,0,0,0,0,0,0,0,0,0,0,0]],"energyweekendschedule":[[0,0,0,0,0,0,0,0,0,0,0,0,0,0,0,0,0,0,0,0,0,0,0,0],[0,0,0,0,0,0,0,0,0,0,0,0,0,0,0,0,0,0,0,0,0,0,0,0],[0,0,0,0,0,0,0,0,0,0,0,0,0,0,0,0,0,0,0,0,0,0,0,0],[0,0,0,0,0,0,0,0,0,0,0,0,0,0,0,0,0,0,0,0,0,0,0,0],[0,0,0,0,0,0,0,0,0,0,0,0,0,0,0,0,0,0,0,0,0,0,0,0],[0,0,0,0,0,0,0,0,0,0,0,0,0,0,0,0,0,0,0,0,0,0,0,0],[0,0,0,0,0,0,0,0,0,0,0,0,0,0,0,0,0,0,0,0,0,0,0,0],[0,0,0,0,0,0,0,0,0,0,0,0,0,0,0,0,0,0,0,0,0,0,0,0],[0,0,0,0,0,0,0,0,0,0,0,0,0,0,0,0,0,0,0,0,0,0,0,0],[0,0,0,0,0,0,0,0,0,0,0,0,0,0,0,0,0,0,0,0,0,0,0,0],[0,0,0,0,0,0,0,0,0,0,0,0,0,0,0,0,0,0,0,0,0,0,0,0],[0,0,0,0,0,0,0,0,0,0,0,0,0,0,0,0,0,0,0,0,0,0,0,0]],"flatdemandmonths":[0,0,0,0,0,0,0,0,0,0,0,0],"flatdemandstructure":[[{"max":30,"rate":0},{"rate":2.25}]],"flatdemandunit":"kW","phasewiring":"Single Phase","name":"SCHEDULE R-U HOME AND FARM SERVICE Single Phase","revisions":[1401392122,1401392359,1401392641,1403018831,1427405200],"sector":"Residential","sourceparent":"http://www.meckelec.org/varates.html","source":"http://www.meckelec.org/pdf/Unstamped%20MEC_Final_VA_unbundled_Tariffs_2009%20%282%29_Part2.pdf","supersedes":"539f7161ec4f024411ece517","utility":"Mecklenburg Electric Coop, Inc","voltagecategory":"Secondary","fixedmonthlycharge":16}]}