{"items":[{"label":"539fb6a5ec4f024bc1dc0311","uri":"https://openei.org/apps/USURDB/rate/view/539fb6a5ec4f024bc1dc0311","approved":true,"demandrateunit":"kW","description":"Service under this schedule is available, on a voluntary and limited basis, to consumers for electric service in all territory served by the Cooperative in the State of North Carolina, where the consumer takes service at one delivery point through one kilowatt-hour meter. This rate shall be limited to the availability of appropriate meters, and may be limited further by the saturation and/or impact on the Cooperative's electric system of members utilizing this rate schedule in a general area.","startdate":1238565600,"eiaid":12260,"energycomments":"The Energy Charge is the sum of the Energy Delivery Charge and the Electricity Supply Service Charge.","energyratestructure":[[{"rate":0.14156,"unit":"kWh"}],[{"rate":0.05675,"unit":"kWh"}]],"energyweekdayschedule":[[1,1,1,1,1,1,0,0,0,0,1,1,1,1,1,1,1,1,1,1,1,1,1,1],[1,1,1,1,1,1,0,0,0,0,1,1,1,1,1,1,1,1,1,1,1,1,1,1],[1,1,1,1,1,1,1,0,0,0,1,1,1,1,0,0,0,0,0,0,0,1,1,1],[1,1,1,1,1,1,1,0,0,0,1,1,1,1,0,0,0,0,0,0,0,1,1,1],[1,1,1,1,1,1,1,0,0,0,1,1,1,1,0,0,0,0,0,0,0,1,1,1],[1,1,1,1,1,1,1,1,1,1,1,1,1,1,1,1,0,0,0,0,0,1,1,1],[1,1,1,1,1,1,1,1,1,1,1,1,1,1,1,1,0,0,0,0,0,1,1,1],[1,1,1,1,1,1,1,1,1,1,1,1,1,1,1,1,0,0,0,0,0,1,1,1],[1,1,1,1,1,1,1,1,1,1,1,1,1,1,1,1,0,0,0,0,0,1,1,1],[1,1,1,1,1,1,1,0,0,0,1,1,1,1,0,0,0,0,0,0,0,1,1,1],[1,1,1,1,1,1,1,0,0,0,1,1,1,1,0,0,0,0,0,0,0,1,1,1],[1,1,1,1,1,1,0,0,0,0,1,1,1,1,1,1,1,1,1,1,1,1,1,1]],"energyweekendschedule":[[1,1,1,1,1,1,1,1,1,1,1,1,1,1,1,1,1,1,1,1,1,1,1,1],[1,1,1,1,1,1,1,1,1,1,1,1,1,1,1,1,1,1,1,1,1,1,1,1],[1,1,1,1,1,1,1,1,1,1,1,1,1,1,1,1,1,1,1,1,1,1,1,1],[1,1,1,1,1,1,1,1,1,1,1,1,1,1,1,1,1,1,1,1,1,1,1,1],[1,1,1,1,1,1,1,1,1,1,1,1,1,1,1,1,1,1,1,1,1,1,1,1],[1,1,1,1,1,1,1,1,1,1,1,1,1,1,1,1,1,1,1,1,1,1,1,1],[1,1,1,1,1,1,1,1,1,1,1,1,1,1,1,1,1,1,1,1,1,1,1,1],[1,1,1,1,1,1,1,1,1,1,1,1,1,1,1,1,1,1,1,1,1,1,1,1],[1,1,1,1,1,1,1,1,1,1,1,1,1,1,1,1,1,1,1,1,1,1,1,1],[1,1,1,1,1,1,1,1,1,1,1,1,1,1,1,1,1,1,1,1,1,1,1,1],[1,1,1,1,1,1,1,1,1,1,1,1,1,1,1,1,1,1,1,1,1,1,1,1],[1,1,1,1,1,1,1,1,1,1,1,1,1,1,1,1,1,1,1,1,1,1,1,1]],"flatdemandunit":"kW","name":"Schedule R-TOD-U-NC Single-Phase","revisions":[1386881888,1386882919,1386883202,1427405219],"sector":"Residential","sourceparent":"http://www.meckelec.org/ncrates.html","source":"http://www.meckelec.org/pdf/North%20Carolina%20Unbundled%20Rates%20Effective%20April%201,%202009_Part3.pdf","utility":"Mecklenburg Electric Coop, Inc (North Carolina)","fixedmonthlycharge":20.65}]}