{"items":[{"label":"539fc4ddec4f024c27d8cbc9","uri":"https://openei.org/apps/USURDB/rate/view/539fc4ddec4f024c27d8cbc9","approved":true,"demandrateunit":"kW","description":"Service under this schedule is available to consumers for electric service in all territory served by the Cooperative in the State of North Carolina, where the consumer takes service at one delivery point through one kilowatt-hour meter. \n\nThis schedule is applicable to consumers for farm and home uses subject to the Cooperative's established Terms and Conditions and limitations given under \"Conditions of Service\" in this Schedule. This schedule is also applicable to churches and community halls.","startdate":1238565600,"eiaid":12260,"energycomments":"The Energy Charge is the sum of the Energy Delivery Charge and the Electricity Supply Service Charge.","energyratestructure":[[{"max":650,"rate":0.09399,"unit":"kWh"},{"max":5000,"rate":0.08372,"unit":"kWh"},{"rate":0.07408,"unit":"kWh"}]],"energyweekdayschedule":[[0,0,0,0,0,0,0,0,0,0,0,0,0,0,0,0,0,0,0,0,0,0,0,0],[0,0,0,0,0,0,0,0,0,0,0,0,0,0,0,0,0,0,0,0,0,0,0,0],[0,0,0,0,0,0,0,0,0,0,0,0,0,0,0,0,0,0,0,0,0,0,0,0],[0,0,0,0,0,0,0,0,0,0,0,0,0,0,0,0,0,0,0,0,0,0,0,0],[0,0,0,0,0,0,0,0,0,0,0,0,0,0,0,0,0,0,0,0,0,0,0,0],[0,0,0,0,0,0,0,0,0,0,0,0,0,0,0,0,0,0,0,0,0,0,0,0],[0,0,0,0,0,0,0,0,0,0,0,0,0,0,0,0,0,0,0,0,0,0,0,0],[0,0,0,0,0,0,0,0,0,0,0,0,0,0,0,0,0,0,0,0,0,0,0,0],[0,0,0,0,0,0,0,0,0,0,0,0,0,0,0,0,0,0,0,0,0,0,0,0],[0,0,0,0,0,0,0,0,0,0,0,0,0,0,0,0,0,0,0,0,0,0,0,0],[0,0,0,0,0,0,0,0,0,0,0,0,0,0,0,0,0,0,0,0,0,0,0,0],[0,0,0,0,0,0,0,0,0,0,0,0,0,0,0,0,0,0,0,0,0,0,0,0]],"energyweekendschedule":[[0,0,0,0,0,0,0,0,0,0,0,0,0,0,0,0,0,0,0,0,0,0,0,0],[0,0,0,0,0,0,0,0,0,0,0,0,0,0,0,0,0,0,0,0,0,0,0,0],[0,0,0,0,0,0,0,0,0,0,0,0,0,0,0,0,0,0,0,0,0,0,0,0],[0,0,0,0,0,0,0,0,0,0,0,0,0,0,0,0,0,0,0,0,0,0,0,0],[0,0,0,0,0,0,0,0,0,0,0,0,0,0,0,0,0,0,0,0,0,0,0,0],[0,0,0,0,0,0,0,0,0,0,0,0,0,0,0,0,0,0,0,0,0,0,0,0],[0,0,0,0,0,0,0,0,0,0,0,0,0,0,0,0,0,0,0,0,0,0,0,0],[0,0,0,0,0,0,0,0,0,0,0,0,0,0,0,0,0,0,0,0,0,0,0,0],[0,0,0,0,0,0,0,0,0,0,0,0,0,0,0,0,0,0,0,0,0,0,0,0],[0,0,0,0,0,0,0,0,0,0,0,0,0,0,0,0,0,0,0,0,0,0,0,0],[0,0,0,0,0,0,0,0,0,0,0,0,0,0,0,0,0,0,0,0,0,0,0,0],[0,0,0,0,0,0,0,0,0,0,0,0,0,0,0,0,0,0,0,0,0,0,0,0]],"flatdemandmonths":[0,0,0,0,0,0,0,0,0,0,0,0],"flatdemandstructure":[[{"max":30,"rate":0},{"rate":2.3}]],"flatdemandunit":"kW","name":"Schedule R-U-NC Single-Phase","revisions":[1386879060,1386880961,1386881238,1386965221,1400770772,1427405215],"sector":"Residential","sourceparent":"http://www.meckelec.org/ncrates.html","source":"http://www.meckelec.org/pdf/North%20Carolina%20Unbundled%20Rates%20Effective%20April%201,%202009_Part2.pdf","utility":"Mecklenburg Electric Coop, Inc (North Carolina)","fixedmonthlycharge":16.55}]}