{"items":[{"label":"539f74d2ec4f024411ed0c71","uri":"https://openei.org/apps/USURDB/rate/view/539f6a24ec4f024411ec8c1f","approved":true,"demandrateunit":"kW","description":"This schedule is applicable to residential consumers subject to the Cooperative's established Terms and Conditions and limitations given under \"Conditions of Service\" in this Schedule.","startdate":1333260000,"eiaid":12260,"energycomments":"Rate= Energy Delivery Charges + Electricity Supply Service Charges \r\nAdjustments (-$0.0003) = Rider S ($0.00056) + Rider RS (-$0.00086)","energyratestructure":[[{"unit":"kWh","rate":0.05492,"adj":-0.0003}],[{"unit":"kWh","rate":0.137,"adj":-0.0003}]],"energyweekdayschedule":[[0,0,0,0,0,0,1,1,1,1,0,0,0,0,0,0,0,0,0,0,0,0,0,0],[0,0,0,0,0,0,1,1,1,1,0,0,0,0,0,0,0,0,0,0,0,0,0,0],[0,0,0,0,0,0,0,1,1,1,0,0,0,0,1,1,1,1,1,1,1,0,0,0],[0,0,0,0,0,0,0,1,1,1,0,0,0,0,1,1,1,1,1,1,1,0,0,0],[0,0,0,0,0,0,0,1,1,1,0,0,0,0,1,1,1,1,1,1,1,0,0,0],[0,0,0,0,0,0,0,0,0,0,0,0,0,0,0,0,1,1,1,1,1,0,0,0],[0,0,0,0,0,0,0,0,0,0,0,0,0,0,0,0,1,1,1,1,1,0,0,0],[0,0,0,0,0,0,0,0,0,0,0,0,0,0,0,0,1,1,1,1,1,0,0,0],[0,0,0,0,0,0,0,0,0,0,0,0,0,0,0,0,1,1,1,1,1,0,0,0],[0,0,0,0,0,0,0,1,1,1,0,0,0,0,1,1,1,1,1,1,1,0,0,0],[0,0,0,0,0,0,0,1,1,1,0,0,0,0,1,1,1,1,1,1,1,0,0,0],[0,0,0,0,0,0,1,1,1,1,0,0,0,0,0,0,0,0,0,0,0,0,0,0]],"energyweekendschedule":[[0,0,0,0,0,0,0,0,0,0,0,0,0,0,0,0,0,0,0,0,0,0,0,0],[0,0,0,0,0,0,0,0,0,0,0,0,0,0,0,0,0,0,0,0,0,0,0,0],[0,0,0,0,0,0,0,0,0,0,0,0,0,0,0,0,0,0,0,0,0,0,0,0],[0,0,0,0,0,0,0,0,0,0,0,0,0,0,0,0,0,0,0,0,0,0,0,0],[0,0,0,0,0,0,0,0,0,0,0,0,0,0,0,0,0,0,0,0,0,0,0,0],[0,0,0,0,0,0,0,0,0,0,0,0,0,0,0,0,0,0,0,0,0,0,0,0],[0,0,0,0,0,0,0,0,0,0,0,0,0,0,0,0,0,0,0,0,0,0,0,0],[0,0,0,0,0,0,0,0,0,0,0,0,0,0,0,0,0,0,0,0,0,0,0,0],[0,0,0,0,0,0,0,0,0,0,0,0,0,0,0,0,0,0,0,0,0,0,0,0],[0,0,0,0,0,0,0,0,0,0,0,0,0,0,0,0,0,0,0,0,0,0,0,0],[0,0,0,0,0,0,0,0,0,0,0,0,0,0,0,0,0,0,0,0,0,0,0,0],[0,0,0,0,0,0,0,0,0,0,0,0,0,0,0,0,0,0,0,0,0,0,0,0]],"flatdemandunit":"kW","phasewiring":"Single Phase","name":"SCHEDULE R-TOD-U RESIDENTIAL TIME-OF-DAY SERVICE Single Phase","revisions":[1401391035,1401391416,1401391479,1403165340,1427405180],"sector":"Residential","sourceparent":"http://www.meckelec.org/varates.html","source":"http://www.meckelec.org/pdf/Unstamped%20MEC_Final_VA_unbundled_Tariffs_2009%20%282%29_Part3.pdf","supersedes":"539f6a24ec4f024411ec8c1f","utility":"Mecklenburg Electric Coop, Inc","voltagecategory":"Secondary","fixedmonthlycharge":20}]}