{"items":[{"label":"539f6e8eec4f024411ecc425","uri":"https://openei.org/apps/USURDB/rate/view/539f748dec4f024411ed094f","approved":true,"basicinformationcomments":"primary voltage discounts available","demandrateunit":"kW","description":"This schedule is applicable to residential consumers subject to the Cooperative's established Terms and Conditions and limitations given under \"Conditions of Service\" in this Schedule.","startdate":1333260000,"eiaid":12260,"energycomments":"Time of Use Rate= Energy Delivery Charges + Electricity Supply Service Charges\r\n\r\nAdjustments (-$.0003) = Rider S + Rider RS","energyratestructure":[[{"unit":"kWh","rate":0.05492,"adj":-0.0003}],[{"unit":"kWh","rate":0.137,"adj":-0.0003}]],"energyweekdayschedule":[[0,0,0,0,0,0,1,1,1,1,0,0,0,0,0,0,0,0,0,0,0,0,0,0],[0,0,0,0,0,0,1,1,1,1,0,0,0,0,0,0,0,0,0,0,0,0,0,0],[0,0,0,0,0,0,0,1,1,1,0,0,0,0,1,1,1,1,1,1,1,0,0,0],[0,0,0,0,0,0,0,1,1,1,0,0,0,0,1,1,1,1,1,1,1,0,0,0],[0,0,0,0,0,0,0,1,1,1,0,0,0,0,1,1,1,1,1,1,1,0,0,0],[0,0,0,0,0,0,0,0,0,0,0,0,0,0,0,0,1,1,1,1,1,0,0,0],[0,0,0,0,0,0,0,0,0,0,0,0,0,0,0,0,1,1,1,1,1,0,0,0],[0,0,0,0,0,0,0,0,0,0,0,0,0,0,0,0,1,1,1,1,1,0,0,0],[0,0,0,0,0,0,0,0,0,0,0,0,0,0,0,0,1,1,1,1,1,0,0,0],[0,0,0,0,0,0,0,1,1,1,0,0,0,0,1,1,1,1,1,1,1,0,0,0],[0,0,0,0,0,0,0,1,1,1,0,0,0,0,1,1,1,1,1,1,1,0,0,0],[0,0,0,0,0,0,1,1,1,1,0,0,0,0,0,0,0,0,0,0,0,0,0,0]],"energyweekendschedule":[[0,0,0,0,0,0,0,0,0,0,0,0,0,0,0,0,0,0,0,0,0,0,0,0],[0,0,0,0,0,0,0,0,0,0,0,0,0,0,0,0,0,0,0,0,0,0,0,0],[0,0,0,0,0,0,0,0,0,0,0,0,0,0,0,0,0,0,0,0,0,0,0,0],[0,0,0,0,0,0,0,0,0,0,0,0,0,0,0,0,0,0,0,0,0,0,0,0],[0,0,0,0,0,0,0,0,0,0,0,0,0,0,0,0,0,0,0,0,0,0,0,0],[0,0,0,0,0,0,0,0,0,0,0,0,0,0,0,0,0,0,0,0,0,0,0,0],[0,0,0,0,0,0,0,0,0,0,0,0,0,0,0,0,0,0,0,0,0,0,0,0],[0,0,0,0,0,0,0,0,0,0,0,0,0,0,0,0,0,0,0,0,0,0,0,0],[0,0,0,0,0,0,0,0,0,0,0,0,0,0,0,0,0,0,0,0,0,0,0,0],[0,0,0,0,0,0,0,0,0,0,0,0,0,0,0,0,0,0,0,0,0,0,0,0],[0,0,0,0,0,0,0,0,0,0,0,0,0,0,0,0,0,0,0,0,0,0,0,0],[0,0,0,0,0,0,0,0,0,0,0,0,0,0,0,0,0,0,0,0,0,0,0,0]],"flatdemandunit":"kW","phasewiring":"3-Phase","name":"SCHEDULE R-TOD-U RESIDENTIAL TIME-OF-DAY SERVICE Multi-Phase","revisions":[1401391588,1401391922,1403018900,1427405207],"sector":"Residential","sourceparent":"http://www.meckelec.org/varates.html","source":"http://www.meckelec.org/pdf/Unstamped%20MEC_Final_VA_unbundled_Tariffs_2009%20%282%29_Part3.pdf","supersedes":"539f748dec4f024411ed094f","utility":"Mecklenburg Electric Coop, Inc","voltagecategory":"Secondary","fixedmonthlycharge":43.4}]}