<measure>
  <schema_version>3.0</schema_version>
  <name>resilience_metrics_report</name>
  <uid>91833857-52f8-47de-8366-349bb17a8d74</uid>
  <version_id>a8b7f407-573b-437f-a69d-e90cf3a422eb</version_id>
  <version_modified>20180827T201721Z</version_modified>
  <xml_checksum>15BF4E57</xml_checksum>
  <class_name>ResilienceMetricsReport</class_name>
  <display_name>Resilience Metrics Report</display_name>
  <description>Reports resilience metric(s) of interest.</description>
  <modeler_description>TODO</modeler_description>
  <arguments>
    <argument>
      <name>output_vars</name>
      <display_name>Output Variables</display_name>
      <description>Output variables to request.</description>
      <type>String</type>
      <required>true</required>
      <model_dependent>false</model_dependent>
      <default_value>Zone Mean Air Temperature, Wetbulb Globe Temperature</default_value>
    </argument>
    <argument>
      <name>min_vals</name>
      <display_name>Minimum Value</display_name>
      <description>Lower threshold. Use 'NA' if a lower threshold is not applicable.</description>
      <type>String</type>
      <required>true</required>
      <model_dependent>false</model_dependent>
      <default_value>58, NA</default_value>
    </argument>
    <argument>
      <name>max_vals</name>
      <display_name>Maximum Value</display_name>
      <description>Upper threshold. Use 'NA' if an upper threshold is not applicable.</description>
      <type>String</type>
      <required>true</required>
      <model_dependent>false</model_dependent>
      <default_value>NA, 88</default_value>
    </argument>
  </arguments>
  <outputs>
    <output>
      <name>living_zone_zone_mean_air_temperature_hours_below_lower_threshold</name>
      <display_name>living_zone_zone_mean_air_temperature_hours_below_lower_threshold</display_name>
      <short_name>living_zone_zone_mean_air_temperature_hours_below_lower_threshold</short_name>
      <type>Double</type>
      <model_dependent>false</model_dependent>
    </output>
    <output>
      <name>living_zone_zone_mean_air_temperature_hours_above_upper_threshold</name>
      <display_name>living_zone_zone_mean_air_temperature_hours_above_upper_threshold</display_name>
      <short_name>living_zone_zone_mean_air_temperature_hours_above_upper_threshold</short_name>
      <type>Double</type>
      <model_dependent>false</model_dependent>
    </output>
    <output>
      <name>living_zone_zone_mean_air_temperature_hours_until_lower_threshold</name>
      <display_name>living_zone_zone_mean_air_temperature_hours_until_lower_threshold</display_name>
      <short_name>living_zone_zone_mean_air_temperature_hours_until_lower_threshold</short_name>
      <type>Double</type>
      <model_dependent>false</model_dependent>
    </output>
    <output>
      <name>living_zone_zone_mean_air_temperature_hours_until_upper_threshold</name>
      <display_name>living_zone_zone_mean_air_temperature_hours_until_upper_threshold</display_name>
      <short_name>living_zone_zone_mean_air_temperature_hours_until_upper_threshold</short_name>
      <type>Double</type>
      <model_dependent>false</model_dependent>
    </output>
    <output>
      <name>living_zone_wetbulb_globe_temperature_hours_below_lower_threshold</name>
      <display_name>living_zone_wetbulb_globe_temperature_hours_below_lower_threshold</display_name>
      <short_name>living_zone_wetbulb_globe_temperature_hours_below_lower_threshold</short_name>
      <type>Double</type>
      <model_dependent>false</model_dependent>
    </output>
    <output>
      <name>living_zone_wetbulb_globe_temperature_hours_above_upper_threshold</name>
      <display_name>living_zone_wetbulb_globe_temperature_hours_above_upper_threshold</display_name>
      <short_name>living_zone_wetbulb_globe_temperature_hours_above_upper_threshold</short_name>
      <type>Double</type>
      <model_dependent>false</model_dependent>
    </output>
    <output>
      <name>living_zone_wetbulb_globe_temperature_hours_until_lower_threshold</name>
      <display_name>living_zone_wetbulb_globe_temperature_hours_until_lower_threshold</display_name>
      <short_name>living_zone_wetbulb_globe_temperature_hours_until_lower_threshold</short_name>
      <type>Double</type>
      <model_dependent>false</model_dependent>
    </output>
    <output>
      <name>living_zone_wetbulb_globe_temperature_hours_until_upper_threshold</name>
      <display_name>living_zone_wetbulb_globe_temperature_hours_until_upper_threshold</display_name>
      <short_name>living_zone_wetbulb_globe_temperature_hours_until_upper_threshold</short_name>
      <type>Double</type>
      <model_dependent>false</model_dependent>
    </output>
    <output>
      <name>living_zone_end_of_outage_indoor_drybulb_temperature</name>
      <display_name>living_zone_end_of_outage_indoor_drybulb_temperature</display_name>
      <short_name>living_zone_end_of_outage_indoor_drybulb_temperature</short_name>
      <type>Double</type>
      <model_dependent>false</model_dependent>
    </output>
    <output>
      <name>living_zone_maximum_wetbulb_globe_temperature_during_outage</name>
      <display_name>living_zone_maximum_wetbulb_globe_temperature_during_outage</display_name>
      <short_name>living_zone_maximum_wetbulb_globe_temperature_during_outage</short_name>
      <type>Double</type>
      <model_dependent>false</model_dependent>
    </output>
    <output>
      <name>living_zone_minimum_indoor_drybulb_temperature_during_outage</name>
      <display_name>living_zone_minimum_indoor_drybulb_temperature_during_outage</display_name>
      <short_name>living_zone_minimum_indoor_drybulb_temperature_during_outage</short_name>
      <type>Double</type>
      <model_dependent>false</model_dependent>
    </output>
    <output>
      <name>finished_basement_zone_zone_mean_air_temperature_hours_below_lower_threshold</name>
      <display_name>finished_basement_zone_zone_mean_air_temperature_hours_below_lower_threshold</display_name>
      <short_name>finished_basement_zone_zone_mean_air_temperature_hours_below_lower_threshold</short_name>
      <type>Double</type>
      <model_dependent>false</model_dependent>
    </output>
    <output>
      <name>finished_basement_zone_zone_mean_air_temperature_hours_above_upper_threshold</name>
      <display_name>finished_basement_zone_zone_mean_air_temperature_hours_above_upper_threshold</display_name>
      <short_name>finished_basement_zone_zone_mean_air_temperature_hours_above_upper_threshold</short_name>
      <type>Double</type>
      <model_dependent>false</model_dependent>
    </output>
    <output>
      <name>finished_basement_zone_zone_mean_air_temperature_hours_until_lower_threshold</name>
      <display_name>finished_basement_zone_zone_mean_air_temperature_hours_until_lower_threshold</display_name>
      <short_name>finished_basement_zone_zone_mean_air_temperature_hours_until_lower_threshold</short_name>
      <type>Double</type>
      <model_dependent>false</model_dependent>
    </output>
    <output>
      <name>finished_basement_zone_zone_mean_air_temperature_hours_until_upper_threshold</name>
      <display_name>finished_basement_zone_zone_mean_air_temperature_hours_until_upper_threshold</display_name>
      <short_name>finished_basement_zone_zone_mean_air_temperature_hours_until_upper_threshold</short_name>
      <type>Double</type>
      <model_dependent>false</model_dependent>
    </output>
    <output>
      <name>finished_basement_zone_wetbulb_globe_temperature_hours_below_lower_threshold</name>
      <display_name>finished_basement_zone_wetbulb_globe_temperature_hours_below_lower_threshold</display_name>
      <short_name>finished_basement_zone_wetbulb_globe_temperature_hours_below_lower_threshold</short_name>
      <type>Double</type>
      <model_dependent>false</model_dependent>
    </output>
    <output>
      <name>finished_basement_zone_wetbulb_globe_temperature_hours_above_upper_threshold</name>
      <display_name>finished_basement_zone_wetbulb_globe_temperature_hours_above_upper_threshold</display_name>
      <short_name>finished_basement_zone_wetbulb_globe_temperature_hours_above_upper_threshold</short_name>
      <type>Double</type>
      <model_dependent>false</model_dependent>
    </output>
    <output>
      <name>finished_basement_zone_wetbulb_globe_temperature_hours_until_lower_threshold</name>
      <display_name>finished_basement_zone_wetbulb_globe_temperature_hours_until_lower_threshold</display_name>
      <short_name>finished_basement_zone_wetbulb_globe_temperature_hours_until_lower_threshold</short_name>
      <type>Double</type>
      <model_dependent>false</model_dependent>
    </output>
    <output>
      <name>finished_basement_zone_wetbulb_globe_temperature_hours_until_upper_threshold</name>
      <display_name>finished_basement_zone_wetbulb_globe_temperature_hours_until_upper_threshold</display_name>
      <short_name>finished_basement_zone_wetbulb_globe_temperature_hours_until_upper_threshold</short_name>
      <type>Double</type>
      <model_dependent>false</model_dependent>
    </output>
    <output>
      <name>finished_basement_zone_end_of_outage_indoor_drybulb_temperature</name>
      <display_name>finished_basement_zone_end_of_outage_indoor_drybulb_temperature</display_name>
      <short_name>finished_basement_zone_end_of_outage_indoor_drybulb_temperature</short_name>
      <type>Double</type>
      <model_dependent>false</model_dependent>
    </output>
    <output>
      <name>finished_basement_zone_maximum_wetbulb_globe_temperature_during_outage</name>
      <display_name>finished_basement_zone_maximum_wetbulb_globe_temperature_during_outage</display_name>
      <short_name>finished_basement_zone_maximum_wetbulb_globe_temperature_during_outage</short_name>
      <type>Double</type>
      <model_dependent>false</model_dependent>
    </output>
    <output>
      <name>finished_basement_zone_minimum_indoor_drybulb_temperature_during_outage</name>
      <display_name>finished_basement_zone_minimum_indoor_drybulb_temperature_during_outage</display_name>
      <short_name>finished_basement_zone_minimum_indoor_drybulb_temperature_during_outage</short_name>
      <type>Double</type>
      <model_dependent>false</model_dependent>
    </output>
  </outputs>
  <provenances/>
  <tags>
    <tag>Reporting.QAQC</tag>
  </tags>
  <attributes>
    <attribute>
      <name>Measure Type</name>
      <value>ReportingMeasure</value>
      <datatype>string</datatype>
    </attribute>
  </attributes>
  <files>
    <file>
      <filename>unit_conversions.rb</filename>
      <filetype>rb</filetype>
      <usage_type>resource</usage_type>
      <checksum>9EB3D10A</checksum>
    </file>
    <file>
      <filename>constants.rb</filename>
      <filetype>rb</filetype>
      <usage_type>resource</usage_type>
      <checksum>3BCB1148</checksum>
    </file>
    <file>
      <filename>materials.rb</filename>
      <filetype>rb</filetype>
      <usage_type>resource</usage_type>
      <checksum>82D32FEE</checksum>
    </file>
    <file>
      <filename>psychrometrics.rb</filename>
      <filetype>rb</filetype>
      <usage_type>resource</usage_type>
      <checksum>208441EA</checksum>
    </file>
    <file>
      <filename>util.rb</filename>
      <filetype>rb</filetype>
      <usage_type>resource</usage_type>
      <checksum>B8804B95</checksum>
    </file>
    <file>
      <version>
        <software_program>OpenStudio</software_program>
        <identifier>2.6.0</identifier>
        <min_compatible>2.6.0</min_compatible>
      </version>
      <filename>measure.rb</filename>
      <filetype>rb</filetype>
      <usage_type>script</usage_type>
      <checksum>E73ECC70</checksum>
    </file>
  </files>
</measure>
