<measure>
  <schema_version>3.0</schema_version>
  <name>timeseries_csv_export</name>
  <uid>2a3442c1-944d-4e91-9e11-11e0cf368c64</uid>
  <version_id>27fe8c6d-8b85-4c06-b474-b8474ad19a9b</version_id>
  <version_modified>20180824T153025Z</version_modified>
  <xml_checksum>15BF4E57</xml_checksum>
  <class_name>TimeseriesCSVExport</class_name>
  <display_name>Timeseries CSV Export</display_name>
  <description>Exports all available hourly timeseries enduses to csv.</description>
  <modeler_description>Exports all available hourly timeseries enduses to csv.</modeler_description>
  <arguments>
    <argument>
      <name>reporting_frequency</name>
      <display_name>Reporting Frequency</display_name>
      <type>Choice</type>
      <required>true</required>
      <model_dependent>false</model_dependent>
      <default_value>Hourly</default_value>
      <choices>
        <choice>
          <value>Detailed</value>
          <display_name>Detailed</display_name>
        </choice>
        <choice>
          <value>Timestep</value>
          <display_name>Timestep</display_name>
        </choice>
        <choice>
          <value>Hourly</value>
          <display_name>Hourly</display_name>
        </choice>
        <choice>
          <value>Daily</value>
          <display_name>Daily</display_name>
        </choice>
        <choice>
          <value>Monthly</value>
          <display_name>Monthly</display_name>
        </choice>
        <choice>
          <value>Runperiod</value>
          <display_name>Runperiod</display_name>
        </choice>
      </choices>
    </argument>
    <argument>
      <name>inc_end_use_subcategories</name>
      <display_name>Include End Use Subcategories</display_name>
      <type>Boolean</type>
      <required>true</required>
      <model_dependent>false</model_dependent>
      <default_value>false</default_value>
      <choices>
        <choice>
          <value>true</value>
          <display_name>true</display_name>
        </choice>
        <choice>
          <value>false</value>
          <display_name>false</display_name>
        </choice>
      </choices>
    </argument>
    <argument>
      <name>inc_output_variables</name>
      <display_name>Include Output Variables</display_name>
      <type>Boolean</type>
      <required>true</required>
      <model_dependent>false</model_dependent>
      <default_value>false</default_value>
      <choices>
        <choice>
          <value>true</value>
          <display_name>true</display_name>
        </choice>
        <choice>
          <value>false</value>
          <display_name>false</display_name>
        </choice>
      </choices>
    </argument>
    <argument>
      <name>output_variables</name>
      <display_name>Output Variables</display_name>
      <type>String</type>
      <required>true</required>
      <model_dependent>false</model_dependent>
      <default_value>Zone Mean Air Temperature, Wetbulb Globe Temperature</default_value>
    </argument>
  </arguments>
  <outputs/>
  <provenances/>
  <tags>
    <tag>Reporting.QAQC</tag>
  </tags>
  <attributes>
    <attribute>
      <name>Measure Type</name>
      <value>ReportingMeasure</value>
      <datatype>string</datatype>
    </attribute>
  </attributes>
  <files>
    <file>
      <filename>psychrometrics.rb</filename>
      <filetype>rb</filetype>
      <usage_type>resource</usage_type>
      <checksum>208441EA</checksum>
    </file>
    <file>
      <filename>materials.rb</filename>
      <filetype>rb</filetype>
      <usage_type>resource</usage_type>
      <checksum>82D32FEE</checksum>
    </file>
    <file>
      <filename>constants.rb</filename>
      <filetype>rb</filetype>
      <usage_type>resource</usage_type>
      <checksum>3BCB1148</checksum>
    </file>
    <file>
      <filename>weather.rb</filename>
      <filetype>rb</filetype>
      <usage_type>resource</usage_type>
      <checksum>AA9588B3</checksum>
    </file>
    <file>
      <filename>util.rb</filename>
      <filetype>rb</filetype>
      <usage_type>resource</usage_type>
      <checksum>B8804B95</checksum>
    </file>
    <file>
      <version>
        <software_program>OpenStudio</software_program>
        <identifier>2.0.5</identifier>
        <min_compatible>2.0.5</min_compatible>
      </version>
      <filename>measure.rb</filename>
      <filetype>rb</filetype>
      <usage_type>script</usage_type>
      <checksum>274ABAEE</checksum>
    </file>
    <file>
      <filename>unit_conversions.rb</filename>
      <filetype>rb</filetype>
      <usage_type>resource</usage_type>
      <checksum>A28FB5F8</checksum>
    </file>
  </files>
</measure>
