<measure>
  <schema_version>3.0</schema_version>
  <name>residential_cooking_range</name>
  <uid>246da4be-4924-41f5-8de0-177b42b7d6b5</uid>
  <version_id>f4b29e19-0aea-4f78-b895-f788d49a832c</version_id>
  <version_modified>20170731T151909Z</version_modified>
  <xml_checksum>126F1C43</xml_checksum>
  <class_name>ResidentialCookingRange</class_name>
  <display_name>Set Residential Electric Cooking Range</display_name>
  <description>Adds (or replaces) a residential cooking range with the specified efficiency, operation, and schedule. For multifamily buildings, the cooking range can be set for all units of the building. See https://github.com/NREL/OpenStudio-BEopt#workflows for supported workflows using this measure.</description>
  <modeler_description>Since there is no Cooking Range object in OpenStudio/EnergyPlus, we look for an ElectricEquipment or OtherEquipment object with the name that denotes it is a residential cooking range. If one is found, it is replaced with the specified properties. Otherwise, a new such object is added to the model. Note: This measure requires the number of bedrooms/bathrooms to have already been assigned.</modeler_description>
  <arguments>
    <argument>
      <name>c_ef</name>
      <display_name>Cooktop Energy Factor</display_name>
      <description>Cooktop energy factor determined by DOE test procedures for cooking appliances (DOE 1997).</description>
      <type>Double</type>
      <required>true</required>
      <model_dependent>false</model_dependent>
      <default_value>0.74</default_value>
    </argument>
    <argument>
      <name>o_ef</name>
      <display_name>Oven Energy Factor</display_name>
      <description>Oven energy factor determined by DOE test procedures for cooking appliances (DOE 1997).</description>
      <type>Double</type>
      <required>true</required>
      <model_dependent>false</model_dependent>
      <default_value>0.11</default_value>
    </argument>
    <argument>
      <name>mult</name>
      <display_name>Occupancy Energy Multiplier</display_name>
      <description>Appliance energy use is multiplied by this factor to account for occupancy usage that differs from the national average.</description>
      <type>Double</type>
      <required>true</required>
      <model_dependent>false</model_dependent>
      <default_value>1</default_value>
    </argument>
    <argument>
      <name>weekday_sch</name>
      <display_name>Weekday schedule</display_name>
      <description>Specify the 24-hour weekday schedule.</description>
      <type>String</type>
      <required>true</required>
      <model_dependent>false</model_dependent>
      <default_value>0.007, 0.007, 0.004, 0.004, 0.007, 0.011, 0.025, 0.042, 0.046, 0.048, 0.042, 0.050, 0.057, 0.046, 0.057, 0.044, 0.092, 0.150, 0.117, 0.060, 0.035, 0.025, 0.016, 0.011</default_value>
    </argument>
    <argument>
      <name>weekend_sch</name>
      <display_name>Weekend schedule</display_name>
      <description>Specify the 24-hour weekend schedule.</description>
      <type>String</type>
      <required>true</required>
      <model_dependent>false</model_dependent>
      <default_value>0.007, 0.007, 0.004, 0.004, 0.007, 0.011, 0.025, 0.042, 0.046, 0.048, 0.042, 0.050, 0.057, 0.046, 0.057, 0.044, 0.092, 0.150, 0.117, 0.060, 0.035, 0.025, 0.016, 0.011</default_value>
    </argument>
    <argument>
      <name>monthly_sch</name>
      <display_name>Month schedule</display_name>
      <description>Specify the 12-month schedule.</description>
      <type>String</type>
      <required>true</required>
      <model_dependent>false</model_dependent>
      <default_value>1.097, 1.097, 0.991, 0.987, 0.991, 0.890, 0.896, 0.896, 0.890, 1.085, 1.085, 1.097</default_value>
    </argument>
    <argument>
      <name>space</name>
      <display_name>Location</display_name>
      <description>Select the space where the cooking range is located. 'auto' will choose the lowest above-grade finished space available (e.g., first story living space), or a below-grade finished space as last resort. For multifamily buildings, 'auto' will choose a space for each unit of the building.</description>
      <type>Choice</type>
      <required>true</required>
      <model_dependent>false</model_dependent>
      <default_value>auto</default_value>
      <choices>
        <choice>
          <value>auto</value>
          <display_name>auto</display_name>
        </choice>
      </choices>
    </argument>
  </arguments>
  <outputs/>
  <provenances/>
  <tags>
    <tag>Equipment.Electric Equipment</tag>
  </tags>
  <attributes>
    <attribute>
      <name>Measure Type</name>
      <value>ModelMeasure</value>
      <datatype>string</datatype>
    </attribute>
    <attribute>
      <name>Uses SketchUp API</name>
      <value>false</value>
      <datatype>boolean</datatype>
    </attribute>
  </attributes>
  <files>
    <file>
      <filename>ResidentialCookingRange_Test.rb</filename>
      <filetype>rb</filetype>
      <usage_type>test</usage_type>
      <checksum>09AEDCFF</checksum>
    </file>
    <file>
      <filename>schedules.rb</filename>
      <filetype>rb</filetype>
      <usage_type>resource</usage_type>
      <checksum>E4C6BC93</checksum>
    </file>
    <file>
      <filename>geometry.rb</filename>
      <filetype>rb</filetype>
      <usage_type>resource</usage_type>
      <checksum>20190C86</checksum>
    </file>
    <file>
      <version>
        <software_program>OpenStudio</software_program>
        <identifier>1.9.0</identifier>
        <min_compatible>2.0.4</min_compatible>
      </version>
      <filename>measure.rb</filename>
      <filetype>rb</filetype>
      <usage_type>script</usage_type>
      <checksum>385AC1A4</checksum>
    </file>
    <file>
      <filename>constants.rb</filename>
      <filetype>rb</filetype>
      <usage_type>resource</usage_type>
      <checksum>B34275B6</checksum>
    </file>
    <file>
      <filename>SFD_2000sqft_2story_FB_GRG_UA.osm</filename>
      <filetype>osm</filetype>
      <usage_type>test</usage_type>
      <checksum>4A4369FC</checksum>
    </file>
    <file>
      <filename>SFD_2000sqft_2story_FB_GRG_UA_3Beds_2Baths.osm</filename>
      <filetype>osm</filetype>
      <usage_type>test</usage_type>
      <checksum>EEB150BD</checksum>
    </file>
    <file>
      <filename>SFD_2000sqft_2story_FB_GRG_UA_3Beds_2Baths_GasCookingRange.osm</filename>
      <filetype>osm</filetype>
      <usage_type>test</usage_type>
      <checksum>4980185A</checksum>
    </file>
    <file>
      <filename>SFD_2000sqft_2story_FB_GRG_UA_3Beds_2Baths_GasCookingRangeWithElecIgnition.osm</filename>
      <filetype>osm</filetype>
      <usage_type>test</usage_type>
      <checksum>68B73539</checksum>
    </file>
    <file>
      <filename>SFD_2000sqft_2story_FB_GRG_UA_3Beds_2Baths_PropaneCookingRange.osm</filename>
      <filetype>osm</filetype>
      <usage_type>test</usage_type>
      <checksum>7F87F6B5</checksum>
    </file>
    <file>
      <filename>SFD_2000sqft_2story_FB_GRG_UA_3Beds_2Baths_PropaneCookingRangeWithElecIgnition.osm</filename>
      <filetype>osm</filetype>
      <usage_type>test</usage_type>
      <checksum>55BFCB6C</checksum>
    </file>
    <file>
      <filename>MF_8units_1story_SL_3Beds_2Baths_Denver.osm</filename>
      <filetype>osm</filetype>
      <usage_type>test</usage_type>
      <checksum>DD3A4A07</checksum>
    </file>
    <file>
      <filename>SFA_4units_1story_FB_UA_3Beds_2Baths_Denver.osm</filename>
      <filetype>osm</filetype>
      <usage_type>test</usage_type>
      <checksum>DD29FB28</checksum>
    </file>
  </files>
</measure>
