<measure>
  <schema_version>3.0</schema_version>
  <name>process_constructions_crawlspace</name>
  <uid>c30a490e-4ff6-4fe9-88ae-a949421a287d</uid>
  <version_id>c9c7856e-789d-42a7-818b-4eef65887180</version_id>
  <version_modified>20180822T022834Z</version_modified>
  <xml_checksum>1E963D9C</xml_checksum>
  <class_name>ProcessConstructionsCrawlspace</class_name>
  <display_name>Set Residential Crawlspace Constructions</display_name>
  <description>This measure assigns constructions to the crawlspace ceilings, walls, and floors. See https://github.com/NREL/OpenStudio-BEopt#workflows for supported workflows using this measure.</description>
  <modeler_description>Calculates and assigns material layer properties of constructions for crawlspace: 1) ceilings, 2) walls, and 3) floors. Any existing constructions for these surfaces will be removed.</modeler_description>
  <arguments>
    <argument>
      <name>wall_rigid_r</name>
      <display_name>Wall Continuous Insulation Nominal R-value</display_name>
      <description>The R-value of the continuous insulation.</description>
      <type>Double</type>
      <units>hr-ft^2-R/Btu</units>
      <required>true</required>
      <model_dependent>false</model_dependent>
      <default_value>10</default_value>
    </argument>
    <argument>
      <name>ceiling_cavity_r</name>
      <display_name>Ceiling Cavity Insulation Nominal R-value</display_name>
      <description>Refers to the R-value of the cavity insulation and not the overall R-value of the assembly.</description>
      <type>Double</type>
      <units>h-ft^2-R/Btu</units>
      <required>true</required>
      <model_dependent>false</model_dependent>
      <default_value>0</default_value>
    </argument>
    <argument>
      <name>ceiling_install_grade</name>
      <display_name>Ceiling Cavity Install Grade</display_name>
      <description>Installation grade as defined by RESNET standard. 5% of the cavity is considered missing insulation for Grade 3, 2% for Grade 2, and 0% for Grade 1.</description>
      <type>Choice</type>
      <required>true</required>
      <model_dependent>false</model_dependent>
      <default_value>1</default_value>
      <choices>
        <choice>
          <value>1</value>
          <display_name>1</display_name>
        </choice>
        <choice>
          <value>2</value>
          <display_name>2</display_name>
        </choice>
        <choice>
          <value>3</value>
          <display_name>3</display_name>
        </choice>
      </choices>
    </argument>
    <argument>
      <name>ceiling_framing_factor</name>
      <display_name>Ceiling Framing Factor</display_name>
      <description>Fraction of ceiling that is framing.</description>
      <type>Double</type>
      <units>frac</units>
      <required>true</required>
      <model_dependent>false</model_dependent>
      <default_value>0.13</default_value>
    </argument>
    <argument>
      <name>ceiling_joist_height_in</name>
      <display_name>Ceiling Joist Height</display_name>
      <description>Height of the joist member.</description>
      <type>Double</type>
      <units>in</units>
      <required>true</required>
      <model_dependent>false</model_dependent>
      <default_value>9.25</default_value>
    </argument>
    <argument>
      <name>slab_whole_r</name>
      <display_name>Whole Slab Insulation Nominal R-value</display_name>
      <description>The R-value of the continuous insulation.</description>
      <type>Double</type>
      <units>h-ft^2-R/Btu</units>
      <required>true</required>
      <model_dependent>false</model_dependent>
      <default_value>0</default_value>
    </argument>
  </arguments>
  <outputs/>
  <provenances/>
  <tags>
    <tag>Envelope.Opaque</tag>
  </tags>
  <attributes>
    <attribute>
      <name>Measure Type</name>
      <value>ModelMeasure</value>
      <datatype>string</datatype>
    </attribute>
    <attribute>
      <name>Uses SketchUp API</name>
      <value>false</value>
      <datatype>boolean</datatype>
    </attribute>
  </attributes>
  <files>
    <file>
      <filename>util.rb</filename>
      <filetype>rb</filetype>
      <usage_type>resource</usage_type>
      <checksum>4516079E</checksum>
    </file>
    <file>
      <filename>materials.rb</filename>
      <filetype>rb</filetype>
      <usage_type>resource</usage_type>
      <checksum>82D32FEE</checksum>
    </file>
    <file>
      <filename>constants.rb</filename>
      <filetype>rb</filetype>
      <usage_type>resource</usage_type>
      <checksum>3BCB1148</checksum>
    </file>
    <file>
      <filename>Crawlspace_Test.rb</filename>
      <filetype>rb</filetype>
      <usage_type>test</usage_type>
      <checksum>8D69EEE4</checksum>
    </file>
    <file>
      <filename>geometry.rb</filename>
      <filetype>rb</filetype>
      <usage_type>resource</usage_type>
      <checksum>3A649817</checksum>
    </file>
    <file>
      <version>
        <software_program>OpenStudio</software_program>
        <identifier>1.3.0</identifier>
        <min_compatible>2.0.4</min_compatible>
      </version>
      <filename>measure.rb</filename>
      <filetype>rb</filetype>
      <usage_type>script</usage_type>
      <checksum>8388B83D</checksum>
    </file>
    <file>
      <filename>constructions.rb</filename>
      <filetype>rb</filetype>
      <usage_type>resource</usage_type>
      <checksum>D8B04DC5</checksum>
    </file>
    <file>
      <filename>unit_conversions.rb</filename>
      <filetype>rb</filetype>
      <usage_type>resource</usage_type>
      <checksum>81550F14</checksum>
    </file>
    <file>
      <filename>SFD_2000sqft_2story_CS_UA.osm</filename>
      <filetype>osm</filetype>
      <usage_type>test</usage_type>
      <checksum>8E2ECC05</checksum>
    </file>
    <file>
      <filename>SFD_2000sqft_2story_CS_GRG_UA.osm</filename>
      <filetype>osm</filetype>
      <usage_type>test</usage_type>
      <checksum>0965900D</checksum>
    </file>
    <file>
      <filename>MF_8units_1story_CS_3Beds_2Baths_Denver.osm</filename>
      <filetype>osm</filetype>
      <usage_type>test</usage_type>
      <checksum>FFE530E8</checksum>
    </file>
    <file>
      <filename>SFA_4units_1story_CS_UA_3Beds_2Baths_Denver.osm</filename>
      <filetype>osm</filetype>
      <usage_type>test</usage_type>
      <checksum>983F2F9B</checksum>
    </file>
  </files>
</measure>
