Data_Status,State,MSN,1970,1971,1972,1973,1974,1975,1976,1977,1978,1979,1980,1981,1982,1983,1984,1985,1986,1987,1988,1989,1990,1991,1992,1993,1994,1995,1996,1997,1998,1999,2000,2001,2002,2003,2004,2005,2006,2007,2008,2009,2010,2011,2012,2013,2014,2015,2016,2017,2018,2019,2020,2021,2022
2022P,AK,CLRCD,2.47,2.4,2.28,2.44,2.54,2.87,2.78,2.86,0,0,0,9.62,10.15,7.9,7.93,7.75,7.99,0,0,0,7.96,10.99,7.92,7.96,2.95,2.04,2.05,2.18,2.06,2.13,1.89,1.95,1.99,2.13,1.99,1.99,2.11,2.3,0,0,0,0,0,0,0,0,0,0,0,0,0,0,0
2022P,AK,DFRCD,1.4,1.48,1.49,1.71,2.63,2.8,3.11,3.34,3.84,4.92,7.05,8.51,8.46,7.84,7.71,7.81,6.84,6.24,6.27,6.95,7.94,7.57,6.78,6.93,6.24,6.02,6.56,7.02,6.15,6.97,9.65,9.94,7.85,8.97,11,14.88,17.33,18.28,25.32,18.2,21.46,26.58,27.82,27.51,26.89,18.87,15.74,17.95,20.93,20.16,16.56,19.78,30.55
2022P,AK,ESRCD,9.29,9.31,10.28,9.53,9.83,10.16,10.89,12.25,13.12,13.51,16.18,17.65,21.01,24.04,24.78,25.96,26.48,28.75,28.39,28.72,29.64,31.28,31.73,32.67,33.17,32.93,33.3,33.53,33.7,32.7,33.57,35.51,35.31,35.11,36.45,38.97,43.46,44.49,48.52,50.24,47.65,51.63,52.41,53.1,56.08,58.11,59.51,62.34,64.3,67.17,66.15,66.09,67.72
2022P,AK,NGRCD,1.51,1.52,1.55,1.56,1.57,1.62,1.65,1.7,1.76,1.71,1.73,1.95,1.8,2.33,2.48,2.79,3.22,3.18,3.45,3.65,4.01,4.17,3.78,3.99,3.59,3.61,3.46,3.77,3.67,3.64,3.49,4.19,4.39,4.37,4.86,5.71,6.81,8.63,8.67,10.18,8.85,8.66,8.37,8.84,9.1,9.63,9.8,10.65,11.29,11.31,11.32,11.15,11.27
2022P,AK,PQRCD,,,,,,,,,,,,,,,,,,,,,,,,,,,,,,,,,,,,,,,,,34.25,35.02,32.31,32,37.29,28.61,27.41,31.54,32.69,28.91,25.64,32.75,36.1
2022P,AK,WDRCD,0.82,0.86,0.87,1,1.54,1.62,1.74,1.96,2.08,2.98,4.15,5.1,4.95,4.79,4.88,4.69,3.76,3.58,3.62,3.99,4.75,4.55,4.16,4.06,3.94,3.86,4.43,4.41,3.82,3.92,5.88,5.62,5.09,6.11,6.95,9.2,10.6,11.71,14.42,10.83,12.78,15.36,17.11,16.76,16.34,11.26,9.62,10.76,11.9,11.46,9.47,11.37,
2022P,AL,CLRCD,0.81,0.94,1.01,1.17,1.86,1.82,1.9,2.01,2.91,2.76,2.97,3.71,3.3,3.56,3.27,3.19,2.89,2.88,2.62,2.64,2.7,2.81,2.69,2.73,2.83,2.61,2.62,2.72,2.81,2.77,2.87,3.31,2.72,3.17,3.26,4.61,5.63,4.51,0,0,0,0,0,0,0,0,0,0,0,0,0,0,0
2022P,AL,DFRCD,1.24,1.36,1.37,1.51,2.26,2.53,2.79,3.28,3.45,4.57,6.83,8.55,8.16,4.93,7.89,7.68,5.33,5.13,4.93,5.52,6.7,6.16,5.52,5.38,5.36,4.83,5.81,5.54,4.44,4.86,8.36,7.08,6.37,7.12,9.41,13.84,15.99,17.5,24.36,14.23,17.28,24.87,24.79,25.78,24.85,15.59,13.23,15.34,16.91,16.29,13.37,15.98,24.68
2022P,AL,ESRCD,4.62,4.89,5.14,5.73,6.71,8.05,8.71,10.42,10.77,12.33,14.44,16.17,18.6,19.4,20.32,18.74,18.95,18.92,19.06,19.31,19.32,19.61,19.6,20,19.61,19.66,19.44,19.77,20.34,20.6,20.67,20.56,20.88,21.67,22.34,23.44,25.65,27.33,30.48,31.24,31.27,32.52,33.4,33,33.66,34.28,35.14,36.77,35.68,36.72,36.86,37.97,41.76
2022P,AL,NGRCD,1.1,1.15,1.23,1.33,1.51,1.52,1.94,2.24,2.63,3.56,3.91,4.61,5.31,6,6.06,6.18,6.3,6.43,6.33,6.09,6.38,6.86,6.56,6.89,7.19,6.67,6.99,8.02,7.9,8.05,8.8,11.68,10.23,11.48,13.01,15.36,18.3,17.68,17.89,17.65,15.55,14.84,15.94,15.22,14.31,13.75,13.7,15.68,14.82,15.21,15.54,15.25,16.86
2022P,AL,PQRCD,,,,,,,,,,,,,,,,,,,,,,,,,,,,,,,,,,,,,,,,,26.6,29.06,26.73,26.47,31.01,23.55,22.52,26.08,27.06,23.81,21,27.11,29.99
2022P,AL,WDRCD,0.85,0.9,0.9,1.04,1.61,1.69,1.81,2.04,2.16,3.1,4.31,5.31,5.15,4.99,5.07,4.88,3.91,3.73,3.77,4.16,3.53,3.38,3.09,3.02,2.93,2.87,3.29,3.28,2.84,2.91,4.37,4.17,3.78,4.54,5.16,6.83,7.87,8.7,10.72,8.05,9.5,11.42,12.71,12.45,12.14,8.37,7.15,8,8.85,8.51,7.04,8.45,
2022P,AR,CLRCD,0,0,0,0,0,0,0,2.01,2.91,0,2.97,2.74,3.3,2.54,3.27,3.19,0,2.88,2.62,2.64,2.7,2.81,2.69,2.73,2.83,0,0,2.72,2.81,1.01,0,0,2.72,0,3.26,0,5.63,4.51,0,0,0,0,0,0,0,0,0,0,0,0,0,0,0
2022P,AR,DFRCD,0.93,1.01,1.02,1.32,2.28,2.4,2.54,2.91,2.97,4.57,6.54,8.06,7.61,5.07,7.55,10.33,4.38,5.3,4.71,4.95,7.69,7.11,4.99,5.68,5.38,5.2,5.84,5.57,4.46,4.89,8.41,7.16,6.43,7.19,9.57,14.11,16.3,17.83,24.82,14.5,17.62,25.35,25.26,26.28,25.45,15.97,13.55,15.71,17.32,16.68,13.7,16.36,25.27
2022P,AR,ESRCD,6.82,6.92,7.08,7.03,8.46,9.35,10.72,11.91,12.42,12.89,15.58,16.55,19.15,21.2,21.12,21.91,22.68,22.46,22.31,22.78,23.64,23.75,24.27,24.24,23.66,23.4,22.78,22.86,22,21.76,21.85,22.61,21.26,21.23,21.58,23.45,25.95,25.59,27.18,26.79,25.95,26.42,27.24,28.09,27.86,28.78,29.09,30.12,28.74,28.71,30.5,33.03,35.33
2022P,AR,NGRCD,0.75,0.78,0.83,0.87,1.06,1.12,1.23,1.94,1.96,1.54,2.49,3.06,3.84,4.32,4.29,4.35,4.77,4.57,4.78,4.83,5.06,4.89,5.06,5.31,5.59,5.05,5.77,6.58,6.68,7.09,7.29,9.9,8.74,10.02,11.62,13.52,13.73,12.96,13.97,13.24,11.45,11.29,11.7,10.26,10.27,11.44,11.03,12.78,11.61,10.9,12.12,12.37,16.52
2022P,AR,PQRCD,,,,,,,,,,,,,,,,,,,,,,,,,,,,,,,,,,,,,,,,,24.63,27.48,25.26,25.01,29.48,22.33,21.34,24.75,25.69,22.58,19.88,25.74,28.5
2022P,AR,WDRCD,0.71,0.74,0.75,0.86,1.33,1.39,1.49,1.69,1.79,2.57,3.57,4.39,4.26,4.13,4.2,4.04,3.24,3.08,3.12,3.44,3.53,3.38,3.09,3.02,2.93,2.87,3.29,3.28,2.84,2.91,4.37,4.17,3.78,4.54,5.16,6.83,7.87,8.7,10.72,8.05,9.5,11.42,12.71,12.45,12.14,8.37,7.15,8,8.85,8.51,7.04,8.45,
2022P,AZ,CLRCD,0,0,0,0,0,0,0,0,0,0,0,0,4.59,0,4.21,3.85,0,2.62,2.63,0,3.02,3.06,2.8,2.47,2.28,2.21,2.2,2.72,2.87,3.48,2.62,2.85,2.57,2.52,3.33,3.56,3.73,3.89,0,0,0,0,0,0,0,0,0,0,0,0,0,0,0
2022P,AZ,DFRCD,1.27,1.34,1.35,1.57,2.49,2.82,3.03,3.14,3.41,4.42,7.27,7.95,0,7.37,6.61,4,4.74,3.74,4.98,4.98,7.57,7.36,6.97,7.33,6.89,6.87,7.57,8.03,6.93,7.62,10.56,9.94,8.63,10.39,12.64,16.66,19.09,20.56,25.51,17.88,22.81,28.33,29.66,29.16,28.38,19.91,16.59,18.94,22.09,21.28,17.47,20.87,32.24
2022P,AZ,ESRCD,6.99,6.92,7.34,7.78,9.3,11.67,12.32,14.05,14.91,16.53,18.28,20.21,22.63,22.82,23.47,24.18,25.37,25.09,25.65,25.93,26.49,26.8,28.08,28.27,27.25,26.64,26.22,25.85,25.43,25.01,24.73,24.32,24.24,24.46,24.79,25.98,27.54,28.32,30.09,31.44,32.14,32.48,33.1,34.33,34.88,35.55,35.62,36.45,37.42,36.44,35.97,36.75,38.15
2022P,AZ,NGRCD,1.13,1.16,1.18,1.3,1.41,1.46,2.02,2.48,2.88,3.37,3.88,4.39,5.62,6.35,6.85,6.69,6.06,5.89,6.76,6.64,6.64,6.82,7.02,7.01,7.33,7.54,7.45,7.66,8.36,8.99,9.34,10.44,11.88,11.17,11.95,13.23,16.02,16.78,17.15,17.33,15.61,14.85,15.43,13.57,16.66,16.32,14.67,15.09,14.76,13.05,12.75,15,17.25
2022P,AZ,PQRCD,,,,,,,,,,,,,,,,,,,,,,,,,,,,,,,,,,,,,,,,,31.24,33.58,30.88,30.41,35.51,26.93,25.75,29.83,30.96,27.23,24,31.02,34.33
2022P,AZ,WDRCD,0.72,0.76,0.77,0.88,1.36,1.43,1.53,1.74,1.83,2.63,3.66,4.51,4.37,4.23,4.31,4.14,3.32,3.16,3.2,3.53,4.75,4.55,4.16,4.06,3.94,3.86,4.43,4.41,3.82,3.92,5.88,5.62,5.09,6.11,6.95,9.2,10.6,11.71,14.42,10.83,12.78,15.36,17.11,16.76,16.34,11.26,9.62,10.76,11.9,11.46,9.47,11.37,
2022P,CA,CLRCD,1.31,0.85,0.9,0,1.52,0,0,0,3.42,4.87,5.13,5.43,5.68,4.62,4.63,4.54,0,3.76,3.37,3.66,3.77,5.21,3.76,3.77,3.74,3.77,4.03,3.71,3.66,3.69,3.72,3.48,3.87,3.77,3.61,3.56,3.73,0,0,0,0,0,0,0,0,0,0,0,0,0,0,0,0
2022P,CA,DFRCD,1.27,1.34,1.35,1.57,2.49,2.8,3.11,3.21,3.27,4.48,6.92,7.9,7.85,7.91,7.67,5.25,7.58,6.05,5.84,7.63,5.7,5.6,7.04,7.4,6.95,6.93,7.64,8.11,6.99,7.69,10.78,10.1,8.76,10.55,12.84,16.92,19.39,20.88,25.91,18.29,23.26,28.64,29.84,29.57,28.9,20.26,16.89,19.24,22.44,21.61,17.75,21.2,32.74
2022P,CA,ESRCD,6.53,6.78,7.22,7.72,9.89,10.68,11.19,12.41,13.13,13.1,17.18,19.09,22.47,20.88,20.73,22.8,23.26,23.55,25.02,27.69,29.26,31.61,32.46,33.13,33.49,34.02,33.2,33.71,31.04,31.31,31.92,35.43,37.05,35.84,35.75,36.66,42.01,42.27,40.46,43.21,43.24,43.3,44.95,47.56,47.61,49.8,50.98,53.66,55.2,56.14,59.93,66.89,75.73
2022P,CA,NGRCD,0.93,0.98,1.03,1.11,1.31,1.49,1.68,1.8,1.89,2.36,3.37,3.58,4.24,5.2,5.62,5.51,4.95,5.13,5.48,5.37,5.6,6.11,5.81,6.01,6.26,6.35,6.23,6.7,6.55,6.52,8.58,10.27,6.98,8.95,9.67,11.58,11.53,11.24,12.41,9.18,9.71,9.74,8.96,9.67,11.19,10.99,11.44,12.06,11.9,12.52,13.68,15.8,19.47
2022P,CA,PQRCD,,,,,,,,,,,,,,,,,,,,,,,,,,,,,,,,,,,,,,,,,30.42,33.04,30.23,30,35.2,26.66,25.48,29.48,30.6,26.89,23.69,30.66,33.94
2022P,CA,WDRCD,0.82,0.86,0.87,1,1.54,1.62,1.74,1.96,2.08,2.98,4.15,5.1,4.95,4.79,4.88,4.69,3.76,3.58,3.62,3.99,4.75,4.55,4.16,4.06,3.94,3.86,4.43,4.41,3.82,3.92,5.88,5.62,5.09,6.11,6.95,9.2,10.6,11.71,14.42,10.83,12.78,15.36,17.11,16.76,16.34,11.26,9.62,10.76,11.9,11.46,9.47,11.37,
2022P,CO,CLRCD,0.9,0.84,0.98,1.48,1.07,1.58,1.41,1.61,1.71,2.97,2.54,3.42,3.18,2.91,2.92,2.83,2.78,2.4,2.12,2.43,2.41,2.36,2.43,2.16,2.25,2.24,2.14,2.14,2.1,2.05,2.13,2.25,2.43,2.24,2.12,2.45,3.73,2.94,0,0,0,0,0,0,0,0,0,0,0,0,0,0,0
2022P,CO,DFRCD,1.28,1.36,1.36,1.58,2.51,2.84,2.94,3.25,3.28,4.63,6.96,8.32,7.94,5.82,6.84,6.91,4.32,3.49,3.47,5.09,6.19,5.9,4.82,4.75,2.93,3.94,4.46,6.96,5.77,5.99,8.65,8.03,6.75,8.88,10.38,15.56,17.68,19.36,23.66,15.35,19.45,25.11,25.77,25.14,23.88,14.25,12.81,17.23,19.34,18.63,15.3,18.27,28.23
2022P,CO,ESRCD,7.73,7.78,8.03,8.07,8.84,9.94,10.31,10.76,11.32,12.44,15,17.2,19.61,19.72,19.76,20.28,20.6,20.01,20.31,20.56,20.57,20.72,21.11,21.22,21.56,21.75,21.95,21.74,21.83,21.63,21.41,21.88,21.61,23.87,24.66,26.56,26.44,27.12,29.68,29.3,32.35,33.02,33.58,34.96,35.7,35.52,35.39,35.65,35.6,35.68,36.22,38.31,41.59
2022P,CO,NGRCD,0.74,0.77,0.78,0.84,1.02,1.29,1.41,1.83,2.25,2.81,3.26,4.19,4.89,5.48,5.23,5.11,4.99,4.74,4.39,4.58,4.56,4.46,4.48,4.48,4.92,4.73,4.33,4.77,5.19,5.38,6.15,8.33,5.58,6.55,8.42,10.01,10.14,8.6,9.62,8.67,7.99,8,7.98,7.59,8.51,7.83,6.95,7.63,7.23,7.2,6.75,8.62,12.16
2022P,CO,PQRCD,,,,,,,,,,,,,,,,,,,,,,,,,,,,,,,,,,,,,,,,,22.42,25.78,23.63,23.39,27.59,20.68,19.73,23.02,23.93,20.92,18.32,23.98,26.64
2022P,CO,WDRCD,0.72,0.76,0.77,0.88,1.36,1.43,1.53,1.74,1.83,2.63,3.66,4.51,4.37,4.23,4.31,4.14,3.32,3.16,3.2,3.53,4.75,4.55,4.16,4.06,3.94,3.86,4.43,4.41,3.82,3.92,5.88,5.62,5.09,6.11,6.95,9.2,10.6,11.71,14.42,10.83,12.78,15.36,17.11,16.76,16.34,11.26,9.62,10.76,11.9,11.46,9.47,11.37,
2022P,CT,CLRCD,1.3,1.56,1.58,1.83,2.19,2.62,2.64,3.12,3.68,3.64,4.47,5.4,5.46,5.02,4.76,4.39,4.19,3.85,4.24,4.21,4.37,4.08,4.17,3.96,4.07,4.01,4.3,4.12,4.04,4.02,4.12,4.05,4.13,4,4.91,5.42,5.69,5.69,0,0,0,0,0,0,0,0,0,0,0,0,0,0,0
2022P,CT,DFRCD,1.48,1.56,1.56,1.77,2.88,2.84,3.04,3.4,3.61,5.19,7.07,8.77,8.53,8.46,8.69,8.37,6.9,6.46,6.61,7.23,8.55,8.27,7.24,7.02,6.81,6.61,7.54,7.37,6.36,6.52,9.88,9.48,8.55,10.37,11.62,15.4,18.08,20.13,24.61,19.17,21.86,25.71,29.16,28.2,27.49,18.87,16.05,17.99,19.92,18.81,14.9,18.06,27.85
2022P,CT,ESRCD,7.21,7.8,8.61,9.44,12.98,14.49,14.11,14.41,14.64,16.92,20.27,25.36,27.93,28.23,29.35,29.24,27.2,26.82,27.03,28.09,29.33,30.81,32.45,33.4,33.62,35.04,35.32,35.56,35.01,33.59,31.82,31.96,32.11,33.16,34.09,39.98,49.4,56.01,57.28,59.59,56.41,53.06,50.83,51.45,57.88,61.36,58.65,59.47,62.14,64.11,66.57,64.21,72.13
2022P,CT,NGRCD,1.88,2.04,2.06,2.21,2.76,3.28,3.38,4.3,4.42,4.69,5.72,6.68,8.29,9.43,8.56,8.88,8.57,7.96,7.63,7.98,8.3,8.48,8.72,9.18,9.83,9.71,9.8,10.05,10.33,10.29,11.11,11.93,10.89,12.44,13.73,15.84,17.25,16.01,17.49,14.47,14.56,13.46,13.74,13.06,13.75,12.17,12.56,13.56,13.51,14.18,14.26,15.61,17.84
2022P,CT,PQRCD,,,,,,,,,,,,,,,,,,,,,,,,,,,,,,,,,,,,,,,,,32.19,35.51,33.84,34.27,37.76,30.63,30.27,33.44,34.62,32.05,31.01,38.44,43.11
2022P,CT,WDRCD,0.56,0.59,0.6,0.69,1.06,1.11,1.19,1.35,1.43,2.05,2.85,3.51,3.4,3.3,3.35,3.22,2.58,2.46,2.49,2.75,2.83,2.71,2.48,2.42,2.35,2.3,2.64,2.63,2.27,2.33,3.5,3.34,3.03,3.64,4.14,5.48,6.31,6.97,8.59,6.45,7.61,9.15,10.19,9.98,9.73,6.71,5.73,6.41,7.09,6.82,5.64,6.77,
2022P,DC,CLRCD,1.05,1.25,1.47,1.39,2.27,1.75,1.75,0,0,0,3.18,3.76,3.82,3.37,3.57,3.28,3.22,3.1,3.07,3.25,3.36,3.09,3.1,3.23,3.23,3.11,3.19,3.23,3.06,2.89,2.94,3.84,3.36,3.3,4.23,4.99,0,4.6,0,0,0,0,0,0,0,0,0,0,0,0,0,0,0
2022P,DC,DFRCD,1.42,1.44,1.45,1.69,2.58,2.71,2.9,3.32,3.66,5.35,7.4,9.19,8.98,8.94,9.07,8.74,7.12,7.02,7,7.54,8.24,8.58,8.08,7.99,7.67,7.71,8.99,8.96,7.8,7.72,10.4,10.92,8.95,10.75,12.17,15.86,18.41,20.14,24.92,18.69,22.19,26.17,29.76,28.81,28.06,19.6,16.85,18.74,20.65,21.15,17.6,20.73,31.77
2022P,DC,ESRCD,7.02,7.71,8.07,8.53,11.51,12.65,12.81,13.35,14.97,15.29,17.32,19.34,18.75,19.5,18.84,20.31,19.97,19.15,18.41,17.59,17.88,19.29,19.38,21.04,21.88,22.35,22.77,23.07,23.45,23.44,23.53,22.82,23.38,22.98,23.45,26.68,28.95,32.77,37.46,40.23,41.06,39.26,35.99,36.83,37.34,38.06,36.02,37.91,37.63,38.05,37.03,38.36,41.57
2022P,DC,NGRCD,1.43,1.49,1.62,1.66,1.69,2.3,2.54,3.13,3.35,3.7,4.56,5.42,6.53,8.02,7.95,7.8,7.42,6.99,6.88,7.36,7.12,7.03,7.55,8.28,8.2,7.98,9.1,9.2,8.68,8.52,10.53,12.33,10.75,12.94,13.93,16.04,16.55,15.26,16.04,13.45,13.34,12.86,11.76,12.09,12.51,11.48,10.44,12.06,11.37,12.38,11.54,13.85,16.13
2022P,DC,PQRCD,,,,,,,,,,,,,,,,,,,,,,,,,,,,,,,,,,,,,,,,,31.58,34.59,33.7,33.09,35.38,29.51,28.86,31.85,33.8,30.32,28.1,33.78,36.44
2022P,DC,WDRCD,0.73,0.77,0.78,0.89,1.38,1.45,1.55,1.76,1.86,2.66,3.7,4.56,4.42,4.28,4.36,4.19,3.36,3.2,3.23,3.57,3.53,3.38,3.09,3.02,2.93,2.87,3.29,3.28,2.84,2.91,4.37,4.17,3.78,4.54,5.16,6.83,7.87,8.7,10.72,8.05,9.5,11.42,12.71,12.45,12.14,0,7.15,8,0,0,7.04,0,
2022P,DE,CLRCD,1.13,1.25,1.47,1.55,2.27,2.73,1.75,2.67,2.96,3.02,3.38,4.16,4.22,3.73,4.07,3.76,3.75,3.5,3.65,3.51,3.75,3.6,3.74,3.65,3.52,3.34,3.33,3.37,3.33,3.54,3.47,5.04,0,0,0,0,4.87,4.77,0,0,0,0,0,0,0,0,0,0,0,0,0,0,0
2022P,DE,DFRCD,1.42,1.44,1.45,1.69,2.58,2.71,2.9,3.32,3.45,4.92,6.88,8.46,8.03,7.64,7.9,7.54,6.13,5.72,5.78,6.36,7.63,7.19,6.66,6.48,6.45,6.28,7.1,7.1,6.19,6.38,9.17,8.91,8.4,10.34,11.33,14.98,17.23,18.76,23.16,17.6,21.46,24.69,28.07,27.19,26.53,18.54,15.93,17.72,19.52,19.92,17.44,20.85,31.42
2022P,DE,ESRCD,7.53,8.11,9.37,9.79,13.11,13.93,14.29,16.26,16.63,18.08,21.76,25.02,28.57,28.24,27.19,27.29,24.88,24.21,24.65,23.91,24.6,25.25,25.38,26.42,26.11,26.63,26.29,27.03,26.76,26.87,25.03,25.22,25.5,25.18,25.72,26.42,34.73,38.58,40.84,41.24,40.46,40.15,39.8,37.96,38.96,39.34,39.32,39.12,36.73,36.78,36.82,36.68,40.18
2022P,DE,NGRCD,1.55,1.6,1.68,1.82,2.07,2.39,2.56,3.17,3.95,3.92,4.16,5.35,5.85,6.49,6.55,6.91,6.97,6.26,5.9,6.3,6.07,5.82,5.91,6.47,7.17,6.37,6.88,8.08,8.38,8.08,8,8.77,10.16,10.15,11.66,14.06,16.32,15.62,15.56,17.24,14.76,14.94,14.82,13.04,12.52,11.99,11.3,12.25,12.07,11.6,12.43,12.63,14.53
2022P,DE,PQRCD,,,,,,,,,,,,,,,,,,,,,,,,,,,,,,,,,,,,,,,,,28.82,31.79,30.94,29.5,32.62,27.79,26.76,28.43,30.21,27.42,24.86,29.36,33.21
2022P,DE,WDRCD,0.73,0.77,0.78,0.89,1.38,1.45,1.55,1.76,1.86,2.66,3.7,4.56,4.42,4.28,4.36,4.19,3.36,3.2,3.23,3.57,3.53,3.38,3.09,3.02,2.93,2.87,3.29,3.28,2.84,2.91,4.37,4.17,3.78,4.54,5.16,6.83,7.87,8.7,10.72,8.05,9.5,11.42,12.71,12.45,12.14,8.37,7.15,8,8.85,8.51,7.04,8.45,
2022P,FL,CLRCD,0,0,0,0,0,0,0,0,0,0,3.12,3.59,3.72,3.35,3.45,3.31,3,2.96,2.95,3.05,3.1,2.94,2.92,3.1,3.1,3,2.94,0,2.99,2.96,2.99,3.31,3.25,3.17,0,4.61,5.63,4.51,0,0,0,0,0,0,0,0,0,0,0,0,0,0,0
2022P,FL,DFRCD,1.25,1.38,1.39,1.54,2.48,2.62,2.91,3.22,3.47,4.56,6.92,8.69,8.38,7.25,6.97,6.73,7.67,6.75,7.17,6.56,9.59,8.95,11.11,7.05,12.03,7.13,13.26,7.2,6.38,6.85,9.92,9.18,7.95,9.64,11.2,15.69,17.33,18.59,24.52,17.37,20.48,27.36,27.27,28.29,27.34,17.9,15.49,17.64,19.24,18.78,16.38,19.57,29.58
2022P,FL,ESRCD,6.1,6.26,6.54,6.95,9.13,10.92,11.57,12.09,12.72,14.12,16.74,21.17,21.88,22.8,23.8,24.73,23.36,22.73,22.91,22.67,22.78,23.18,22.71,23.41,22.8,22.93,23.43,23.68,23.13,22.65,22.78,25.19,23.91,25.07,26.35,28.2,33.21,32.89,34.16,36.3,33.52,33.73,33.48,33.04,34.84,33.94,32.19,34.02,33.82,34.3,33.03,34.87,40.75
2022P,FL,NGRCD,2.42,2.44,2.48,2.54,2.67,2.54,2.65,3.31,3.31,3.51,4.49,4.8,6.1,6.25,6.52,6.72,6.7,6.83,6.94,7.45,7.82,8.18,8.25,9.12,8.85,9.21,9.62,11.25,10.71,11.08,11.67,14.77,13.19,15.52,17.14,19.42,20.88,19.9,20.42,19.58,17.47,17.89,18,18.14,18.47,18.87,19.74,20.48,20.76,21.18,20.82,22.23,25.63
2022P,FL,PQRCD,,,,,,,,,,,,,,,,,,,,,,,,,,,,,,,,,,,,,,,,,36.11,39.44,37.31,37.18,42.27,36.65,36.46,40.12,41.39,36.98,33.66,40.65,43.69
2022P,FL,WDRCD,0.73,0.77,0.78,0.89,1.38,1.45,1.55,1.76,1.86,2.66,3.7,4.56,4.42,4.28,4.36,4.19,3.36,3.2,3.23,3.57,3.53,3.38,3.09,3.02,2.93,2.87,3.29,3.28,2.84,2.91,4.37,4.17,3.78,4.54,5.16,6.83,7.87,8.7,10.72,8.05,9.5,11.42,12.71,12.45,12.14,8.37,7.15,8,8.85,8.51,7.04,8.45,
2022P,GA,CLRCD,1,0.96,1.1,0.97,1.33,3.23,1.52,2.28,2.92,2.89,3.12,3.59,3.72,3.35,3.45,3.31,3,2.96,2.95,3.05,3.1,2.94,2.92,3.1,3.1,3,2.94,2.95,2.99,2.96,2.99,3.31,3.25,0,3.84,5.17,0,5,0,0,0,0,0,0,0,0,0,0,0,0,0,0,0
2022P,GA,DFRCD,1.24,1.36,1.37,1.62,2.46,2.61,2.89,3.28,3.49,4.62,6.92,8.62,8.35,6.49,6.97,7.51,5.43,5.45,5.54,5.34,6.7,6.25,6.01,6.07,3.85,4.37,7.17,7.06,6.26,6.72,9.74,9.01,7.8,9.46,10.98,15.4,17,18.24,24.05,17.04,20.09,26.84,26.76,27.75,26.82,17.56,15.2,17.31,18.88,18.43,16.07,19.2,29.02
2022P,GA,ESRCD,5.18,5.47,5.89,6.18,7.39,9.01,9.26,10.77,11.85,12.61,13.85,15.1,17.86,18.36,18.62,18.91,19.67,19.8,20.58,21.18,21.87,21.98,22.66,22.84,22.62,23.01,22.44,22.69,22.48,22.17,22.27,22.64,22.35,22.58,23.03,25.33,26.11,26.66,29.09,29.69,29.51,32.4,32.75,33.58,34.14,33.82,33.71,34.87,33.62,34.48,35.22,36.66,40.45
2022P,GA,NGRCD,1.02,1.1,1.22,1.27,1.36,1.46,1.65,1.91,2.27,2.77,3.57,4.23,5.18,5.95,6.25,6.42,6.46,6.18,6.07,6.09,6.64,6.52,6.29,6.62,7.11,6.02,6.53,7.21,6.6,4.25,8.23,10.23,9.61,11.52,13.53,16.19,17.84,17.04,17.84,15.93,14.85,15.44,15.99,14.38,14.21,14.29,14.16,16.47,13.61,14.5,15.04,15.49,17.55
2022P,GA,PQRCD,,,,,,,,,,,,,,,,,,,,,,,,,,,,,,,,,,,,,,,,,25.86,29.69,28.14,28.04,31.76,27.65,27.51,30.19,31.11,27.89,25.48,30.57,32.8
2022P,GA,WDRCD,0.73,0.77,0.78,0.89,1.38,1.45,1.55,1.76,1.86,2.66,3.7,4.56,4.42,4.28,4.36,4.19,3.36,3.2,3.23,3.57,3.53,3.38,3.09,3.02,2.93,2.87,3.29,3.28,2.84,2.91,4.37,4.17,3.78,4.54,5.16,6.83,7.87,8.7,10.72,8.05,9.5,11.42,12.71,12.45,12.14,8.37,7.15,8,8.85,8.51,7.04,8.45,
2022P,HI,CLRCD,0,0,0,0,0,0,0,0,0,0,0,0,0,0,0,0,0,0,0,0,0,0,0,0,0,0,0,0,0,0,0,0,0,0,0,0,0,0,0,0,0,0,0,0,0,0,0,0,0,0,0,0,0
2022P,HI,DFRCD,1.27,1.34,1.35,1.57,2.49,2.8,3.11,3.21,3.27,4.48,6.92,7.9,0,7.98,7.61,7.57,5.86,5.83,5.77,6.49,7.69,7.48,6.91,7.26,6.82,6.8,7.5,7.96,6.86,7.54,10.46,9.82,8.5,10.23,12.45,16.4,18.8,20.25,25.13,17.61,22.34,27.64,28.93,28.6,27.95,19.6,16.34,18.66,0,0,17.21,20.55,31.75
2022P,HI,ESRCD,8.22,8.65,8.76,9.59,11.09,14.59,15.05,16.4,18.31,19.78,23.64,35.57,38.6,34.88,34.57,33.29,27.17,27.63,25.89,27.19,30.07,30.83,31.95,35.99,36.49,39.05,41.79,43.37,40.5,41.9,48.09,47.88,45.82,49.04,52.94,60.67,68.43,70.7,95.24,70.93,82.36,101.64,109.45,108.4,108.56,86.76,80.5,86.47,95.17,93.97,88.75,98.16,126.1
2022P,HI,NGRCD,0,0,0,0,0,0,0,0,0,0,13.5,16.24,15.88,16.1,16.91,16.74,14.82,14.89,14.55,14.5,15.37,21.23,16.81,16.49,16.01,16.74,18.74,21.11,18.23,17.98,20.89,21.77,21.79,26.05,25.91,29.84,33.7,32.84,42.73,34.97,42.79,52.75,50.54,48.84,49.54,40.81,37.19,39.88,45.2,46.37,39.65,51.19,62.66
2022P,HI,PQRCD,,,,,,,,,,,,,,,,,,,,,,,,,,,,,,,,,,,,,,,,,57.01,52.79,49.01,48.59,55.95,43.85,42.18,47.95,49.54,44.27,39.72,49.63,54.29
2022P,HI,WDRCD,0,0,0,0,0,0,0,0,0,0,0,0,0,0,0,0,0,0,0,0,0,0,0,0,0,0,0,0,0,0,0,0,0,0,0,9.2,10.6,11.71,14.42,10.83,12.78,15.36,17.11,16.76,16.34,11.26,9.62,10.76,11.9,11.46,9.47,11.37,
2022P,IA,CLRCD,1.27,1.22,1.48,1.16,2.66,3.69,2.67,2.26,3.23,3.27,3.31,3.51,3.84,3.67,3.07,3.41,3.12,2.89,2.51,2.6,2.41,2.32,2.25,2.41,2.35,2.31,2.42,2.42,2.38,2.32,2.39,2.34,2.65,2.79,3.34,3.67,4.51,4.13,0,0,0,0,0,0,0,0,0,0,0,0,0,0,0
2022P,IA,DFRCD,1.22,1.28,1.28,1.59,2.44,2.56,2.76,3.2,3.3,4.43,6.79,8.06,7.9,7.41,7.37,5.94,5.32,5.33,4.8,4.86,5.73,5.32,5.38,4.34,4.91,4.95,7.08,6.9,5.8,6.24,9.03,8.81,7.87,9.31,11.04,15.16,17.37,19.47,23.95,16.27,19.64,27.36,27.27,28.29,27.34,17.9,15.49,17.64,19.24,18.06,14.7,20.02,29.6
2022P,IA,ESRCD,7.75,7.93,8.26,8.47,9.24,10.46,11.4,12.54,12.99,14.27,16.13,18.42,19.87,21.07,21.9,22.53,22.56,22.91,22.23,22.19,22.89,22.76,23.51,23.5,23.72,24.14,23.93,24.05,24.56,24.48,24.54,24.65,24.47,25.11,26.27,27.17,28.23,27.68,27.81,29.27,30.54,30.67,31.71,32.36,32.71,34.1,34.99,36.16,35.89,36.52,36.52,37.3,38.53
2022P,IA,NGRCD,0.96,1.02,1.1,1.15,1.21,1.42,1.6,1.93,2.25,2.68,3.18,3.88,4.66,5.45,5.48,5.33,5.07,4.71,4.76,4.65,4.96,4.78,5.21,5.46,5.36,5.07,5.46,6.11,5.9,5.98,7.77,8.87,7.06,9.11,10.11,12.22,12.26,11.64,11.79,9.76,9.51,9.46,9.33,8.74,9.64,8.08,7.7,8.81,8.44,7.7,7.3,9.55,12.23
2022P,IA,PQRCD,,,,,,,,,,,,,,,,,,,,,,,,,,,,,,,,,,,,,,,,,18.16,20.07,17.14,16.54,22.75,13.19,10.65,13.82,14.8,13.86,12.51,19.12,21.18
2022P,IA,WDRCD,0.61,0.64,0.64,0.74,1.14,1.2,1.28,1.45,1.53,2.2,3.06,3.77,3.66,3.54,3.6,3.46,2.78,2.65,2.67,2.95,3.56,3.41,3.12,3.05,2.96,2.9,3.32,3.31,2.87,2.94,4.41,4.22,3.82,4.59,5.21,6.91,7.96,8.79,10.83,8.13,9.6,11.54,12.85,12.58,12.27,8.45,7.22,8.08,8.94,8.6,7.11,8.54,
2022P,ID,CLRCD,0.99,0.97,1.06,0.8,1.39,1.78,1.92,1.36,2.5,2.3,2.56,2.85,3.11,2.04,2.05,1.97,1.91,1.54,1.26,1.56,1.55,1.49,1.57,1.29,1.38,1.37,1.69,1.84,1.92,1.66,1.76,1.89,1.96,1.16,2.11,1.89,2.38,2.54,0,0,0,0,0,0,0,0,0,0,0,0,0,0,0
2022P,ID,DFRCD,1.4,1.48,1.49,1.71,2.63,2.82,3.03,3.26,3.14,4.48,6.6,7.96,7.96,7.67,7.39,7.29,5.59,5.21,5.21,5.89,7.37,7.2,6.49,6.53,5.98,6.36,7.07,7.22,5.94,5.77,8.87,7.87,6.96,9.06,11.44,16.17,18.21,20,23.71,15.78,20.94,25.87,26.55,25.9,24.6,14.68,13.2,17.75,19.92,19.19,15.76,18.82,29.08
2022P,ID,ESRCD,4.81,4.93,4.94,4.91,5.03,5.27,5.79,6.25,6.51,7.22,8.54,9.21,9.88,9.91,11.96,12.6,13.14,13.45,13.88,14.11,14.28,14.32,14.44,14.64,14.92,15.61,15.48,15.09,15.47,15.42,15.79,17.6,19.31,18.3,17.89,18.43,18.2,18.64,20.49,22.86,23.4,23.08,25.4,27.33,28.5,29.1,29.18,29.43,29.74,28.98,29.16,29.77,30.4
2022P,ID,NGRCD,1.31,1.41,1.42,1.44,1.73,2.07,2.12,2.7,3.23,3.56,4.73,5.21,6.46,7.05,6.6,6.57,5.89,5.41,5.38,4.91,4.91,5.03,5.08,5.19,5.1,5.42,5.05,4.97,5.13,5.22,6.13,8.33,8.17,7.36,8.68,10.06,11.71,11.2,10.81,10.3,8.76,8.65,8.13,7.92,8.39,8.29,7.79,7.31,6.83,6.29,6.55,6.86,7.77
2022P,ID,PQRCD,,,,,,,,,,,,,,,,,,,,,,,,,,,,,,,,,,,,,,,,,24.73,28.3,25.88,25.61,30.32,22.57,21.51,25.2,26.22,22.85,19.93,26.27,29.26
2022P,ID,WDRCD,0.72,0.76,0.77,0.88,1.36,1.43,1.53,1.74,1.83,2.63,3.66,4.51,4.37,4.23,4.31,4.14,3.32,3.16,3.2,3.53,4.75,4.55,4.16,4.06,3.94,3.86,4.43,4.41,3.82,3.92,5.88,5.62,5.09,6.11,6.95,9.2,10.6,11.71,14.42,10.83,12.78,15.36,17.11,16.76,16.34,11.26,9.62,10.76,11.9,11.46,9.47,11.37,
2022P,IL,CLRCD,1.03,1.35,1.38,1.12,1.7,2.11,2.21,2.29,2.38,2.29,2.15,2.44,2.77,2.56,2.47,2.34,2.05,2.27,2.08,2.2,2.26,2.19,2.16,2.26,2.27,2.3,2.13,1.99,2.03,1.89,1.87,2.19,1.99,1.76,1.83,2.21,3.07,3.06,0,0,0,0,0,0,0,0,0,0,0,0,0,0,0
2022P,IL,DFRCD,1.21,1.29,1.3,1.66,2.58,2.57,2.81,3.22,3.35,4.96,6.91,8.28,8,7.53,7.58,7.38,5.47,6.04,5.87,6.12,7.36,7.1,6.71,6.47,6.01,6.02,6.85,6.67,5.64,5.49,8.4,8.6,7.48,9.19,10.78,15.5,17.78,19.5,24.34,16.65,21.24,27.42,27.33,28.35,27.4,17.94,15.53,17.69,19.29,18.57,16.1,20.42,30.06
2022P,IL,ESRCD,7.97,8.3,8.77,9.2,10.43,11.41,12.18,12.88,14.38,15.5,17.78,20.66,23.06,26.92,25.67,26.42,27.74,29.82,28.54,29.21,29.07,28.92,30.17,30.13,29.26,30.4,30.31,30.58,28.86,25.89,25.89,25.54,24.59,24.55,24.55,24.46,24.69,29.67,32.44,33.04,33.78,34.54,33.34,31.14,34.92,36.64,36.74,37.96,37.41,38.18,38.23,38.61,45.87
2022P,IL,NGRCD,1.02,1.05,1.11,1.19,1.32,1.57,1.85,2.15,2.46,2.93,3.53,3.97,4.63,5.25,5.16,5.34,4.96,4.74,4.52,4.81,4.95,4.86,5,5.41,5.39,4.57,5.18,5.83,5.35,5.38,7.17,8.86,6.33,8.52,9.28,11.45,11.01,10.61,11.91,8.86,9.32,8.69,8.17,8.07,9.37,7.74,7.63,8.57,7.92,7.79,7.65,10.17,13.22
2022P,IL,PQRCD,,,,,,,,,,,,,,,,,,,,,,,,,,,,,,,,,,,,,,,,,20.74,21.92,19.25,19.01,24.33,16.32,14.75,18.15,18.69,16.69,15.07,21.17,23.51
2022P,IL,WDRCD,0.57,0.6,0.6,0.69,1.07,1.12,1.2,1.36,1.44,2.06,2.87,3.53,3.43,3.32,3.37,3.24,2.6,2.48,2.5,2.76,3.56,3.41,3.12,3.05,2.96,2.9,3.32,3.31,2.87,2.94,4.41,4.22,3.82,4.59,5.21,6.91,7.96,8.79,10.83,8.13,9.6,11.54,12.85,12.58,12.27,8.45,7.22,8.08,8.94,8.6,7.11,8.54,
2022P,IN,CLRCD,1.1,1.03,1.18,1.17,2.29,2.52,2.52,2.45,2.57,2.31,2.43,2.75,2.8,2.75,2.92,2.77,2.83,2.57,2.54,2.46,2.62,2.62,2.58,2.53,2.52,2.43,2.31,2.28,2.34,2.42,2.41,2.77,2.73,2.63,3.02,3.69,4,3.74,0,0,0,0,0,0,0,0,0,0,0,0,0,0,0
2022P,IN,DFRCD,1.21,1.29,1.3,1.66,2.58,2.57,2.81,3.22,3.5,5.24,7.18,8.54,8.24,7.62,7.81,7.5,5.66,5.71,5.71,6.3,7.52,6.95,6.14,6.13,6.15,6.18,6.91,6.55,5.67,6.01,9.15,8.59,7.77,9.2,11.76,15.43,17.78,19.68,24.09,17.03,20.78,27.62,27.53,28.55,27.6,18.07,15.64,17.81,19.43,18.92,16.21,20.47,30.35
2022P,IN,ESRCD,6.56,6.58,7.03,7.22,7.81,8.55,9.54,10.71,12.04,12.99,13.86,15.36,17.76,17.92,19.52,20.37,21.14,21.38,20.95,20.31,20.14,19.73,20.11,19.55,19.86,19.75,19.85,20.35,20.55,20.4,20.12,20.29,20.26,20.62,21.39,21.98,24.1,24.21,26.01,27.85,28.01,29.47,30.85,32.22,33.58,33.91,34.54,36.03,35.94,36.87,37.59,39.2,42.77
2022P,IN,NGRCD,1,1.07,1.13,1.2,1.28,1.47,1.71,2.04,2.19,2.67,3.19,3.63,4.32,5.46,5.65,5.5,5.47,4.91,5.08,5.42,5.29,5.38,5.37,5.68,6.16,5.3,5.48,6.3,6.45,5.92,6.26,9.34,7.63,8.62,9.89,11.92,12.83,11.04,12.49,10.65,8.52,9.35,8.83,8.31,8.86,8.72,7.65,8.59,8.34,8.25,8.17,9.52,11.04
2022P,IN,PQRCD,,,,,,,,,,,,,,,,,,,,,,,,,,,,,,,,,,,,,,,,,22.62,26.39,22.98,22.48,27.61,18.79,18.35,22.08,22.64,19.92,18.29,24.31,27.1
2022P,IN,WDRCD,0.57,0.6,0.6,0.69,1.07,1.12,1.2,1.36,1.44,2.06,2.87,3.53,3.43,3.32,3.37,3.24,2.6,2.48,2.5,2.76,3.56,3.41,3.12,3.05,2.96,2.9,3.32,3.31,2.87,2.94,4.41,4.22,3.82,4.59,5.21,6.91,7.96,8.79,10.83,8.13,9.6,11.54,12.85,12.58,12.27,8.45,7.22,8.08,8.94,8.6,7.11,8.54,
2022P,KS,CLRCD,0.91,0.99,1.07,1.18,1.14,0,0,0,1.9,2.21,2.15,2.67,2.2,2.97,2.72,2.31,2.33,1.94,1.8,1.85,1.88,1.82,1.63,1.4,1.38,1.19,1.21,1.24,1.06,1.18,1.59,1.74,1.24,1.19,0,0,1.78,0,0,0,0,0,0,0,0,0,0,0,0,0,0,0,0
2022P,KS,DFRCD,1.19,1.29,1.3,1.41,2.43,2.62,2.86,3.22,3.3,4.91,6.85,8.12,7.84,6.57,7.43,6.43,5.45,3.53,3.55,6.16,6.22,5.78,5.86,7.54,5.9,7.14,6.91,6.89,5.79,6.23,9.03,8.81,7.87,9.34,11.08,15.2,17.42,19.52,23.9,16.16,19.61,27.44,27.35,28.35,27.38,17.93,15.57,17.73,19.34,18.62,16.14,20.47,30.13
2022P,KS,ESRCD,7.17,7.33,7.31,7.3,7.94,9.23,10.05,11.7,12.62,13.59,15.75,17.57,20.17,22.5,22.03,21.98,24.01,23.63,22.94,22.46,22.95,22.94,23.15,23.05,23.12,23.22,23.03,22.59,22.43,22.4,22.43,22.46,22.47,22.58,22.7,23.14,24.19,24.01,26.07,27.94,29.38,31.2,32.95,34.13,35.67,36.18,38.27,39.02,39.13,37.26,37.67,38.05,41
2022P,KS,NGRCD,0.69,0.72,0.74,0.76,0.92,1.05,1.51,1.77,1.8,1.99,2.38,3.05,4.03,4.65,4.52,4.12,3.95,3.9,4.08,4.21,4.48,4.33,4.76,4.98,5.12,4.89,5.61,6.41,6.04,6.01,7.58,9.34,7.19,8.84,10.59,11.91,12.94,12.74,12.55,10.89,10.41,9.73,9.9,10.01,10.34,9.83,9.53,10.59,9.8,8.86,9.06,10.73,13.89
2022P,KS,PQRCD,,,,,,,,,,,,,,,,,,,,,,,,,,,,,,,,,,,,,,,,,20.06,21.85,18.96,18.68,24.42,15.76,14.11,17.8,18.39,16.22,14.46,21.08,23.62
2022P,KS,WDRCD,0.61,0.64,0.64,0.74,1.14,1.2,1.28,1.45,1.53,2.2,3.06,3.77,3.66,3.54,3.6,3.46,2.78,2.65,2.67,2.95,3.56,3.41,3.12,3.05,2.96,2.9,3.32,3.31,2.87,2.94,4.41,4.22,3.82,4.59,5.21,6.91,7.96,8.79,10.83,8.13,9.6,11.54,12.85,12.58,12.27,8.45,7.22,8.08,8.94,8.6,7.11,8.54,
2022P,KY,CLRCD,0.86,0.82,0.95,1.13,1.88,1.91,2.14,2.41,2.48,2.18,2.3,2.63,2.59,2.41,2.46,2.45,2.29,2.12,2.04,2.01,2.25,2.12,2.09,2.19,2.18,2.05,2.02,2.08,2.07,2.09,2.03,2.37,2.38,2.49,3.41,3.53,4.06,3.55,0,0,0,0,0,0,0,0,0,0,0,0,0,0,0
2022P,KY,DFRCD,1.19,1.3,1.32,1.57,2.41,2.49,2.77,3.2,3.36,4.62,6.89,8.54,8.11,7.63,7.66,7.67,5.1,5.25,5.6,6.14,6.76,6.27,6.42,7.09,6.17,5.46,6.31,6.96,5.85,6.3,9.12,8.9,7.95,9.4,11.15,15.3,17.54,19.65,24.06,16.27,19.64,27.36,27.27,28.29,27.34,17.9,15.49,17.64,19.24,18.92,15.98,20.24,30.71
2022P,KY,ESRCD,5.85,5.38,5.44,6.22,6.94,7.83,8.29,9.09,10.08,10.87,12.91,14.84,16.24,17.32,16.63,17.06,16.94,16.68,16.6,16.51,16.69,16.65,16.7,16.71,16.93,16.48,16.26,16.36,16.45,16.34,16.03,16.37,16.55,17.03,17.9,19.24,20.58,21.51,23.28,24.53,25.11,26.97,27.63,28.7,29.79,30.02,30.75,31.8,31.05,31.64,31.85,33.71,37.85
2022P,KY,NGRCD,0.81,0.87,0.91,0.97,1.08,1.22,1.31,1.77,1.92,2.33,3,3.44,4.41,5.2,5.09,5.15,4.75,4.37,4.32,4.51,4.74,4.65,4.73,5.01,5.14,4.61,5.28,6.06,5.83,5.54,7.12,9.2,7.25,8.84,10.6,12.72,13.74,11.73,13.37,11.55,9.72,10.16,9.88,9.56,10.35,10.64,9.85,11.11,10.05,10.35,10.61,11.62,13.86
2022P,KY,PQRCD,,,,,,,,,,,,,,,,,,,,,,,,,,,,,,,,,,,,,,,,,24.4,26.77,24.18,23.26,27.68,20.16,19.34,22.29,24.03,23.2,20.52,26.7,28.15
2022P,KY,WDRCD,0.85,0.9,0.9,1.04,1.61,1.69,1.81,2.04,2.16,3.1,4.31,5.31,5.15,4.99,5.07,4.88,3.91,3.73,3.77,4.16,3.53,3.38,3.09,3.02,2.93,2.87,3.29,3.28,2.84,2.91,4.37,4.17,3.78,4.54,5.16,6.83,7.87,8.7,10.72,8.05,9.5,11.42,12.71,12.45,12.14,8.37,7.15,8,8.85,8.51,7.04,8.45,
2022P,LA,CLRCD,0,0,0,0,0,0,0,0,0,0,2.97,0,3.3,0,3.27,0,2.89,0,2.62,0,0,2.81,0,2.73,0,2.61,0,2.72,0,0,2.87,0,0,0,0,0,0,4.51,0,0,0,0,0,0,0,0,0,0,0,0,0,0,0
2022P,LA,DFRCD,0.96,1.06,1.07,1.24,2.12,2.24,2.54,2.82,2.96,4.61,6.65,0,7.61,4.25,7.08,3.24,5.05,5,6.69,5.62,6.46,5.94,8.61,7.73,5.18,7.78,5.82,5.54,4.44,4.86,8.36,7.08,6.37,7.12,9.41,13.84,15.99,17.5,24.36,14.23,17.28,24.87,24.79,25.78,24.85,15.59,13.32,15.49,17.03,16.36,13.43,16.04,24.78
2022P,LA,ESRCD,6.58,6.65,6.73,6.93,7.9,7.96,8.43,9,9.51,10.68,13.81,17.03,18.47,18.22,19.87,20.27,20.75,21.05,20.89,21.5,21.71,21.68,22.03,22.74,22.31,21.2,22.13,21.67,20.73,20.87,22.49,23.21,20.82,22.98,23.6,26,26.77,27.47,30.14,23.75,26.32,26.27,24.54,27.63,28.05,27.35,27.37,28.53,28.1,28.71,28.34,32.3,37.91
2022P,LA,NGRCD,0.75,0.69,0.9,0.95,1.09,1.33,1.52,1.91,2.37,2.62,3.28,4.01,5.08,5.88,5.72,5.47,5.56,5.35,5.51,5.73,5.85,5.5,5.36,5.88,6.01,5.81,6.47,6.31,6.2,6.55,7.84,10.23,7.81,9.97,10.85,12.7,14.12,13.73,14.96,12.78,11.45,11.17,11.38,10.62,10.61,10.52,11.1,12.77,11.41,11.26,11.93,12.63,15.56
2022P,LA,PQRCD,,,,,,,,,,,,,,,,,,,,,,,,,,,,,,,,,,,,,,,,,29.36,32.4,29.69,29.39,34.67,25.99,24.98,29.21,30.28,26.41,23.13,30.26,33.62
2022P,LA,WDRCD,0.71,0.74,0.75,0.86,1.33,1.39,1.49,1.69,1.79,2.57,3.57,4.39,4.26,4.13,4.2,4.04,3.24,3.08,3.12,3.44,3.53,3.38,3.09,3.02,2.93,2.87,3.29,3.28,2.84,2.91,4.37,4.17,3.78,4.54,5.16,6.83,7.87,8.7,10.72,8.05,9.5,11.42,12.71,12.45,12.14,8.37,7.15,8,8.85,8.51,7.04,8.45,
2022P,MA,CLRCD,1.05,1.56,1.58,1.83,2.19,2.62,2.64,3.12,3.68,3.64,4.47,5.4,5.46,5.02,4.76,4.39,4.19,3.85,3.99,3.96,4.21,4.07,3.94,3.96,4.07,4.01,4.19,4.14,4.1,4.06,4.12,4.05,4.6,4.35,5.07,6.49,6.37,5.69,0,0,0,0,0,0,0,0,0,0,0,0,0,0,0
2022P,MA,DFRCD,1.49,1.57,1.58,1.81,2.67,2.85,3.04,3.41,3.52,5.11,7.05,8.75,8.48,8.26,8.45,8.1,6.22,6.1,6.22,7.01,8.21,7.8,7,6.79,6.59,6.4,7.4,7.27,6.2,6.34,9.65,9.25,8.65,10.5,11.82,15.64,17.9,19.64,24.39,18.09,22.02,25.43,28.89,28.18,27.47,18.85,16.04,17.97,19.9,18.97,15.26,18.45,28.82
2022P,MA,ESRCD,8.59,9.16,9.52,10.03,13.95,15.3,15.7,16.51,16.67,18.14,22.18,26.93,26.29,27,27.82,26.16,24.38,25.52,24.88,26.7,28.31,30.47,31.11,32.25,32.49,32.99,32.97,33.97,31.06,29.57,30.87,36.55,32.03,33.99,34.45,39.39,48.65,47.57,51.47,49.46,42.77,43,43.71,46.41,50.97,58.11,55.69,58.79,63.33,64.23,64.38,67.09,76.12
2022P,MA,NGRCD,1.9,2.09,2.26,2.37,2.68,3.14,3.62,3.92,4.13,4.51,5.33,6.27,7.38,8.16,7.65,7.65,7.23,6.45,6.28,6.91,7.55,7.8,7.62,8,8.73,8.82,8.65,9.25,9.28,8.72,9.49,12.24,9.71,12.18,14.01,15.21,17.49,16.73,16.96,14.41,14.06,13.42,12.79,13.06,14.16,12.65,12.09,12.93,15.01,14.27,14.28,15.55,19.85
2022P,MA,PQRCD,,,,,,,,,,,,,,,,,,,,,,,,,,,,,,,,,,,,,,,,,34.49,39.66,38.68,37.9,41.17,34.92,34.14,35.9,37.52,34.79,32.5,39.37,42.78
2022P,MA,WDRCD,0.56,0.59,0.6,0.69,1.06,1.11,1.19,1.35,1.43,2.05,2.85,3.51,3.4,3.3,3.35,3.22,2.58,2.46,2.49,2.75,2.83,2.71,2.48,2.42,2.35,2.3,2.64,2.63,2.27,2.33,3.5,3.34,3.03,3.64,4.14,5.48,6.31,6.97,8.59,6.45,7.61,9.15,10.19,9.98,9.73,6.71,5.73,6.41,7.09,6.82,5.64,6.77,
2022P,MD,CLRCD,1.05,1.25,1.47,1.39,2.27,1.75,1.75,2.67,2.85,2.91,3.18,3.76,3.82,3.37,3.57,3.28,3.22,3.1,3.07,3.25,3.36,3.09,3.1,3.23,3.23,3.11,3.19,3.23,3.06,2.89,2.81,3.84,3.36,3.3,4.23,4.99,4.71,4.6,0,0,0,0,0,0,0,0,0,0,0,0,0,0,0
2022P,MD,DFRCD,1.42,1.44,1.45,1.69,2.58,2.71,2.9,3.32,3.55,5.05,7.06,8.75,8.44,8.35,8.59,8.24,6.92,6.56,6.59,7.1,8.47,8.21,7.56,7.43,7.2,7.09,8.05,8.01,6.84,6.87,10.24,10.17,9.1,11.03,12.37,16.12,18.22,20.34,25.21,19.06,22.55,26.17,29.76,28.82,28.12,19.65,16.89,18.79,20.69,21.48,18.43,20.73,31.1
2022P,MD,ESRCD,7.02,7.71,8.07,8.53,11.51,12.65,12.81,13.35,14.97,15.29,17.32,19.34,21.31,21.2,20.32,21.32,21.14,20.19,19.68,20.1,21.17,23.14,23.37,24.07,24.58,24.71,24.21,24.41,24.72,24.6,23.31,22.49,22.69,22.64,22.86,24.79,28.47,34.86,40.56,43.91,41.97,39.02,37.62,38.85,39.94,40.5,41.7,40.91,38.97,38.44,38.12,38.46,42.38
2022P,MD,NGRCD,1.42,1.48,1.61,1.65,1.67,2.3,2.54,3.13,3.3,3.61,4.38,5,6.02,7.27,7.25,7.01,6.64,6.16,5.72,6.11,6.28,6.01,6.26,6.89,6.75,6.45,7.39,8.09,8,8.14,9.47,11.24,9.27,10.61,11.95,14.12,15.78,14.63,15.52,13.25,12.13,11.77,11.73,11.19,11.59,11.4,10.97,12.38,11.29,12.01,12.56,14.16,16.33
2022P,MD,PQRCD,,,,,,,,,,,,,,,,,,,,,,,,,,,,,,,,,,,,,,,,,32.57,35.57,34.45,34.04,36.24,29.53,28.54,31.93,34.46,30.57,27.79,33.69,36.46
2022P,MD,WDRCD,0.73,0.77,0.78,0.89,1.38,1.45,1.55,1.76,1.86,2.66,3.7,4.56,4.42,4.28,4.36,4.19,3.36,3.2,3.23,3.57,3.53,3.38,3.09,3.02,2.93,2.87,3.29,3.28,2.84,2.91,4.37,4.17,3.78,4.54,5.16,6.83,7.87,8.7,10.72,8.05,9.5,11.42,12.71,12.45,12.14,8.37,7.15,8,8.85,8.51,7.04,8.45,
2022P,ME,CLRCD,1.29,1.56,1.58,1.83,2.19,2.62,2.64,3.12,3.68,3.64,3.9,4.87,4.43,4.06,4.76,4.39,4.19,3.85,3.99,3.96,4.21,4.07,3.94,3.96,4.07,4.01,3.96,3.93,3.7,3.56,3.53,4.05,4.13,4,4.91,5.42,5.69,5.69,0,0,0,0,0,0,0,0,0,0,0,0,0,0,0
2022P,ME,DFRCD,1.51,1.58,1.59,1.79,2.72,2.87,3.06,3.42,3.5,4.96,6.94,8.68,8.33,7.78,7.87,7.55,5.63,5.66,5.88,6.77,7.49,7.34,6.66,6.31,6.26,6.02,7.44,7.21,6.02,6.19,9.85,9.22,8.56,9.96,11.45,15.05,17.43,19.37,24.41,18.18,20.15,25.43,28.79,27.85,27.27,18.71,15.92,17.84,19.76,18.83,15.16,18.44,30.01
2022P,ME,ESRCD,8.12,8.08,8.42,8.65,10.07,11.67,11.02,12.21,12.57,14.63,18.3,21.02,21.71,21.63,22.35,23.71,23.98,23.79,24.17,24.93,27.24,30.64,33.33,33.51,36.1,36.65,36.88,37.36,38.16,38.31,36.59,38.47,37.34,36.26,35.63,38.79,40.45,48.43,47.59,45.83,46.06,45.09,42.96,42.07,44.76,45.76,46.38,46.8,49.36,52.43,49.27,49.88,65.78
2022P,ME,NGRCD,1.96,2.03,2.12,2.15,2.35,2.59,2.62,3.54,3.49,4.1,6.2,7.27,8.43,9.59,9.28,8.76,8.26,7.73,7.07,7.14,7.57,6.83,6.86,7.36,7.72,7.2,7.72,8.35,7.96,7.33,8.42,10.46,11.26,12.21,13.41,15.46,16.99,15.78,16.38,15.76,13.61,13.63,15.49,14.75,16.36,16.29,13.42,14.1,15.74,15.48,14.31,15.89,19.86
2022P,ME,PQRCD,,,,,,,,,,,,,,,,,,,,,,,,,,,,,,,,,,,,,,,,,30.7,33.13,31.21,29.5,33.01,25.87,24.09,27.74,31.32,28.96,26.72,32.5,35.88
2022P,ME,WDRCD,0.56,0.59,0.6,0.69,1.06,1.11,1.19,1.35,1.43,2.05,2.85,3.51,3.4,3.3,3.35,3.22,2.58,2.46,2.49,2.75,2.83,2.71,2.48,2.42,2.35,2.3,2.64,2.63,2.27,2.33,3.5,3.34,3.03,3.64,4.14,5.48,6.31,6.97,8.59,6.45,7.61,9.15,10.19,9.98,9.73,6.71,5.73,6.41,7.09,6.82,5.64,6.77,
2022P,MI,CLRCD,1.43,1.43,1.66,1.39,2.75,3.07,2.86,3.35,3.35,3.5,3.7,4.12,4.24,3.98,4.06,3.86,3.45,3.48,3.45,3.46,3.39,3.15,3.18,3.42,3.37,3.08,3.01,3.17,3.12,3.08,3.06,3.11,3.11,3.25,3.36,4.27,4.66,4.31,0,0,0,0,0,0,0,0,0,0,0,0,0,0,0
2022P,MI,DFRCD,1.23,1.3,1.31,1.41,2.36,2.51,2.77,3.22,3.45,5.11,7.05,8.53,8.21,7.98,7.87,7.66,6.07,5.81,5.81,6.4,7.57,7.06,6.53,6.54,6.56,6.58,7.47,7.21,6.15,6.76,9.12,8.9,8.48,10.11,11.78,15.71,17.87,19.92,23.62,16.15,20.48,27.36,27.27,28.29,27.34,17.9,15.49,17.64,19.24,18.39,15.35,19.73,28.79
2022P,MI,ESRCD,6.99,7.19,7.47,7.94,9.52,11.32,12.28,13.18,14.26,15.15,16.76,18.73,19.25,20.6,20.33,21.62,22.13,21.45,21.68,22.17,22.95,23.63,23.77,23.92,24.26,24.44,24.83,25.12,25.41,25.58,24.98,24.2,24.28,24.49,24.42,24.63,28.63,29.93,31.49,34.01,36.51,38.91,41.43,42.76,42.38,42.27,44.61,45.13,45.27,46.14,47.66,51.39,52.33
2022P,MI,NGRCD,1,1.05,1.06,1.14,1.33,1.58,1.86,2.18,2.27,2.59,3.13,3.75,4.66,5.63,5.83,6.14,5.53,5.29,5.14,4.95,4.81,4.9,4.89,4.87,4.81,4.53,4.8,5,4.94,4.93,4.93,5.6,6.19,7.1,8.31,10.39,11.76,10.82,11.65,11.03,11.14,10.33,9.78,8.9,9.16,8.53,7.87,8.01,7.82,7.64,7.78,8.7,10.69
2022P,MI,PQRCD,,,,,,,,,,,,,,,,,,,,,,,,,,,,,,,,,,,,,,,,,22.9,25.16,23.2,22.56,27.28,20.22,18.27,21.04,21.92,19.15,17.49,22.77,26.28
2022P,MI,WDRCD,0.57,0.6,0.6,0.69,1.07,1.12,1.2,1.36,1.44,2.06,2.87,3.53,3.43,3.32,3.37,3.24,2.6,2.48,2.5,2.76,3.56,3.41,3.12,3.05,2.96,2.9,3.32,3.31,2.87,2.94,4.41,4.22,3.82,4.59,5.21,6.91,7.96,8.79,10.83,8.13,9.6,11.54,12.85,12.58,12.27,8.45,7.22,8.08,8.94,8.6,7.11,8.54,
2022P,MN,CLRCD,1.55,1.14,1.04,1.13,3.23,3.04,2.98,3.01,3.88,4.17,4.32,3.53,5.14,4.53,5.09,4.1,3.89,3.81,3.51,3.49,3.46,3.81,3.47,3.28,3.28,3.48,3.41,3.57,3.6,3.55,3.53,3.71,3.49,3.81,3.92,4.31,5.15,4.62,0,0,0,0,0,0,0,0,0,0,0,0,0,0,0
2022P,MN,DFRCD,1.26,1.3,1.3,1.62,2.52,2.55,2.8,3.2,3.45,5.22,7.2,8.54,8.3,7.88,7.96,7.79,6.05,5.7,5.62,6.3,7.75,6.96,6.29,6.36,6.17,6.16,6.99,6.91,5.67,5.95,8.89,8.62,8.08,9.36,11.02,15.28,17.48,20.01,23.72,16.47,19.2,27.59,27.5,28.52,27.57,18.05,15.62,17.79,19.4,19.79,19.03,23.31,31.61
2022P,MN,ESRCD,7.3,7.53,7.86,7.97,8.94,9.9,10.51,11.57,12.34,12.61,16.06,17.29,18.37,19.41,18.89,19.01,19.41,19.38,19.82,19.71,19.94,20.27,20.54,20.77,20.99,21.01,20.89,21.2,21.47,21.73,22.03,22.31,21.95,22.42,23.22,24.26,25.48,26.9,28.53,29.43,31.04,32.13,33.27,34.61,35.21,35.51,37.14,38.23,38.52,38.22,38.59,39.57,41.76
2022P,MN,NGRCD,1.09,1.18,1.23,1.3,1.41,1.57,1.74,2.14,2.41,2.88,3.24,4.11,4.94,5.77,5.98,5.78,5.28,4.58,4.61,4.55,4.61,4.47,4.8,5.25,5.13,4.74,5.37,5.66,5.38,5.46,7.03,8.64,6.56,8.51,9.43,11.07,11.48,10.92,11.03,8.73,8.67,8.76,7.84,8.01,9.58,8.47,7.74,8.22,8.31,7.67,7.65,8.92,11.53
2022P,MN,PQRCD,,,,,,,,,,,,,,,,,,,,,,,,,,,,,,,,,,,,,,,,,20.66,22.25,19.11,19.04,25.76,16.4,13.85,17.59,18.04,16.61,14.99,22.25,25.07
2022P,MN,WDRCD,0.61,0.64,0.64,0.74,1.14,1.2,1.28,1.45,1.53,2.2,3.06,3.77,3.66,3.54,3.6,3.46,2.78,2.65,2.67,2.95,3.56,3.41,3.12,3.05,2.96,2.9,3.32,3.31,2.87,2.94,4.41,4.22,3.82,4.59,5.21,6.91,7.96,8.79,10.83,8.13,9.6,11.54,12.85,12.58,12.27,8.45,7.22,8.08,8.94,8.6,7.11,8.54,
2022P,MO,CLRCD,0.86,1.04,1.05,0.77,1.4,1.72,1.63,2,2.04,1.88,1.7,1.73,1.66,2.1,2.04,1.73,1.54,1.37,1.25,1.43,1.56,1.53,1.33,1.72,0.98,0.95,1.04,0.97,1.01,1.01,1.02,1.12,0.97,1.04,1.2,2.23,1.55,2.53,0,0,0,0,0,0,0,0,0,0,0,0,0,0,0
2022P,MO,DFRCD,1.19,1.29,1.3,1.41,2.43,2.62,2.86,3.22,3.3,4.91,6.85,8.12,7.84,7.22,7.08,6.7,4.95,4.66,4.71,5.88,7.27,6.75,5.36,5.46,6.33,5.34,6.76,6.84,5.75,6.19,8.97,8.75,7.82,9.25,10.96,15.05,17.24,19.32,23.66,16,19.31,26.9,26.81,27.81,26.88,17.6,15.23,17.35,18.92,18.22,15.79,20.03,29.49
2022P,MO,ESRCD,7.86,7.85,8.05,8.27,9.17,10.06,11.1,11.75,12.92,13.66,15.21,16.3,17.92,19.07,17.94,19.27,20.87,21.59,21.49,21.5,21.56,21.65,21.8,21.29,21.37,21.26,20.75,20.77,20.75,20.86,20.65,20.53,20.7,20.39,20.43,20.75,21.8,22.54,23.45,25.04,26.6,28.56,29.8,31.08,31.18,32.84,32.85,34.09,33.24,32.65,32.89,33.46,34.42
2022P,MO,NGRCD,0.96,1.01,1.08,1.16,1.26,1.48,1.69,2.17,2.27,2.82,3.23,3.96,5.11,5.96,5.75,5.4,4.98,4.71,4.73,4.8,5.15,5.09,5.1,5.35,5.4,5.13,5.9,6.55,6.5,6.28,7.73,10.4,7.9,9.36,10.81,12.42,13.96,13.16,13.28,12.54,11.6,11.92,12.15,10.73,10.69,11.5,10.69,11.71,10.15,10.19,10.17,10.65,13.99
2022P,MO,PQRCD,,,,,,,,,,,,,,,,,,,,,,,,,,,,,,,,,,,,,,,,,20.37,21.5,19.19,19.07,24.58,16.37,14.01,17.97,18.89,16.78,15.18,22.57,25.24
2022P,MO,WDRCD,0.61,0.64,0.64,0.74,1.14,1.2,1.28,1.45,1.53,2.2,3.06,3.77,3.66,3.54,3.6,3.46,2.78,2.65,2.67,2.95,3.56,3.41,3.12,3.05,2.96,2.9,3.32,3.31,2.87,2.94,4.41,4.22,3.82,4.59,5.21,6.91,7.96,8.79,10.83,8.13,9.6,11.54,12.85,12.58,12.27,8.45,7.22,8.08,8.94,8.6,7.11,8.54,
2022P,MS,CLRCD,0,0,0,0,0,0,0,0,2.91,2.76,2.97,0,0,3.56,3.27,2.74,2.89,2.88,2.62,2.64,2.7,2.81,2.69,2.73,0,0,0,2.72,0,0,0,0,0,0,0,0,0,0,0,0,0,0,0,0,0,0,0,0,0,0,0,0,0
2022P,MS,DFRCD,1.24,1.42,1.43,1.57,2.41,2.49,2.77,3.2,3.36,4.62,6.89,8.54,0,6.62,6.77,7.07,5.15,4.89,4.42,3.86,4.59,4.23,7.66,7.16,7.64,5.33,5.98,5.7,4.56,5,8.6,7.28,6.55,7.32,9.68,14.24,16.45,18,25.06,14.64,17.78,25.59,25.5,26.53,25.57,16.04,13.61,15.78,17.4,16.76,13.76,16.44,25.39
2022P,MS,ESRCD,5.06,5.51,6.06,5.89,7.42,8.06,9.89,10.88,11.37,12.5,14.38,17.37,18.23,17.43,17.41,18.12,19.13,19.01,19.15,20,20.19,20.16,20.55,20.88,20.7,20.49,20.65,20.58,20.59,19.79,20.31,21.61,21.34,22.27,24.07,25.53,28.3,27.43,30.46,29.96,28.93,29.8,30.08,31.58,33.17,33.04,30.67,32.47,32.58,33.02,32.75,33.87,36.39
2022P,MS,NGRCD,0.86,0.92,1.06,1.07,1.2,1.38,1.67,2.05,2.34,2.75,3.36,3.88,4.78,5.74,5.35,5.33,5.47,6.01,5.76,4.96,5.16,5.06,4.71,5.11,5.29,5.17,5.56,6.13,5.78,5.75,7.18,10.1,7.49,9.4,10.27,12.94,14.3,12.67,13.59,11,9.99,9.32,9.45,8.89,9.25,9.46,9.79,11.43,10.18,10.29,11.2,12.3,14.14
2022P,MS,PQRCD,,,,,,,,,,,,,,,,,,,,,,,,,,,,,,,,,,,,,,,,,27.44,31.41,28.77,28.47,33.63,25.16,23.99,28.02,29.14,25.45,22.26,29.2,32.46
2022P,MS,WDRCD,0.85,0.9,0.9,1.04,1.61,1.69,1.81,2.04,2.16,3.1,4.31,5.31,5.15,4.99,5.07,4.88,3.91,3.73,3.77,4.16,3.53,3.38,3.09,3.02,2.93,2.87,3.29,3.28,2.84,2.91,4.37,4.17,3.78,4.54,5.16,6.83,7.87,8.7,10.72,8.05,9.5,11.42,12.71,12.45,12.14,8.37,7.15,8,8.85,8.51,7.04,8.45,
2022P,MT,CLRCD,0.8,1.14,0.95,0.89,1.06,1.06,2.07,1.18,1.29,1.09,1.35,1.64,1.9,0.68,0.84,0.98,1.37,1.44,0.95,1.25,1.32,1.16,1.26,1.27,1.36,1.39,1.4,1.42,1.29,0.89,0.98,1.14,1.01,0.85,0.85,1.08,1.08,1.08,0,0,0,0,0,0,0,0,0,0,0,0,0,0,0
2022P,MT,DFRCD,1.28,1.36,1.36,1.58,2.51,2.84,2.94,3.27,3.32,4.67,6.92,8.27,8.41,6.97,6.56,7.92,4.87,5.15,4.61,5.08,6.42,6.11,5.99,6.02,5.67,6.09,6.28,6.76,5.6,5.82,8.4,7.8,6.56,8.63,10.08,15.12,17.18,18.81,22.99,14.92,18.9,24.41,25.04,24.43,23.21,13.85,12.45,16.75,18.8,18.1,14.87,17.76,27.43
2022P,MT,ESRCD,6.57,6.57,6.65,6.89,7.16,7.02,7.06,7.44,8.18,8.36,9.04,10.5,11.2,12.96,12.58,13.77,14.68,16.19,15.89,15.77,15.97,16.88,17.11,16.92,17.47,17.85,18.24,18.76,19.05,19.88,19.02,20.15,21.19,22.15,23.04,23.75,24.28,25.71,26.75,26.19,26.85,28.58,29.55,30.27,29.84,31.89,32.05,32.1,32.13,32.63,32.95,32.89,33.21
2022P,MT,NGRCD,0.88,0.91,0.94,1.06,1.1,1.27,1.35,1.8,1.9,2.24,3.02,3.72,4.42,4.6,4.84,4.82,4.46,4.33,4.2,4.29,4.47,4.39,4.7,4.83,5.11,5,4.72,4.9,5.12,5.04,5.89,7.1,5.19,6.92,8.96,10.29,11.07,9.75,11.27,9.4,8.54,8.66,7.85,7.92,8.88,7.95,7.03,7.32,7.02,6.75,6.73,8.37,9.91
2022P,MT,PQRCD,,,,,,,,,,,,,,,,,,,,,,,,,,,,,,,,,,,,,,,,,20.71,23.81,21.78,21.55,25.51,19,18.1,21.2,22.06,19.23,16.78,22.11,24.61
2022P,MT,WDRCD,0.72,0.76,0.77,0.88,1.36,1.43,1.53,1.74,1.83,2.63,3.66,4.51,4.37,4.23,4.31,4.14,3.32,3.16,3.2,3.53,4.75,4.55,4.16,4.06,3.94,3.86,4.43,4.41,3.82,3.92,5.88,5.62,5.09,6.11,6.95,9.2,10.6,11.71,14.42,10.83,12.78,15.36,17.11,16.76,16.34,11.26,9.62,10.76,11.9,11.46,9.47,11.37,
2022P,NC,CLRCD,1.14,0.96,1.22,1.35,2.5,2.06,2.17,2.78,2.64,2.44,2.7,3.32,2.9,2.76,2.97,2.75,2.6,2.69,2.53,2.87,2.78,2.58,2.65,2.79,2.73,2.62,2.63,2.51,2.53,2.48,2.41,3.38,3.36,3.31,4.02,5.1,5.14,4.63,0,0,0,0,0,0,0,0,0,0,0,0,0,0,0
2022P,NC,DFRCD,1.31,1.37,1.38,1.59,2.54,2.71,2.93,3.28,3.51,4.64,6.95,8.64,8.38,7.98,7.93,8.02,6.35,5.3,5.54,6.36,7.95,7.48,7.06,7.07,6.02,6.28,7.18,7.06,6.26,6.72,9.74,9.02,7.84,9.5,11.04,15.47,17.08,18.28,24.13,17.19,20.43,27.17,26.95,27.95,27.02,17.69,15.31,17.44,19.02,18.45,15.72,19.04,28.85
2022P,NC,ESRCD,5.45,5.87,6.28,6.53,8.03,9.31,10.4,11.19,11.99,12.57,13.91,15.96,18.5,19.42,19.57,20.48,21.17,21.59,21.89,22.45,22.99,23.29,23.78,23.97,23.95,23.79,23.59,23.55,23.47,23.41,23.36,23.79,24.02,24.39,24.76,25.37,26.72,27.54,27.89,29.29,29.65,30.06,31.96,32.16,32.54,33.06,32.32,32.05,32.51,33.46,33.35,33.18,34.04
2022P,NC,NGRCD,1.27,1.31,1.38,1.47,1.65,1.99,2.1,2.76,2.94,3.44,4.06,5.11,5.55,6.44,6.46,6.38,6.41,6.46,6.07,6.35,5.98,6.04,6.38,6.75,7.04,6.7,7.33,8.67,8.35,8.04,9.25,11.84,9.04,11.01,12.26,14.84,16.36,15.19,16.1,13.89,12.28,12.38,12.02,11.66,11.59,11.18,10.93,12.83,11.76,12.49,12.81,13.66,16.7
2022P,NC,PQRCD,,,,,,,,,,,,,,,,,,,,,,,,,,,,,,,,,,,,,,,,,29.02,33,30.63,30.71,33.84,27.07,25.73,29.37,30.97,28.81,27.13,33.56,36.27
2022P,NC,WDRCD,0.73,0.77,0.78,0.89,1.38,1.45,1.55,1.76,1.86,2.66,3.7,4.56,4.42,4.28,4.36,4.19,3.36,3.2,3.23,3.57,3.53,3.38,3.09,3.02,2.93,2.87,3.29,3.28,2.84,2.91,4.37,4.17,3.78,4.54,5.16,6.83,7.87,8.7,10.72,8.05,9.5,11.42,12.71,12.45,12.14,8.37,7.15,8,8.85,8.51,7.04,8.45,
2022P,ND,CLRCD,1.56,2.02,2.24,1.4,2.6,3.09,3.64,1.63,1.77,1.81,1.96,1.17,2.78,2.17,2.73,1.74,1.53,1.45,1.15,1.13,1.1,1.45,1.11,0.92,0.92,1.12,1.05,1.21,1.24,1.19,1.17,1.35,0.33,1.23,1.23,1.51,1.73,1.91,0,0,0,0,0,0,0,0,0,0,0,0,0,0,0
2022P,ND,DFRCD,1.28,1.36,1.36,1.58,2.51,2.55,2.8,3.2,3.38,4.83,6.92,8.3,8.07,7.8,7.67,7.48,4.84,5.34,4.66,5.55,6.87,6.38,5.21,6.05,6.12,6.13,7.01,6.9,5.8,6.24,9.03,8.81,7.87,9.31,11.04,15.16,17.37,19.47,23.84,16.11,19.46,27.1,27.01,28.02,27.08,17.73,15.35,17.48,19.06,18.35,15.91,20.18,29.7
2022P,ND,ESRCD,7.8,7.82,8.02,8.06,8.48,9.18,9.74,10.46,11.03,11.5,13.14,15.12,16.51,17.91,17.76,18.02,18.2,18.44,18.26,18.01,18.33,18.21,18.55,18.5,18.67,18.25,18.15,18.39,19.01,19.04,18.86,18.97,18.72,19.02,19.91,20.49,20.91,21.41,22.03,22.22,23.82,25.16,26.55,26.72,26.81,28.2,29.78,30.16,30.04,30.19,30.59,31.79,32
2022P,ND,NGRCD,0.99,1.07,1.1,1.12,1.19,1.51,1.79,2.11,2.33,2.88,3.66,4.1,4.5,5.33,6.08,5.26,5.08,5.22,4.88,4.46,4.55,4.61,4.78,4.93,4.9,4.44,4.32,4.75,4.97,5.09,6.15,7.46,5.12,7.19,8.84,11,10.34,8.73,9.92,8.02,7.66,7.55,6.98,6.95,8.16,7.5,6.63,7.06,6.66,6.35,6.37,8.51,10.29
2022P,ND,PQRCD,,,,,,,,,,,,,,,,,,,,,,,,,,,,,,,,,,,,,,,,,18.69,20.36,17.55,18.36,24.06,13.42,10.91,15.17,15.75,15.29,13.6,19.21,21.79
2022P,ND,WDRCD,0.61,0.64,0.64,0.74,1.14,1.2,1.28,1.45,1.53,2.2,3.06,3.77,3.66,3.54,3.6,3.46,2.78,2.65,2.67,2.95,3.56,3.41,3.12,3.05,2.96,2.9,3.32,3.31,2.87,2.94,4.41,4.22,3.82,4.59,5.21,6.91,7.96,8.79,10.83,8.13,9.6,11.54,12.85,12.58,12.27,8.45,7.22,8.08,8.94,8.6,7.11,8.54,
2022P,NE,CLRCD,1.08,1.03,1.1,1.16,1.52,2.16,2.22,2.57,3.42,3.68,3.6,3.75,4.26,4.23,4.09,2.76,2.4,2.43,2.49,2.42,2.42,2.36,2.39,2.44,2.47,2.44,2.35,2.4,2.43,0,0,2.25,2.41,2.42,2.47,2.52,3,2.72,0,0,0,0,0,0,0,0,0,0,0,0,0,0,0
2022P,NE,DFRCD,1.19,1.29,1.3,1.41,2.43,2.62,2.86,3.22,3.3,4.91,6.85,8.12,7.84,7.2,6.89,7.92,4.88,4.5,4.27,5.37,6.74,6.25,5.51,5.65,5.57,5.92,6.92,6.9,5.8,6.24,9.03,8.81,7.88,9.36,11.1,15.23,17.46,19.56,23.95,16.19,19.55,27.23,27.14,28.15,27.21,17.82,15.42,17.56,19.15,17.95,14.53,19.11,27.9
2022P,NE,ESRCD,6.21,6.52,6.92,6.6,7.22,8.13,9.32,10.2,10.81,11.52,13.22,15.07,14.34,17.88,17.35,17.3,17.27,17.52,17.42,18.05,18.25,17.86,18.38,18.31,18.48,18.68,18.44,18.71,18.92,19.11,19.13,19.06,19.73,20.12,20.41,20.94,21.72,22.25,23.06,24.97,26.2,27.32,29.44,30.23,30.48,31.07,31.77,32.15,31.37,31.55,31.64,31.51,31.63
2022P,NE,NGRCD,0.84,0.91,0.98,1.03,1.13,1.29,1.37,1.8,1.97,2.31,2.78,3.52,4.24,5.05,5.18,5.1,4.62,4.43,4.53,4.53,4.68,4.71,4.92,5.09,5.09,4.94,4.84,5.7,5.12,5.07,6.4,8.57,6.13,7.77,8.97,10.58,11.16,10.95,10.99,9.23,8.91,8.74,8.52,8.1,8.42,8.38,7.57,8.49,8.06,7.39,7.54,9.02,12.14
2022P,NE,PQRCD,,,,,,,,,,,,,,,,,,,,,,,,,,,,,,,,,,,,,,,,,18.45,19.87,16.61,16.74,21.36,12.97,11.75,14.97,15.44,13.82,12.98,19.92,21.53
2022P,NE,WDRCD,0.61,0.64,0.64,0.74,1.14,1.2,1.28,1.45,1.53,2.2,3.06,3.77,3.66,3.54,3.6,3.46,2.78,2.65,2.67,2.95,3.56,3.41,3.12,3.05,2.96,2.9,3.32,3.31,2.87,2.94,4.41,4.22,3.82,4.59,5.21,6.91,7.96,8.79,10.83,8.13,9.6,11.54,12.85,12.58,12.27,8.45,7.22,8.08,8.94,8.6,7.11,8.54,
2022P,NH,CLRCD,1.29,1.57,1.59,1.83,2.19,2.62,2.64,3.12,3.68,3.64,3.9,4.87,4.43,4.06,4.76,4.39,4.93,4.04,4.08,4.09,4.23,4.15,3.96,3.94,3.81,3.94,3.96,3.93,3.7,3.56,3.53,4.05,4.13,4,4.91,5.42,5.69,5.69,0,0,0,0,0,0,0,0,0,0,0,0,0,0,0
2022P,NH,DFRCD,1.51,1.58,1.59,1.79,2.72,2.87,3.06,3.42,3.63,5.23,7.24,8.92,8.46,7.51,7.82,7.38,5.47,5.52,5.64,6.44,7.41,6.6,6.17,5.97,5.72,5.62,6.78,6.8,5.69,5.56,9.25,9.07,8.08,9.47,10.81,14.24,16.52,18.41,23.3,17.28,19.49,23.65,27.09,26.52,25.85,17.74,15.09,16.91,18.73,17.89,15.06,18.16,28.87
2022P,NH,ESRCD,8.29,8.09,8.24,8.74,11.74,14.25,14.39,15.08,17.06,17.97,20.93,26.8,26.24,27.6,27.34,26.15,25.02,26.68,27.75,27.97,30.3,30.42,33.29,36.07,37.82,39.57,39.39,39.97,40.73,40.26,38.54,36.61,34.86,35.12,36.61,39.59,43.03,43.61,45.97,48.04,47.83,48.42,47.1,47.86,51.38,54.22,53.87,56.29,57.7,58.76,55.8,58.18,74.61
2022P,NH,NGRCD,1.97,2.03,2.12,2.16,2.36,2.62,2.65,3.62,3.55,3.94,4.57,5.55,6.72,7.32,6.83,6.96,6.88,6.32,6.13,6.72,7.31,7.09,7.48,7.58,7.86,7.09,7.26,8.39,8.03,7.6,9.52,12.01,9.6,11,13.92,14.68,16.07,16.3,16.12,14.82,14.01,14.15,13.31,13.43,15.78,15.71,13.83,14.12,14.88,15.26,14.2,15.8,19.79
2022P,NH,PQRCD,,,,,,,,,,,,,,,,,,,,,,,,,,,,,,,,,,,,,,,,,28.01,31.8,30.84,29.75,32.54,28.41,29.19,31.35,31.9,28.7,26.75,31.87,35.84
2022P,NH,WDRCD,0.56,0.59,0.6,0.69,1.06,1.11,1.19,1.35,1.43,2.05,2.85,3.51,3.4,3.3,3.35,3.22,2.58,2.46,2.49,2.75,2.83,2.71,2.48,2.42,2.35,2.3,2.64,2.63,2.27,2.33,3.5,3.34,3.03,3.64,4.14,5.48,6.31,6.97,8.59,6.45,7.61,9.15,10.19,9.98,9.73,6.71,5.73,6.41,7.09,6.82,5.64,6.77,
2022P,NJ,CLRCD,1.13,1.38,1.35,1.38,2.19,2.09,3.42,2.69,2.81,2.93,3.17,3.57,3.54,3.03,3.24,3.07,2.82,2.8,2.82,2.93,3.14,2.9,2.68,2.89,3.19,2.88,2.68,2.72,2.42,2.36,2.21,4.24,3.79,3.01,4.08,4.29,5.01,3.83,0,0,0,0,0,0,0,0,0,0,0,0,0,0,0
2022P,NJ,DFRCD,1.43,1.51,1.52,1.73,2.66,2.81,2.97,3.37,3.58,5.12,7.06,8.76,8.46,8.25,8.48,8.09,6.89,6.44,6.48,7.02,8.39,8.02,7.21,7.06,6.85,6.79,7.83,7.9,6.82,6.99,10.74,10.05,9.33,11.39,12.72,16.57,19.01,20.7,25.4,18.7,23.14,26.42,30.04,29.09,28.39,19.83,17.05,18.94,20.81,20.41,17.12,20.54,31.17
2022P,NJ,ESRCD,7.83,8.91,9.46,10.15,14.19,15.77,16.65,18.32,18.7,20.23,24.08,27.84,30.71,30.95,30.56,32.24,31.19,29.01,28.7,29.53,30.36,31.69,31.85,33.43,33.81,35.11,35.15,35.42,33.39,33.4,30.11,29.92,30.42,31.29,32.93,34.4,37.64,41.44,45.91,47.81,48.56,47.58,46.26,46.1,46.24,46.34,46.08,45.86,45.16,46.45,46.98,47.93,49.05
2022P,NJ,NGRCD,1.84,1.9,1.97,2.03,2.19,2.61,3.04,3.31,3.41,4.15,4.9,5.68,6.82,7.22,7.15,7.33,7.17,6.44,6.17,6.35,6.44,6.57,6.77,6.73,6.82,7.02,6.9,7.66,7.07,7.17,7.03,7.35,6.96,8.19,11.15,10.07,14.39,13.99,14.72,14.13,12.51,11.48,10.79,10.4,9.27,7.94,7.95,8.78,8.74,9.35,9.53,9.87,12.05
2022P,NJ,PQRCD,,,,,,,,,,,,,,,,,,,,,,,,,,,,,,,,,,,,,,,,,34.25,39.17,37.13,36.08,39.49,34.18,33.94,37.04,38.88,34.2,30.08,35.21,36.39
2022P,NJ,WDRCD,0.4,0.42,0.42,0.49,0.75,0.79,0.85,0.96,1.01,1.45,2.02,2.49,2.41,2.34,2.38,2.29,1.83,1.75,1.76,1.95,2.83,2.71,2.48,2.42,2.35,2.3,2.64,2.63,2.27,2.33,3.5,3.34,3.03,3.64,4.14,5.48,6.31,6.97,8.59,6.45,7.61,9.15,10.19,9.98,9.73,6.71,5.73,6.41,7.09,6.82,5.64,6.77,
2022P,NM,CLRCD,0.9,0.84,0,0,0,0,0,0,0,2.97,2.54,3.42,3.18,2.91,2.92,2.83,2.78,2.4,2.12,2.43,2.41,2.36,2.43,2.16,2.25,2.24,2.14,2.14,2.1,2.05,2.13,2.25,2.43,2.24,2.12,2.45,3.73,2.94,0,0,0,0,0,0,0,0,0,0,0,0,0,0,0
2022P,NM,DFRCD,0.98,1.06,1.07,1.28,2.45,2.82,3.03,3.24,2.97,4.55,6.79,8.07,7.76,4.96,7.32,6.92,5.09,4.81,4.74,5.34,6.47,5.96,5.4,5.71,5.41,5.23,5.87,5.59,4.48,4.91,8.44,7.15,6.43,7.18,9.5,13.98,16.14,17.67,24.59,14.37,17.46,25.14,25.05,26.06,25.12,15.76,13.37,15.51,17.09,16.46,13.52,16.15,24.93
2022P,NM,ESRCD,8.15,8.17,8.41,8.54,9.33,10.47,11.22,12.53,14.66,16.98,18.89,21.07,23.7,23.75,23.74,25.48,26.43,26.39,26.42,26.41,26.19,26.63,26.56,26.9,26.78,26.16,26.16,26.15,25.93,25.28,24.5,25.61,24.92,25.48,25.4,26.76,26.55,26.73,29.34,29.38,30.84,32.23,33.34,34.24,35.99,36.55,35.27,37.75,37.17,36.67,37.91,39.61,40.57
2022P,NM,NGRCD,0.86,0.88,0.89,0.93,1.16,1.24,1.28,1.98,2.35,2.56,3.17,3.67,4.7,5.28,5.55,5.59,5.28,4.61,4.87,5.45,5.36,5.18,4.55,5.24,5.61,4.94,4.32,5.74,5.33,5.16,6.3,7.93,6.3,8.22,9.33,10.87,12.38,11.68,11.9,9.27,9.43,8.94,8.5,8.66,9.79,8.31,7.71,8.86,7.62,6.21,6.84,9.47,12.13
2022P,NM,PQRCD,,,,,,,,,,,,,,,,,,,,,,,,,,,,,,,,,,,,,,,,,25.54,29.2,26.75,26.48,31.25,23.41,22.33,26.07,27.1,23.69,20.74,27.15,30.16
2022P,NM,WDRCD,0.72,0.76,0.77,0.88,1.36,1.43,1.53,1.74,1.83,2.63,3.66,4.51,4.37,4.23,4.31,4.14,3.32,3.16,3.2,3.53,4.75,4.55,4.16,4.06,3.94,3.86,4.43,4.41,3.82,3.92,5.88,5.62,5.09,6.11,6.95,9.2,10.6,11.71,14.42,10.83,12.78,15.36,17.11,16.76,16.34,11.26,9.62,10.76,11.9,11.46,9.47,11.37,
2022P,NV,CLRCD,1.31,0.85,0.9,0.79,1.52,1.55,2.81,3.33,3.42,4.87,5.13,5.43,5.68,4.62,4.63,4.54,4.49,4.11,3.83,4.14,5.03,4.07,4.14,3.87,4.49,3.95,4.26,4.41,4.5,4.24,4.33,4.47,4.53,3.74,4.69,4.46,4.95,5.92,0,0,0,0,0,0,0,0,0,0,0,0,0,0,0
2022P,NV,DFRCD,1.27,1.34,1.35,1.57,2.49,2.82,3.03,3.14,3.27,4.48,6.92,7.9,7.85,7.97,6.92,7.55,7.26,5.79,6.02,8.26,6.76,6.58,7.74,6.96,6.99,6.96,9.26,8.15,7.03,7.73,10.71,10.05,8.7,10.48,12.75,16.8,19.25,20.73,25.73,18.06,22.96,28.4,29.73,29.39,28.72,20.14,16.78,19.17,22.35,21.53,17.68,21.12,32.62
2022P,NV,ESRCD,4.46,4.49,4.81,4.86,6.03,7.54,8.97,10.11,10.65,11.25,14.21,14.47,17.33,18.42,17.46,18.83,19.28,17.05,17.58,16.78,16.71,17.27,18.14,19.08,20.97,20.84,20.22,19.83,20.51,20.89,21.34,26.6,27.63,26.42,28.4,29.88,32.47,34.64,34.96,37.68,36.23,34.02,34.66,34.86,37.9,37.39,33.43,35.13,34.72,35.18,33.24,33.68,40.39
2022P,NV,NGRCD,1.39,1.4,1.39,1.44,1.62,1.83,1.92,2.68,2.79,2.93,3.87,4.49,5.2,6.39,6.57,6.63,5.62,5.29,5.89,5.39,5.49,5.41,5.41,5.53,6.48,6.54,5.95,6.11,6.78,7,6.44,8.76,9.39,8.65,9.74,11.94,13.79,13.67,12.9,12.8,11.81,10.41,9.79,9.1,11.07,11.37,9.83,8.48,8.92,9.12,9.99,9.38,12.2
2022P,NV,PQRCD,,,,,,,,,,,,,,,,,,,,,,,,,,,,,,,,,,,,,,,,,31.57,33.68,30.79,30.46,36.1,26.84,25.56,29.97,31.2,27.16,23.68,31.26,34.83
2022P,NV,WDRCD,0.72,0.76,0.77,0.88,1.36,1.43,1.53,1.74,1.83,2.63,3.66,4.51,4.37,4.23,4.31,4.14,3.32,3.16,3.2,3.53,4.75,4.55,4.16,4.06,3.94,3.86,4.43,4.41,3.82,3.92,5.88,5.62,5.09,6.11,6.95,9.2,10.6,11.71,14.42,10.83,12.78,15.36,17.11,16.76,16.34,11.26,9.62,10.76,11.9,11.46,9.47,11.37,
2022P,NY,CLRCD,1.43,1.83,1.43,1.49,2.04,2.78,2.8,3.04,3,3.09,3.26,3.67,3.86,3.68,3.74,3.61,3.39,3.27,3.29,3.36,3.59,3.44,3.21,3.25,3.29,3.18,3.38,3.57,3.25,3.21,3.02,3.42,3.63,3.42,3.6,5.18,4.76,4.76,0,0,0,0,0,0,0,0,0,0,0,0,0,0,0
2022P,NY,DFRCD,1.43,1.51,1.52,1.73,2.66,2.81,2.97,3.37,3.61,5.13,7.08,8.88,8.69,8.41,8.66,8.35,6.83,6.39,6.47,7.18,8.44,8.35,7.71,7.51,7.25,7.17,7.98,7.99,7.12,7.27,10.82,10.23,9.14,10.79,12.24,15.82,18.5,20.19,24.89,18.93,21.89,25.83,28.71,28.28,27.59,19.28,16.57,18.43,20.3,19.25,15.75,18.59,28.13
2022P,NY,ESRCD,8.83,9.49,10.05,10.98,14.98,16.44,16.97,18.4,18.97,20.93,23.08,28.98,30.76,32.08,31.17,31.84,30.86,30.81,30.67,32.03,33.54,35.09,36.43,38.61,39.72,40.73,41.14,41.38,39.91,38.9,40.95,41.14,39.71,41.94,42.62,46.08,49.51,50.11,53.66,51.29,54.93,53.52,51.63,55.08,58.83,54.33,51.51,52.84,54.28,52.58,53.82,57.1,64.71
2022P,NY,NGRCD,1.37,1.47,1.58,1.69,1.96,2.5,2.83,3.25,3.63,4.07,4.85,5.41,6.38,7.67,7.45,7.54,7.26,6.68,6.32,7.03,7.19,7.15,7.37,7.91,8.51,8.17,8.67,9.47,9.31,8.87,9.55,11.37,9.61,11.28,12.17,14.51,15.02,15.36,16.42,14.73,13.72,13.35,12.56,12.07,12.13,10.84,10.51,11.66,11.98,12.22,12.38,13.35,15.83
2022P,NY,PQRCD,,,,,,,,,,,,,,,,,,,,,,,,,,,,,,,,,,,,,,,,,30.08,33.78,31.54,31.25,34.49,27.53,27.04,32.05,34.88,30,26.18,31.74,35.68
2022P,NY,WDRCD,0.4,0.42,0.42,0.49,0.75,0.79,0.85,0.96,1.01,1.45,2.02,2.49,2.41,2.34,2.38,2.29,1.83,1.75,1.76,1.95,2.83,2.71,2.48,2.42,2.35,2.3,2.64,2.63,2.27,2.33,3.5,3.34,3.03,3.64,4.14,5.48,6.31,6.97,8.59,6.45,7.61,9.15,10.19,9.98,9.73,6.71,5.73,6.41,7.09,6.82,5.64,6.77,
2022P,OH,CLRCD,1.05,1.02,1.23,1.15,2.57,2.62,2.61,2.85,2.73,2.8,3.07,3.37,3.28,3.08,3.1,3,2.86,2.74,2.65,2.69,2.8,2.64,2.55,2.65,2.61,2.64,2.5,2.57,2.64,2.61,2.47,2.88,2.76,2.81,3.39,3.83,3.7,3.63,0,0,0,0,0,0,0,0,0,0,0,0,0,0,0
2022P,OH,DFRCD,1.41,1.52,1.53,1.41,2.36,2.51,2.77,3.22,3.42,4.95,6.63,8.16,7.95,7.67,7.73,7.55,5.88,5.66,5.66,6.18,7.43,6.89,6.33,6.36,6.15,6.12,6.98,6.92,5.81,6.21,9.25,8.79,8.02,9.78,11.29,15.34,17.13,19.11,24.13,16.34,20.36,27.23,27.14,28.15,27.28,17.86,15.46,17.6,19.2,18.42,15.53,19.91,31.43
2022P,OH,ESRCD,6.99,7.21,7.34,7.58,9.33,10.93,11.25,12.54,13.68,14.85,16.29,18.55,20.94,22.53,21.94,22.49,22.45,22.56,22.24,22.79,23.58,23.91,24.14,24.51,25.08,25.2,25.19,25.29,25.51,25.43,25.23,24.53,24.16,24.22,24.77,24.93,27.39,28.05,29.48,31.27,33.15,33.48,34.46,35.2,36.62,37.51,36.56,37,36.81,36.28,36.01,37.42,40.59
2022P,OH,NGRCD,0.88,0.96,1.03,1.08,1.21,1.47,1.73,2.16,2.37,2.74,3.49,3.88,4.83,5.89,5.85,5.79,5.55,5.12,5.01,5.11,5.09,5.06,5.02,5.5,5.67,5.26,5.69,6.46,6.18,6.02,7.39,9.28,7.33,8.84,10.01,12.46,13.85,12.99,13.97,12.18,10.76,10.45,9.59,9.12,9.58,8.89,8.4,9.06,8.53,8.98,8.9,10.32,12.21
2022P,OH,PQRCD,,,,,,,,,,,,,,,,,,,,,,,,,,,,,,,,,,,,,,,,,25.03,29.35,26.73,26.68,30.87,23.6,23.6,28.71,29.23,24.86,21.15,27.23,29.44
2022P,OH,WDRCD,0.57,0.6,0.6,0.69,1.07,1.12,1.2,1.36,1.44,2.06,2.87,3.53,3.43,3.32,3.37,3.24,2.6,2.48,2.5,2.76,3.56,3.41,3.12,3.05,2.96,2.9,3.32,3.31,2.87,2.94,4.41,4.22,3.82,4.59,5.21,6.91,7.96,8.79,10.83,8.13,9.6,11.54,12.85,12.58,12.27,8.45,7.22,8.08,8.94,8.6,7.11,8.54,
2022P,OK,CLRCD,0.9,0.84,0.98,1.48,1.07,1.58,1.41,1.61,1.71,2.97,2.54,3.42,3.18,2.91,2.92,2.83,2.78,2.4,2.12,2.43,2.41,2.36,2.43,2.16,2.25,2.24,2.14,2.14,2.1,2.05,0,2.25,2.43,2.24,0,2.45,3.73,2.94,0,0,0,0,0,0,0,0,0,0,0,0,0,0,0
2022P,OK,DFRCD,0.89,0.91,0.91,1.13,2.19,2.22,2.48,2.8,2.91,4.63,6.6,8,7.54,6.95,6.81,3.73,5.41,3.64,4.81,6.14,7.37,6.84,6.25,6.28,7.89,6.1,6.89,6.86,5.77,6.21,8.99,8.77,7.84,9.27,10.99,15.09,17.29,19.37,23.72,16.04,19.36,26.97,26.88,27.89,26.95,17.65,15.27,17.4,18.97,18.27,15.83,20.09,29.56
2022P,OK,ESRCD,7.42,7.45,7.41,7.25,7.65,8.22,9.45,10.6,11.39,11.98,13.5,15.85,18,19.31,18.18,19.37,20.69,19.76,19.74,20.02,19.3,20.61,21.02,20.94,20.6,19.99,19.65,19.43,19.25,19.35,20.59,21.3,19.72,21.91,22.62,23.31,25.06,25.16,26.64,24.88,26.78,27.75,27.86,28.35,29.41,29.72,29.88,31.1,30.19,29.91,29.65,32.24,36.47
2022P,OK,NGRCD,0.81,0.85,0.88,0.91,1.02,1.22,1.51,1.76,1.92,2.19,2.46,2.87,3.5,4.18,4.48,4.49,4.9,4.49,4.36,4.4,4.7,4.66,4.85,4.84,5.36,5.48,5.51,6.19,5.89,5.85,7.31,9.34,7.56,8.63,9.91,11.33,12.97,11.72,11.91,11.03,10.79,10.02,10.75,9.38,9.73,9.79,10.08,10.93,8.96,9.11,8.84,10.03,14.27
2022P,OK,PQRCD,,,,,,,,,,,,,,,,,,,,,,,,,,,,,,,,,,,,,,,,,21.6,23.01,20.13,19.87,25.6,16.97,15.28,18.94,19.53,17.37,15.62,22.2,24.72
2022P,OK,WDRCD,0.71,0.74,0.75,0.86,1.33,1.39,1.49,1.69,1.79,2.57,3.57,4.39,4.26,4.13,4.2,4.04,3.24,3.08,3.12,3.44,3.53,3.38,3.09,3.02,2.93,2.87,3.29,3.28,2.84,2.91,4.37,4.17,3.78,4.54,5.16,6.83,7.87,8.7,10.72,8.05,9.5,11.42,12.71,12.45,12.14,8.37,7.15,8,8.85,8.51,7.04,8.45,
2022P,OR,CLRCD,0.95,1.05,1.15,1.15,1.39,1.14,1.9,1.36,2.55,4,4.26,4.57,4.81,3.75,3.76,3.67,3.79,3.76,3.37,3.66,3.77,5.21,3.76,3.77,3.74,3.77,0,3.71,3.66,3.69,3.72,0,0,0,0,0,0,0,0,0,0,0,0,0,0,0,0,0,0,0,0,0,0
2022P,OR,DFRCD,1.41,1.48,1.49,1.71,2.63,2.8,3.11,3.34,3.3,4.9,7.02,8.03,8.05,7.47,7.16,7,5.08,5.23,5.11,5.78,6.99,6.73,6.33,6.62,6.4,6.45,7.14,7.44,6.21,6.77,9.87,8.74,7.65,9.4,11.51,15.49,17.45,18.15,22.24,15.5,20.19,26.58,27.82,27.5,26.88,18.85,15.71,17.94,20.92,20.15,16.55,19.76,30.53
2022P,OR,ESRCD,3.65,3.89,3.94,4.14,4.67,5.27,5.86,6.92,7.53,7.73,9.37,10.59,10.56,12.07,12.73,13.72,13.84,14.07,14.02,13.97,13.86,14.11,14.45,14.71,15.61,16.08,16.69,16.31,17.08,16.85,17.23,18.42,20.85,20.69,21.05,21.26,21.91,23.99,24.89,25.43,26.01,27.95,28.74,29.01,30.68,31.26,31.25,31.24,32.19,32.28,32.73,33.34,33.48
2022P,OR,NGRCD,1.45,1.53,1.61,1.66,1.92,2.11,2.59,3.29,3.66,3.95,5.36,5.81,6.63,6.95,6.93,6.73,6.47,6.44,6.64,5.98,6.13,5.95,5.94,6.17,6.68,6.46,6.05,5.91,6.49,6.72,7.87,9.43,10.28,9.77,11.02,12.45,14.03,14.18,13.55,14.16,12.39,11.5,10.97,10.75,11.4,11.86,10.89,9.9,9.97,9.47,10.33,11.12,11.97
2022P,OR,PQRCD,,,,,,,,,,,,,,,,,,,,,,,,,,,,,,,,,,,,,,,,,25.7,30.68,28.1,27.81,32.84,24.58,23.44,27.37,28.46,24.87,21.76,28.52,31.7
2022P,OR,WDRCD,0.82,0.86,0.87,1,1.54,1.62,1.74,1.96,2.08,2.98,4.15,5.1,4.95,4.79,4.88,4.69,3.76,3.58,3.62,3.99,4.75,4.55,4.16,4.06,3.94,3.86,4.43,4.41,3.82,3.92,5.88,5.62,5.09,6.11,6.95,9.2,10.6,11.71,14.42,10.83,12.78,15.36,17.11,16.76,16.34,11.26,9.62,10.76,11.9,11.46,9.47,11.37,
2022P,PA,CLRCD,1.03,1.06,1.14,1.08,2.26,2.57,2.27,2.36,2.48,2.54,2.7,3.21,3.2,2.78,3.08,2.83,2.76,2.72,2.69,2.79,2.96,2.64,2.69,2.79,2.75,2.55,2.73,2.66,2.61,2.52,2.51,4.52,2.77,2.36,3.73,3.33,3.59,3.52,0,0,0,0,0,0,0,0,0,0,0,0,0,0,0
2022P,PA,DFRCD,1.35,1.44,1.45,1.67,2.62,2.81,2.93,3.32,3.52,5.03,6.95,8.52,8.2,8.09,8.25,7.82,6.22,5.88,5.95,6.5,7.84,7.62,6.79,6.6,6.56,6.32,7.29,7.27,6.23,6.24,9.36,8.87,8.14,9.98,11.39,15.11,17.54,19.3,24.32,17.96,21.43,26.14,29.86,28.82,28.12,19.65,16.89,18.79,20.69,20.61,17.6,20.71,32.88
2022P,PA,ESRCD,7.15,8.09,8.54,9.03,11.33,12.8,13.01,14.01,14.6,15.62,17.42,19.54,22.49,22.87,23.35,25.05,25.96,25.96,25.44,26.09,27.03,28.09,28.33,27.99,28,28.49,28.52,28.99,28.92,26.73,27.94,28.36,28.55,28.1,28.07,28.89,30.33,32.09,33.27,34.14,37.22,38.86,37.37,37.48,39.03,39.98,40.64,41.7,40.71,40.46,39.81,40.33,46.73
2022P,PA,NGRCD,1.2,1.24,1.31,1.43,1.62,1.89,2.09,2.45,2.58,3.13,3.73,4.41,5.28,6.26,6.34,6.5,6.17,5.82,5.59,5.9,6.36,6.53,6.37,6.6,7.18,6.92,7.13,8.05,8.15,8.01,8.2,10.91,9.12,10.45,11.81,13.66,15.84,14.12,15.61,14.18,12.44,11.99,11.48,11.07,11.2,10.53,9.76,10.93,10.82,11.26,11.04,11.56,14.39
2022P,PA,PQRCD,,,,,,,,,,,,,,,,,,,,,,,,,,,,,,,,,,,,,,,,,30.1,32.37,30.69,30.1,32.75,27.95,27.76,30.68,30.74,26.1,22.83,27.51,30
2022P,PA,WDRCD,0.4,0.42,0.42,0.49,0.75,0.79,0.85,0.96,1.01,1.45,2.02,2.49,2.41,2.34,2.38,2.29,1.83,1.75,1.76,1.95,2.83,2.71,2.48,2.42,2.35,2.3,2.64,2.63,2.27,2.33,3.5,3.34,3.03,3.64,4.14,5.48,6.31,6.97,8.59,6.45,7.61,9.15,10.19,9.98,9.73,6.71,5.73,6.41,7.09,6.82,5.64,6.77,
2022P,RI,CLRCD,0.98,1.51,1.53,1.83,2.19,2.62,2.64,3.12,3.68,3.64,4.47,5.4,5.46,5.02,4.76,4.39,4.19,3.85,3.99,3.96,4.21,4.07,3.94,3.96,4.07,4.01,4.19,4.14,4.1,4.06,4.12,4.05,4.13,4,4.91,5.42,5.69,5.69,0,0,0,0,0,0,0,0,0,0,0,0,0,0,0
2022P,RI,DFRCD,1.49,1.57,1.58,1.78,2.7,2.85,3.04,3.4,3.66,5.25,7.29,8.93,8.66,8.45,8.51,8.15,6.33,6.31,6.39,7.18,8.38,7.71,7.04,6.89,6.83,6.75,7.61,7.64,6.7,6.63,9.72,9.55,8.68,10.38,11.67,15.45,18.28,20.22,24.96,18.48,22.78,25.91,29.34,28.38,27.66,18.98,16.15,18.1,20.04,19.18,15.75,18.36,27.88
2022P,RI,ESRCD,8.44,8.59,9.62,10.17,14.62,15.43,15.21,16.91,17.11,19.49,22.64,27.89,26.9,27.9,27.55,26.77,25.42,25.93,25.28,26.34,28.84,32.22,32.75,33.37,32.99,33.62,34.6,35.52,31.97,29.67,33.06,35.55,29.91,34.03,35.73,38.21,44.3,41.17,51.15,45.73,46.67,42.01,42.22,44.55,50.32,56.53,54.56,53.69,60.23,63.7,64.5,65.36,68.03
2022P,RI,NGRCD,1.79,1.89,2.01,2.34,2.52,3.04,3.32,4.17,4.13,3.64,5.58,6.46,7.68,8.37,7.29,7.62,7.25,6.63,6.43,6.94,7.03,7.43,7.55,7.94,8.82,7.79,7.72,9.28,9.31,9.25,9.39,11.82,11.46,11.55,12.89,14.49,17.28,16.23,16.49,16.66,16.11,14.97,13.87,14.11,14.72,13.85,13.39,13.6,15.2,14.92,14.63,15.72,17.61
2022P,RI,PQRCD,,,,,,,,,,,,,,,,,,,,,,,,,,,,,,,,,,,,,,,,,36.34,40.79,38.64,39.01,42.51,35.87,36.96,38.89,40.07,35.73,32.65,36.92,41.47
2022P,RI,WDRCD,0.56,0.59,0.6,0.69,1.06,1.11,1.19,1.35,1.43,2.05,2.85,3.51,3.4,3.3,3.35,3.22,2.58,2.46,2.49,2.75,2.83,2.71,2.48,2.42,2.35,2.3,2.64,2.63,2.27,2.33,3.5,3.34,3.03,3.64,4.14,5.48,6.31,6.97,8.59,6.45,7.61,9.15,10.19,9.98,9.73,6.71,5.73,6.41,7.09,6.82,5.64,6.77,
2022P,SC,CLRCD,1.2,0.96,1.22,1.16,2,2.47,2.9,3,3.04,3.01,3.19,3.88,3.69,3.67,3.68,3.48,3.31,3.2,3.26,3.34,3.34,3.15,3.11,3.26,3.23,3.1,3.06,3.12,3.15,3.05,0,0,3.38,0,0,0,4.88,4.55,0,0,0,0,0,0,0,0,0,0,0,0,0,0,0
2022P,SC,DFRCD,1.3,1.37,1.37,1.65,2.54,2.69,2.93,3.29,3.52,4.64,6.95,8.66,8.37,7.54,7.81,7.19,6.66,5.29,6.01,5.9,7.57,7.06,5.87,5.9,6.13,6.67,5.47,7.13,6.32,6.78,9.83,9.09,7.87,9.55,11.09,15.55,17.17,18.52,24.52,17.37,20.48,27.36,27.27,28.29,27.34,17.9,15.49,17.64,19.24,18.78,16.38,19.57,29.58
2022P,SC,ESRCD,5.64,6.08,6.5,6.68,8.3,9.6,10.44,11.42,11.85,12.67,13.69,15.73,17.61,18.97,19.2,20.54,20.89,21.03,20.89,21.08,20.95,21.16,21.07,21.48,21.97,22.07,21.98,22.01,21.98,22.14,22.22,22.53,22.64,23.48,23.8,25.42,26.46,26.92,28.98,30.61,30.77,32.4,34.49,35.15,36.49,36.84,37.08,38.15,36.46,38.08,37.47,37.7,39.82
2022P,SC,NGRCD,1.32,1.43,1.57,1.61,1.92,2.08,2.24,2.81,2.91,3.45,4.06,4.79,5.35,6.21,6.46,6.44,6.35,6.41,6.55,6.56,6.97,6.79,6.84,6.94,7.42,7.34,7.2,8.12,8.03,8.22,8.9,11.65,9.42,10.63,11.59,14.3,16.73,16.55,16.3,14.46,12.72,12.66,13,12.39,12.36,12.25,12.23,14.02,13.12,12.72,13.08,13.86,15.21
2022P,SC,PQRCD,,,,,,,,,,,,,,,,,,,,,,,,,,,,,,,,,,,,,,,,,30.38,33.72,31.88,31.77,36.17,31.31,31.14,34.31,35.4,31.59,28.73,34.76,37.4
2022P,SC,WDRCD,0.73,0.77,0.78,0.89,1.38,1.45,1.55,1.76,1.86,2.66,3.7,4.56,4.42,4.28,4.36,4.19,3.36,3.2,3.23,3.57,3.53,3.38,3.09,3.02,2.93,2.87,3.29,3.28,2.84,2.91,4.37,4.17,3.78,4.54,5.16,6.83,7.87,8.7,10.72,8.05,9.5,11.42,12.71,12.45,12.14,8.37,7.15,8,8.85,8.51,7.04,8.45,
2022P,SD,CLRCD,1.75,1.15,1.18,1.67,3.5,3.61,3.52,3,3.29,3.33,3.48,2.69,4.3,3.69,2.18,2.65,3.05,2.97,2.58,2.65,2.62,2.97,2.63,2.44,2.44,2.64,2.56,2.73,2.75,2.31,2.69,2.86,2.53,2.88,2.78,3.46,3.31,3.92,0,0,0,0,0,0,0,0,0,0,0,0,0,0,0
2022P,SD,DFRCD,1.28,1.36,1.36,1.58,2.51,2.55,2.8,3.2,3.38,4.83,6.92,8.3,8.07,7.36,7.26,7.64,5.45,4.64,3.95,5.35,5.52,5.13,5.77,5.98,5.54,4.99,6.85,6.83,5.74,6.18,8.95,8.73,7.8,9.23,10.94,15.02,17.21,19.28,23.61,15.96,19.27,26.84,26.76,27.75,26.82,17.56,15.24,17.4,18.97,18.27,15.83,20.09,29.56
2022P,SD,ESRCD,7.76,7.75,7.84,7.85,8.43,8.97,9.95,10.2,10.98,11.68,14.52,16.41,17.9,19.36,18.74,19.13,19.44,19.93,19.62,19.95,20.37,20.24,20.8,20.63,20.68,20.75,20.53,20.76,21.3,21.75,21.74,21.74,21.69,21.9,22.42,22.77,22.96,23.66,24.25,24.87,26.3,27.42,29.51,30.06,30.68,32.47,33.6,34.49,33.98,33.86,34.42,35.82,35.44
2022P,SD,NGRCD,1.04,1.1,1.13,1.19,1.29,1.4,1.5,1.83,2.1,2.62,3.14,3.9,4.71,5.53,6.09,5.69,5.24,4.81,4.81,4.77,5.06,4.85,5.07,5.23,5.22,4.98,5.18,5.65,5.54,5.8,7.31,8.61,6.93,8.46,9.49,11.6,11.08,10.46,11.29,9.12,8.73,8.55,8.24,7.98,8.9,7.88,7.2,7.76,7.18,6.73,6.61,9.03,10.21
2022P,SD,PQRCD,,,,,,,,,,,,,,,,,,,,,,,,,,,,,,,,,,,,,,,,,18.56,20.96,17.95,17.66,24.1,13.86,11.76,15.8,16.56,15.47,14.45,21.37,23.77
2022P,SD,WDRCD,0.61,0.64,0.64,0.74,1.14,1.2,1.28,1.45,1.53,2.2,3.06,3.77,3.66,3.54,3.6,3.46,2.78,2.65,2.67,2.95,3.56,3.41,3.12,3.05,2.96,2.9,3.32,3.31,2.87,2.94,4.41,4.22,3.82,4.59,5.21,6.91,7.96,8.79,10.83,8.13,9.6,11.54,12.85,12.58,12.27,8.45,7.22,8.08,8.94,8.6,7.11,8.54,
2022P,TN,CLRCD,0.74,0.95,1.06,1.03,1.85,1.75,1.75,1.99,1.89,1.51,1.97,2.38,1.75,1.6,2.07,1.85,1.67,1.79,1.52,1.61,1.77,1.75,1.61,1.79,1.77,1.5,1.56,1.61,1.68,1.7,1.65,2.39,2.17,2.19,2.4,3.44,3.6,3.33,0,0,0,0,0,0,0,0,0,0,0,0,0,0,0
2022P,TN,DFRCD,1.24,1.36,1.37,1.55,2.41,2.49,2.77,3.2,3.36,4.62,6.89,8.54,8.11,7.72,8.12,6.59,5.3,5.25,5.53,5.9,6.59,6.12,5.21,5.3,5.54,5.42,4.76,6.96,5.85,6.3,9.12,8.9,7.98,9.49,11.25,15.45,17.7,19.84,24.29,16.42,19.83,27.62,27.53,28.55,27.6,18.07,15.64,17.81,19.43,18.7,16.21,20.57,30.27
2022P,TN,ESRCD,3.34,3.92,3.9,4.16,5.03,6.62,7.26,7.36,8.57,9.73,10.43,12.94,14.47,14.31,14.01,14.28,15.26,16.03,16.74,16.65,16.68,16.55,16.71,16.87,17.23,17.33,17.24,17.66,18.51,18.59,18.54,18.53,18.78,19.18,20.21,20.47,22.72,22.98,26.12,27.33,27.06,29.25,29.6,29.25,30.26,30.19,30.52,31.43,31.38,31.87,31.53,32.44,35.89
2022P,TN,NGRCD,0.89,0.95,1,1.06,1.15,1.25,1.57,2.03,2.08,2.29,2.85,3.38,4.22,5.14,4.92,4.96,4.81,4.53,4.51,4.68,4.94,5.03,5.33,5.5,5.94,5.59,6.07,6.7,6.53,6.36,7.22,9.8,7.9,9.35,10.26,13.04,14.2,12.92,13.69,11.82,10.22,10.06,9.8,9.26,9.85,9.29,8.87,9.92,9.08,9.08,8.6,9.88,11.97
2022P,TN,PQRCD,,,,,,,,,,,,,,,,,,,,,,,,,,,,,,,,,,,,,,,,,27.13,28.14,24.89,24.6,31.06,21.32,19.42,23.55,24.21,21.78,19.8,27.23,30.08
2022P,TN,WDRCD,0.85,0.9,0.9,1.04,1.61,1.69,1.81,2.04,2.16,3.1,4.31,5.31,5.15,4.99,5.07,4.88,3.91,3.73,3.77,4.16,3.53,3.38,3.09,3.02,2.93,2.87,3.29,3.28,2.84,2.91,4.37,4.17,3.78,4.54,5.16,6.83,7.87,8.7,10.72,8.05,9.5,11.42,12.71,12.45,12.14,8.37,7.15,8,8.85,8.51,7.04,8.45,
2022P,TX,CLRCD,0.9,0.84,0.98,1.48,1.07,0,0,1.61,0,0,2.54,3.42,3.18,0,0,2.83,2.78,2.4,2.12,2.43,2.41,2.36,2.43,2.16,2.25,0,0,2.14,2.1,2.05,2.13,2.25,2.43,2.24,2.12,2.45,3.73,2.94,0,0,0,0,0,0,0,0,0,0,0,0,0,0,0
2022P,TX,DFRCD,0.98,1.06,1.07,1.24,2.12,2.24,2.54,2.82,2.96,4.8,6.51,8.03,7.53,6.87,7.28,6.99,4.57,4.69,4.41,5.42,4.32,3.98,5.46,5.78,5.47,5.29,7.28,5.66,4.53,4.97,8.54,7.23,6.5,7.27,9.61,14.14,16.33,17.88,24.88,14.54,17.66,25.41,25.32,26.34,25.39,15.93,13.51,15.67,17.28,16.64,13.66,16.32,25.21
2022P,TX,ESRCD,6.31,6.32,6.4,6.61,7.73,8.74,9.84,11.11,11.86,13.05,14.92,18.32,21.25,22.44,21.62,21.99,20.18,19.74,20.16,20.45,21.12,22.17,22.69,23.45,23.68,22.61,22.76,22.92,22.42,22.13,23.33,25.97,23.6,26.83,28.51,32.03,37.68,36.17,38.19,36.29,33.99,32.48,32.18,33.28,34.77,33.88,32.22,32.28,32.82,34.47,34.33,35.48,40.33
2022P,TX,NGRCD,0.9,0.97,0.99,1.01,1.13,1.48,1.93,2.33,2.66,3.12,3.31,4.06,5.05,5.39,5.6,5.55,5.09,5,5.16,5.34,5.54,5.49,5.5,5.74,5.74,5.68,5.68,6.14,5.87,5.87,7.17,8.69,7.06,8.96,10.06,12.14,12.77,11.69,13.39,10.92,10.47,9.93,10.26,10.25,10.79,10.28,11.39,13.23,11.11,10.34,11.38,13.47,16.21
2022P,TX,PQRCD,,,,,,,,,,,,,,,,,,,,,,,,,,,,,,,,,,,,,,,,,27.84,30.56,28,27.71,32.71,24.49,23.36,27.27,28.36,24.78,21.68,28.41,31.58
2022P,TX,WDRCD,0.71,0.74,0.75,0.86,1.33,1.39,1.49,1.69,1.79,2.57,3.57,4.39,4.26,4.13,4.2,4.04,3.24,3.08,3.12,3.44,3.53,3.38,3.09,3.02,2.93,2.87,3.29,3.28,2.84,2.91,4.37,4.17,3.78,4.54,5.16,6.83,7.87,8.7,10.72,8.05,9.5,11.42,12.71,12.45,12.14,8.37,7.15,8,8.85,8.51,7.04,8.45,
2022P,US,CLRCD,1.14,1.22,1.27,1.2,2.2,2.45,2.41,2.53,2.59,2.69,2.9,3.56,3.65,3.16,3.4,3.26,3.12,2.74,2.61,2.64,3.01,3.1,2.89,3.02,2.67,2.58,2.53,2.48,2.46,2.37,2.24,2.93,2.59,2.46,3.03,3.46,3.51,3.5,0,0,0,0,0,0,0,0,0,0,0,0,0,0,0
2022P,US,DFRCD,1.39,1.46,1.47,1.69,2.61,2.74,2.94,3.32,3.51,5.04,7.02,8.63,8.38,8.11,8.25,7.93,6.36,6.06,6.12,6.76,8.01,7.68,7.02,6.85,6.66,6.53,7.48,7.46,6.45,6.62,9.93,9.49,8.61,10.33,11.74,15.54,17.96,19.76,24.53,18.29,21.58,25.94,28.88,28.29,27.58,19.01,16.24,18.17,20.1,19.34,15.99,19.2,29.7
2022P,US,ESRCD,6.51,6.8,7.09,7.44,9.09,10.29,10.93,11.87,12.63,13.6,15.71,18.17,20.11,21.04,20.96,21.66,21.75,21.82,21.92,22.41,22.96,23.57,24.06,24.4,24.57,24.63,24.5,24.71,24.21,23.93,24.14,25.16,24.75,25.56,26.22,27.68,30.49,31.22,33.01,33.73,33.81,34.34,34.82,35.54,36.69,37.08,36.78,37.77,37.71,38.14,38.55,40.03,44.08
2022P,US,NGRCD,1.06,1.12,1.18,1.26,1.42,1.67,1.94,2.3,2.52,2.92,3.6,4.19,5.05,5.88,5.95,5.94,5.67,5.39,5.32,5.47,5.63,5.66,5.73,5.99,6.23,5.89,6.16,6.75,6.61,6.5,7.63,9.42,7.69,9.24,10.47,12.34,13.35,12.7,13.52,11.81,11.13,10.78,10.38,10.01,10.6,9.96,9.63,10.47,10.08,10.07,10.33,11.69,14.16
2022P,US,PQRCD,,,,,,,,,,,,,,,,,,,,,,,,,,,,,,,,,,,,,,,,,25.65,28.25,25.91,25.3,30.05,22.75,21.56,25.15,25.93,22.72,20.59,26.81,29.39
2022P,US,WDRCD,0.66,0.69,0.69,0.8,1.24,1.31,1.39,1.57,1.64,2.35,3.1,3.79,3.82,3.57,3.85,3.71,2.97,2.87,2.9,3.2,3.59,3.44,3.14,3.03,2.94,2.88,3.3,3.24,2.8,2.87,4.32,4.22,3.83,4.6,5.22,6.96,8.02,8.86,10.92,8.17,9.64,11.59,12.9,12.63,12.32,8.42,7.34,8.22,9.05,8.79,7.26,8.72,
2022P,UT,CLRCD,0.76,0.73,0.73,0.72,1.23,1.33,1.52,1.71,2.2,3.65,3.02,4.34,3.81,3.4,3.78,3.46,3.42,2.62,2.63,3.01,3.02,3.06,2.8,2.47,2.28,2.21,2.2,2.72,2.87,3.48,2.62,2.85,2.57,2.52,3.33,3.56,3.73,3.89,0,0,0,0,0,0,0,0,0,0,0,0,0,0,0
2022P,UT,DFRCD,1.28,1.36,1.36,1.58,2.51,2.84,2.94,3.25,3.3,4.51,6.89,8.22,8.24,6.68,6.25,7.25,4.04,3.73,3.86,5.43,7.2,6.86,7.08,4.12,4.32,6.39,8.3,7.09,5.87,6.09,8.8,8.17,6.87,9.04,10.56,15.84,18,19.71,24.06,15.62,20.03,25.86,26.53,25.89,24.59,14.68,13.19,17.74,19.91,19.2,15.77,18.84,29.11
2022P,UT,ESRCD,6.69,6.9,6.92,6.97,7.37,8.84,10.01,10.86,12.76,14.24,16.92,18.45,19.7,21.36,21.71,22.8,23.27,23.28,22.88,21.68,20.9,20.86,20.43,20.08,20.26,20.34,20.39,20.19,20.06,18.39,18.43,19.7,19.91,20.22,21.14,22.03,22.26,23.9,24.19,24.85,25.52,26.27,29.1,30.39,31.2,31.9,32.29,32.1,30.51,30.48,30.59,30.57,31.78
2022P,UT,NGRCD,0.91,0.93,0.96,1.04,1.12,1.28,1.45,1.72,2.02,2.32,2.51,3,3.63,3.96,5.29,4.52,4.89,4.6,4.73,4.72,4.85,5.06,5.04,4.75,4.64,4.45,4.29,4.92,5.32,5.09,5.9,7.69,6.03,6.87,7.69,9.21,10.42,8.94,8.47,8.55,7.85,8.12,8.32,8.15,9.07,9.29,8.73,8.67,8.67,7.47,7.81,8.58,10.02
2022P,UT,PQRCD,,,,,,,,,,,,,,,,,,,,,,,,,,,,,,,,,,,,,,,,,23.3,27.08,24.75,24.48,29.04,21.56,20.53,24.09,25.08,21.84,19.03,25.16,28.05
2022P,UT,WDRCD,0.72,0.76,0.77,0.88,1.36,1.43,1.53,1.74,1.83,2.63,3.66,4.51,4.37,4.23,4.31,4.14,3.32,3.16,3.2,3.53,4.75,4.55,4.16,4.06,3.94,3.86,4.43,4.41,3.82,3.92,5.88,5.62,5.09,6.11,6.95,9.2,10.6,11.71,14.42,10.83,12.78,15.36,17.11,16.76,16.34,11.26,9.62,10.76,11.9,11.46,9.47,11.37,
2022P,VA,CLRCD,1.34,1.27,1.55,1.55,2.64,2.73,3.11,3.42,3.74,3.7,3.85,4.39,4.23,3.69,4.07,3.92,3.59,3.53,3.49,3.59,3.48,3.35,3.32,3.37,3.45,3.35,3.37,3.3,3.25,3.19,3.12,4.18,3.7,3.65,4.58,5.33,5.05,4.95,0,0,0,0,0,0,0,0,0,0,0,0,0,0,0
2022P,VA,DFRCD,1.37,1.46,1.47,1.64,2.54,2.69,2.9,3.31,3.54,5.08,7.1,8.69,8.49,8.07,8.21,7.89,6.43,5.93,6.01,6.49,8.25,7.54,6.93,6.66,6.37,6.3,7.11,7.15,6.46,6.56,9.48,9.07,7.97,9.89,11.05,15.49,17.24,18.35,23.84,16.74,20.01,27.1,27.01,28.02,27.16,17.78,15.39,17.53,19.12,18.78,16.69,19.73,29.75
2022P,VA,ESRCD,6.11,6.26,6.49,6.89,9.06,11.05,11.08,12.7,13.27,14.92,17.8,18.15,19.81,20.56,19.53,19.49,19.48,19.62,19.29,20.33,21.24,21.51,22.37,22.19,22.72,22.99,22.27,22.71,22.02,21.93,22.04,22.83,22.83,22.76,23.43,23.92,24.88,25.62,28.18,31.08,30.63,31.19,32.47,31.78,32.53,33.32,33.28,33.84,34.37,35.37,35.25,35.07,39.1
2022P,VA,NGRCD,1.45,1.48,1.56,1.64,1.83,2.2,2.49,2.97,3.21,3.65,4.2,4.55,5.88,6.83,6.75,6.76,6.24,5.63,5.58,6.33,6.47,6.52,6.44,7.18,7.34,6.97,7.64,8.24,8.21,8.3,9.65,11.52,9.44,11.41,12.65,14.54,15.65,14.87,15.61,13.36,12.41,12.4,12,11.26,11.5,11.11,10.36,11.69,11.07,11.94,12.01,12.89,15.24
2022P,VA,PQRCD,,,,,,,,,,,,,,,,,,,,,,,,,,,,,,,,,,,,,,,,,30.3,33.29,32.65,31.88,34.46,29.43,29.13,31.71,33.05,29.88,28.23,33.64,36.18
2022P,VA,WDRCD,0.73,0.77,0.78,0.89,1.38,1.45,1.55,1.76,1.86,2.66,3.7,4.56,4.42,4.28,4.36,4.19,3.36,3.2,3.23,3.57,3.53,3.38,3.09,3.02,2.93,2.87,3.29,3.28,2.84,2.91,4.37,4.17,3.78,4.54,5.16,6.83,7.87,8.7,10.72,8.05,9.5,11.42,12.71,12.45,12.14,8.37,7.15,8,8.85,8.51,7.04,8.45,
2022P,VT,CLRCD,1.37,1.56,1.58,1.83,2.19,2.62,2.64,3.12,3.68,4.68,4.42,5.38,5.26,4.57,5.28,4.91,4.71,4.37,4.51,4.48,4.73,4.59,4.46,4.48,4.59,4.53,4.71,4.66,4.62,4.57,4.63,4.57,4.65,4.52,5.43,5.94,6.2,6.2,0,0,0,0,0,0,0,0,0,0,0,0,0,0,0
2022P,VT,DFRCD,1.51,1.58,1.59,1.79,2.72,2.87,3.06,3.42,3.66,5.23,7.32,9.04,8.66,8.47,8.39,8.08,6.49,6.23,6.19,6.79,8.02,7.71,6.98,6.84,6.64,6.46,7.34,7.48,6.62,6.47,9.51,9.56,8.88,9.94,11.52,15.2,18.47,20.62,25.6,19.98,21.55,26.11,29.5,28.11,27.4,18.8,16,17.93,19.86,19.24,16.45,20.05,31.61
2022P,VT,ESRCD,6.68,6.86,7.55,8.11,9.88,11.47,12.64,12.83,13.86,14.09,15.76,18.2,19.57,19.99,19.74,21.2,23.15,27.72,26.66,26.24,27.16,27.92,28.02,28.84,29.18,30.83,32.22,33.56,34.04,35.66,36.04,37.13,37.45,37.57,37.93,37.99,39.25,41.46,42.43,43.66,45.64,47.67,49.84,50.23,51.21,50.09,50.9,51.8,52.81,51.92,57.25,56.44,58.42
2022P,VT,NGRCD,1.97,2.04,2.13,2.16,2.35,2.62,2.66,3.59,3.53,4.06,6.3,7.05,7.3,6.85,6.36,6.33,6.36,6.31,5.71,5.71,5.89,6.31,6.73,6.2,6.97,6.85,6.3,6.33,6.46,7.09,8.03,9.95,10.35,9.99,10.99,12.15,14.17,15.97,18.22,17.2,16.03,16.04,16.53,15.64,14.43,14.21,13.82,13.71,13.2,12.68,12.69,13.47,14.88
2022P,VT,PQRCD,,,,,,,,,,,,,,,,,,,,,,,,,,,,,,,,,,,,,,,,,29.83,32.43,31.72,32.18,33.61,29.72,30.55,33.33,33.88,28.9,26.38,31.46,33.6
2022P,VT,WDRCD,0.56,0.59,0.6,0.69,1.06,1.11,1.19,1.35,1.43,2.05,2.85,3.51,3.4,3.3,3.35,3.22,2.58,2.46,2.49,2.75,2.83,2.71,2.48,2.42,2.35,2.3,2.64,2.63,2.27,2.33,3.5,3.34,3.03,3.64,4.14,5.48,6.31,6.97,8.59,6.45,7.61,9.15,10.19,9.98,9.73,6.71,5.73,6.41,7.09,6.82,5.64,6.77,
2022P,WA,CLRCD,0.95,1.05,1.15,1.15,1.39,1.14,1.9,1.36,2.55,4,4.26,4.56,4.81,3.75,3.76,3.67,3.79,3.76,3.37,3.66,3.77,5.21,3.76,3.77,3.74,3.77,4.03,3.71,3.66,3.69,3.72,3.48,3.87,3.77,3.61,0,3.82,3.96,0,0,0,0,0,0,0,0,0,0,0,0,0,0,0
2022P,WA,DFRCD,1.4,1.48,1.49,1.71,2.63,2.8,3.11,3.34,3.5,5.03,7.27,8.4,8.48,8.37,7.88,7.76,5.95,6.1,6.03,6.71,7.9,7.8,7.24,7.67,7.3,7.39,8.3,8.75,7.52,8.19,11.11,10.27,9.26,11.43,13.45,18.34,20.67,22.5,26.32,19.29,23.54,28.3,29.63,29.29,28.63,20.08,16.73,19.1,22.28,21.46,17.62,21.05,32.51
2022P,WA,ESRCD,3.12,3.15,3.25,3.36,3.58,3.94,4.01,4.35,4.47,4.79,5.56,6.73,8.19,10.46,10.79,11.14,11.45,12.2,12.45,12.69,12.88,12.79,13.07,13.48,14.57,14.55,14.76,14.51,14.74,14.95,15.04,16.7,18.44,18.49,18.68,19.18,20,21.28,22.11,22.49,23.56,24.26,24.99,25.49,25.4,26.65,27.8,28.3,28.58,28.45,28.94,29.63,30.06
2022P,WA,NGRCD,1.33,1.36,1.39,1.48,1.69,2.18,2.59,2.99,3.32,3.77,5.05,5.73,6.52,6.59,6.54,6.35,5.76,5.25,5.36,5.32,4.87,4.54,4.84,5.03,5.46,5.65,5.44,5.38,5.58,5.58,6.87,9.46,9.06,8.21,9.64,11.46,12.97,13.52,12.68,13.54,11.85,11.95,11.53,11.01,10.14,11.1,9.99,9.83,9.46,9.05,10.11,10.7,11.78
2022P,WA,PQRCD,,,,,,,,,,,,,,,,,,,,,,,,,,,,,,,,,,,,,,,,,26.04,27.94,25.76,25.51,29.78,22.78,21.81,25.14,26.07,23.02,20.39,26.12,28.81
2022P,WA,WDRCD,0.82,0.86,0.87,1,1.54,1.62,1.74,1.96,2.08,2.98,4.15,5.1,4.95,4.79,4.88,4.69,3.76,3.58,3.62,3.99,4.75,4.55,4.16,4.06,3.94,3.86,4.43,4.41,3.82,3.92,5.88,5.62,5.09,6.11,6.95,9.2,10.6,11.71,14.42,10.83,12.78,15.36,17.11,16.76,16.34,11.26,9.62,10.76,11.9,11.46,9.47,11.37,
2022P,WI,CLRCD,1.63,1.85,1.73,1.68,2.87,3.1,2.89,3.15,3.61,3.68,3.92,4.15,4.11,4.18,4.16,4.26,3.86,3.72,3.83,3.84,3.37,3.43,3.41,3.35,3.33,3.26,3.29,3.59,3.38,3.17,3.19,3.29,3.79,3.81,3.88,4.55,5.16,5.39,0,0,0,0,0,0,0,0,0,0,0,0,0,0,0
2022P,WI,DFRCD,1.21,1.29,1.3,1.66,2.58,2.57,2.81,3.22,3.22,4.85,6.6,7.87,7.77,7.66,7.65,7.44,5.72,5.69,5.59,6.14,7.13,6.78,6.19,6.23,6.15,6.15,6.81,7.07,6.07,6.42,8.87,8.94,8.13,9.62,11.1,15.11,17.46,19.6,23.56,16.07,19.93,27.1,27.01,28.02,27.08,17.73,15.35,17.48,19.06,17.99,14.66,18.75,27.39
2022P,WI,ESRCD,6.75,6.9,7.38,7.89,8.77,10.04,10.86,11.55,12.35,13.37,15.04,17.14,19.72,20.33,19.68,19.73,20.07,19.69,19.52,19.56,19.45,19.74,20.24,20.61,20.74,20.42,20.15,20.15,21.02,21.43,22.08,23.14,23.97,25.42,26.58,28.33,30.8,31.84,33.74,34.98,37.07,38.17,38.66,39.7,40.05,41.37,41.24,42.04,41.09,41.55,41.97,42.56,45.79
2022P,WI,NGRCD,1.22,1.24,1.31,1.41,1.48,1.71,2.07,2.46,2.65,3.02,3.81,4.73,5.58,6.43,6.46,6.41,6.14,5.94,5.84,5.61,5.7,5.57,5.82,6.27,6.2,5.76,5.96,6.36,6.08,6.1,7.48,8.69,7.29,9.18,10.08,11.77,12.04,11.86,12.63,10.61,10.24,9.63,9.09,8.42,10.14,8.16,7.72,8.08,7.67,7.32,7.17,9.29,10.8
2022P,WI,PQRCD,,,,,,,,,,,,,,,,,,,,,,,,,,,,,,,,,,,,,,,,,19.82,20.91,17.88,17.72,24.54,14.86,13,16.75,17.16,15.38,14.61,21.43,23.5
2022P,WI,WDRCD,0.57,0.6,0.6,0.69,1.07,1.12,1.2,1.36,1.44,2.06,2.87,3.53,3.43,3.32,3.37,3.24,2.6,2.48,2.5,2.76,3.56,3.41,3.12,3.05,2.96,2.9,3.32,3.31,2.87,2.94,4.41,4.22,3.82,4.59,5.21,6.91,7.96,8.79,10.83,8.13,9.6,11.54,12.85,12.58,12.27,8.45,7.22,8.08,8.94,8.6,7.11,8.54,
2022P,WV,CLRCD,0.66,1.07,1.25,0.94,1.46,1.22,1.22,1.81,1.52,1.43,1.59,2.14,2.22,1.64,1.71,1.66,1.37,1.23,1.24,1.29,1.43,1.31,1.15,1.18,1.19,1.1,1.16,1.32,1.3,1.36,1.3,1.59,1.55,1.69,2.32,2.8,3.09,2.46,0,0,0,0,0,0,0,0,0,0,0,0,0,0,0
2022P,WV,DFRCD,1.37,1.46,1.47,1.64,2.54,2.69,2.9,3.31,3.33,4.69,6.65,8.29,7.88,7.65,7.73,7.42,5.65,5.78,5.67,6.34,7.57,7.14,6.6,6.54,6.19,6.23,7.34,7.36,6.26,6.04,9.57,8.71,8.06,9.98,11.42,15.63,17.35,19.07,24.81,17.46,21,27.36,27.27,28.29,27.34,17.9,15.49,17.64,19.24,18.78,16.38,19.57,29.58
2022P,WV,ESRCD,6.41,6.76,7.14,7.28,8.75,10.47,11.32,10.92,11.36,11.57,12.64,14.61,16.72,16.99,16.38,17.38,17.84,17.87,17.39,17.31,17.28,17.33,18.08,18.47,18.65,19.05,18.69,18.34,18.45,18.39,18.36,18.35,18.27,18.29,18.25,18.19,18.62,19.73,20.7,23.16,25.77,27.52,28.87,27.91,27.37,29.55,33.54,34.09,32.78,32.97,34.6,35.62,38.77
2022P,WV,NGRCD,0.87,0.91,0.94,0.94,1.07,1.4,1.6,2.44,2.53,2.86,3.48,4.08,4.97,5.78,5.81,5.99,5.9,5.57,5.11,5.34,6.03,6.06,5.92,6.05,6.26,6.64,6.62,6.38,6.86,7.03,6.98,7.5,7.94,8.91,10.31,12.18,14.06,13.57,13.52,13.63,10.58,10.06,9.97,9.27,9.35,9.53,8.43,8.7,9.01,9.12,9.27,9.62,11.11
2022P,WV,PQRCD,,,,,,,,,,,,,,,,,,,,,,,,,,,,,,,,,,,,,,,,,28.9,33.25,31.51,31.4,35.58,30.96,30.81,33.82,34.85,31.23,28.52,34.24,36.74
2022P,WV,WDRCD,0.73,0.77,0.78,0.89,1.38,1.45,1.55,1.76,1.86,2.66,3.7,4.56,4.42,4.28,4.36,4.19,3.36,3.2,3.23,3.57,3.53,3.38,3.09,3.02,2.93,2.87,3.29,3.28,2.84,2.91,4.37,4.17,3.78,4.54,5.16,6.83,7.87,8.7,10.72,8.05,9.5,11.42,12.71,12.45,12.14,8.37,7.15,8,8.85,8.51,7.04,8.45,
2022P,WY,CLRCD,0.66,0.85,0.68,0.92,0.94,0.99,1.41,1.2,1.17,0.74,0.87,1.23,2.63,2.36,1.97,2.29,1.37,1.44,0.95,1.25,1.32,1.16,1.26,1.27,1.36,1.39,1.4,1.42,1.29,0.89,0.98,1.14,1.01,1.7,1.12,1.91,3.19,2.4,0,0,0,0,0,0,0,0,0,0,0,0,0,0,0
2022P,WY,DFRCD,1.28,1.36,1.36,1.58,2.51,2.84,2.94,3.25,3.26,4.64,6.94,8.26,8.14,7.38,7.36,10.07,5.72,3.73,4.29,5.43,6.35,6.05,4.79,6.02,5.9,3.28,7.47,7.03,5.83,6.05,8.74,8.11,6.82,8.98,10.49,15.73,17.87,19.57,23.91,15.52,19.66,25.38,26.05,25.41,24.14,14.41,12.95,17.42,19.55,18.83,15.46,18.47,28.53
2022P,WY,ESRCD,7.52,7.53,7.66,7.3,7.64,7.58,7.62,8.01,8.7,9.07,11.66,12.93,13.61,15.72,16.06,16.6,17.66,17.9,17.11,17.71,17.5,17.59,17.83,17.47,17.7,17.86,17.96,18.24,18.41,18.57,19.04,19.85,20.43,20.63,21.14,21.91,22.7,22.72,24.08,25.14,25.71,26.69,28.86,29.77,30.76,32.14,32.63,33.33,33.08,32.75,32.56,32.74,32.5
2022P,WY,NGRCD,0.67,0.69,0.72,0.75,0.85,1.09,1.25,1.69,2.09,2.7,2.66,3.31,4.53,4.84,5.55,4.92,4.69,4.45,4.25,4.46,4.4,4.48,4.46,4.52,4.83,4.54,4.02,4.28,4.86,4.86,5.84,8,5.82,6.82,8.27,10.1,11.14,8.53,9.85,9.1,8.32,8.43,8.14,7.93,8.98,8.8,7.92,8.5,8.1,7.5,8.22,9.51,12.66
2022P,WY,PQRCD,,,,,,,,,,,,,,,,,,,,,,,,,,,,,,,,,,,,,,,,,22.6,26.46,24.1,23.83,28.45,20.87,19.82,23.43,24.43,21.13,18.28,24.48,27.4
2022P,WY,WDRCD,0.72,0.76,0.77,0.88,1.36,1.43,1.53,1.74,1.83,2.63,3.66,4.51,4.37,4.23,4.31,4.14,3.32,3.16,3.2,3.53,4.75,4.55,4.16,4.06,3.94,3.86,4.43,4.41,3.82,3.92,5.88,5.62,5.09,6.11,6.95,9.2,10.6,11.71,14.42,10.83,12.78,15.36,17.11,16.76,16.34,11.26,9.62,10.76,11.9,11.46,9.47,11.37,
