<measure>
  <schema_version>3.0</schema_version>
  <name>process_central_system_fan_coil</name>
  <uid>76aec197-3459-4562-8f74-4741271d9d2f</uid>
  <version_id>c744a6c6-f228-4ce0-8cc7-04ff3e635b12</version_id>
  <version_modified>20190104T195000Z</version_modified>
  <xml_checksum>ED6112BA</xml_checksum>
  <class_name>ProcessCentralSystemFanCoil</class_name>
  <display_name>ResidentialHVACCentralSystemFanCoil</display_name>
  <description>Adds either: (1) a central boiler/chiller with fan coil units to the model, (2) a central chiller with cooling-only fan coil units to the model, or (3) a central boiler with heating-only unit heaters to the model.</description>
  <modeler_description>Adds either: (1) hot water boiler and electric chiller with variable-speed pumps to two plant loops, along with coil heating/cooling water objects on zone hvac four pipe fan coil objects, (2) an electric chiller with variable-speed pump to a single plant loop, along with coil cooling water objects on cooling-only zone hvac four pipe fan coil objects, or (3) a hot water boiler with variable-speed pump to a single plant loop, along with coil heating water objects on heating-only zone hvac unit heater objects.</modeler_description>
  <arguments>
    <argument>
      <name>fan_coil_heating</name>
      <display_name>Fan Coil Provides Heating</display_name>
      <description>When the fan coil provides heating in addition to cooling, a four pipe fan coil system is modeled.</description>
      <type>Boolean</type>
      <required>true</required>
      <model_dependent>false</model_dependent>
      <default_value>true</default_value>
      <choices>
        <choice>
          <value>true</value>
          <display_name>true</display_name>
        </choice>
        <choice>
          <value>false</value>
          <display_name>false</display_name>
        </choice>
      </choices>
    </argument>
    <argument>
      <name>fan_coil_cooling</name>
      <display_name>Fan Coil Provides Cooling</display_name>
      <description>When the fan coil provides cooling in addition to heating, a four pipe fan coil system is modeled.</description>
      <type>Boolean</type>
      <required>true</required>
      <model_dependent>false</model_dependent>
      <default_value>true</default_value>
      <choices>
        <choice>
          <value>true</value>
          <display_name>true</display_name>
        </choice>
        <choice>
          <value>false</value>
          <display_name>false</display_name>
        </choice>
      </choices>
    </argument>
    <argument>
      <name>central_boiler_fuel_type</name>
      <display_name>Central Boiler Fuel Type</display_name>
      <description>The fuel type of the central boiler used for heating.</description>
      <type>Choice</type>
      <required>true</required>
      <model_dependent>false</model_dependent>
      <default_value>gas</default_value>
      <choices>
        <choice>
          <value>electric</value>
          <display_name>electric</display_name>
        </choice>
        <choice>
          <value>gas</value>
          <display_name>gas</display_name>
        </choice>
        <choice>
          <value>oil</value>
          <display_name>oil</display_name>
        </choice>
        <choice>
          <value>propane</value>
          <display_name>propane</display_name>
        </choice>
      </choices>
    </argument>
  </arguments>
  <outputs/>
  <provenances/>
  <tags>
    <tag>HVAC.Whole System</tag>
  </tags>
  <attributes>
    <attribute>
      <name>Measure Type</name>
      <value>ModelMeasure</value>
      <datatype>string</datatype>
    </attribute>
  </attributes>
  <files>
    <file>
      <filename>process_central_system_fan_coil_test.rb</filename>
      <filetype>rb</filetype>
      <usage_type>test</usage_type>
      <checksum>93700A95</checksum>
    </file>
    <file>
      <version>
        <software_program>OpenStudio</software_program>
        <identifier>2.4.0</identifier>
        <min_compatible>2.4.0</min_compatible>
      </version>
      <filename>measure.rb</filename>
      <filetype>rb</filetype>
      <usage_type>script</usage_type>
      <checksum>77EA7E40</checksum>
    </file>
  </files>
</measure>
