<measure>
  <schema_version>3.0</schema_version>
  <name>residential_geometry_from_floorspace_js</name>
  <uid>79d7fbb8-e001-4c65-9444-c7dcb975290f</uid>
  <version_id>f131533f-76a1-4e6d-adaa-1663511a7a43</version_id>
  <version_modified>20180822T022837Z</version_modified>
  <xml_checksum>0AD1E2E2</xml_checksum>
  <class_name>ResidentialGeometryFromFloorspaceJS</class_name>
  <display_name>Residential Geometry from FloorspaceJS</display_name>
  <description>Imports a floorplan JSON file written by the FloorspaceJS tool. Sets the number of bedrooms, bathrooms, and occupants in the building. See https://github.com/NREL/OpenStudio-BEopt#workflows for supported workflows using this measure.</description>
  <modeler_description>Currently this measure deletes the existing geometry and replaces it. Also, sets (or replaces) BuildingUnit objects that store the number of bedrooms and bathrooms associated with the model. Sets (or replaces) the People object for each finished space in the model.</modeler_description>
  <arguments>
    <argument>
      <name>floorplan_path</name>
      <display_name>Floorplan Path</display_name>
      <description>Path to the floorplan JSON.</description>
      <type>String</type>
      <required>true</required>
      <model_dependent>false</model_dependent>
      <default_value>C:/GitHub/OpenStudio-BEopt/measures/ResidentialGeometryCreateFromFloorspaceJS/tests/SFD_Multizone.json</default_value>
    </argument>
    <argument>
      <name>num_bedrooms</name>
      <display_name>Number of Bedrooms</display_name>
      <description>Specify the number of bedrooms. Used to determine the energy usage of appliances and plug loads, hot water usage, mechanical ventilation rate, etc.</description>
      <type>String</type>
      <required>false</required>
      <model_dependent>false</model_dependent>
      <default_value>3</default_value>
    </argument>
    <argument>
      <name>num_bathrooms</name>
      <display_name>Number of Bathrooms</display_name>
      <description>Specify the number of bathrooms. Used to determine the hot water usage, etc.</description>
      <type>String</type>
      <required>false</required>
      <model_dependent>false</model_dependent>
      <default_value>2</default_value>
    </argument>
    <argument>
      <name>num_occupants</name>
      <display_name>Number of Occupants</display_name>
      <description>Specify the number of occupants. A value of 'auto' will calculate the average number of occupants from the number of bedrooms. Used to specify the internal gains from people only.</description>
      <type>String</type>
      <required>true</required>
      <model_dependent>false</model_dependent>
      <default_value>auto</default_value>
    </argument>
    <argument>
      <name>occupants_weekday_sch</name>
      <display_name>Occupants Weekday schedule</display_name>
      <description>Specify the 24-hour weekday schedule.</description>
      <type>String</type>
      <required>true</required>
      <model_dependent>false</model_dependent>
      <default_value>1.00, 1.00, 1.00, 1.00, 1.00, 1.00, 1.00, 0.88, 0.41, 0.24, 0.24, 0.24, 0.24, 0.24, 0.24, 0.24, 0.29, 0.55, 0.90, 0.90, 0.90, 1.00, 1.00, 1.00</default_value>
    </argument>
    <argument>
      <name>occupants_weekend_sch</name>
      <display_name>Occupants Weekend schedule</display_name>
      <description>Specify the 24-hour weekend schedule.</description>
      <type>String</type>
      <required>true</required>
      <model_dependent>false</model_dependent>
      <default_value>1.00, 1.00, 1.00, 1.00, 1.00, 1.00, 1.00, 0.88, 0.41, 0.24, 0.24, 0.24, 0.24, 0.24, 0.24, 0.24, 0.29, 0.55, 0.90, 0.90, 0.90, 1.00, 1.00, 1.00</default_value>
    </argument>
    <argument>
      <name>occupants_monthly_sch</name>
      <display_name>Occupants Month schedule</display_name>
      <description>Specify the 12-month schedule.</description>
      <type>String</type>
      <required>true</required>
      <model_dependent>false</model_dependent>
      <default_value>1.0, 1.0, 1.0, 1.0, 1.0, 1.0, 1.0, 1.0, 1.0, 1.0, 1.0, 1.0</default_value>
    </argument>
  </arguments>
  <outputs/>
  <provenances/>
  <tags>
    <tag>Envelope.Form</tag>
  </tags>
  <attributes>
    <attribute>
      <name>Measure Type</name>
      <value>ModelMeasure</value>
      <datatype>string</datatype>
    </attribute>
    <attribute>
      <name>Intended Software Tool</name>
      <value>Apply Measure Now</value>
      <datatype>string</datatype>
    </attribute>
    <attribute>
      <name>Intended Software Tool</name>
      <value>OpenStudio Application</value>
      <datatype>string</datatype>
    </attribute>
    <attribute>
      <name>Intended Software Tool</name>
      <value>Parametric Analysis Tool</value>
      <datatype>string</datatype>
    </attribute>
    <attribute>
      <name>Intended Use Case</name>
      <value>Model Articulation</value>
      <datatype>string</datatype>
    </attribute>
  </attributes>
  <files>
    <file>
      <filename>empty.json</filename>
      <filetype>json</filetype>
      <usage_type>test</usage_type>
      <checksum>00000000</checksum>
    </file>
    <file>
      <filename>not_all_spaces_assigned_to_zones.json</filename>
      <filetype>json</filetype>
      <usage_type>test</usage_type>
      <checksum>4CA7DC33</checksum>
    </file>
    <file>
      <filename>no_spaces_assigned_to_zones.json</filename>
      <filetype>json</filetype>
      <usage_type>test</usage_type>
      <checksum>733FF481</checksum>
    </file>
    <file>
      <filename>MF_4unit.json</filename>
      <filetype>json</filetype>
      <usage_type>test</usage_type>
      <checksum>8998BE12</checksum>
    </file>
    <file>
      <filename>SFA_2unit.json</filename>
      <filetype>json</filetype>
      <usage_type>test</usage_type>
      <checksum>89098AC3</checksum>
    </file>
    <file>
      <filename>SFD_UA.json</filename>
      <filetype>json</filetype>
      <usage_type>test</usage_type>
      <checksum>886213B8</checksum>
    </file>
    <file>
      <filename>MF_Multizone_NoKitchen.json</filename>
      <filetype>json</filetype>
      <usage_type>test</usage_type>
      <checksum>4D229F6B</checksum>
    </file>
    <file>
      <filename>SFD_Multizone_NoKitchen.json</filename>
      <filetype>json</filetype>
      <usage_type>test</usage_type>
      <checksum>C390E8C8</checksum>
    </file>
    <file>
      <filename>MF_Multizone_NoLaundry.json</filename>
      <filetype>json</filetype>
      <usage_type>test</usage_type>
      <checksum>7BD51810</checksum>
    </file>
    <file>
      <filename>SFD_Multizone_NoLaundry.json</filename>
      <filetype>json</filetype>
      <usage_type>test</usage_type>
      <checksum>5B3E3D34</checksum>
    </file>
    <file>
      <filename>mix_of_spaces_in_a_zone.json</filename>
      <filetype>json</filetype>
      <usage_type>test</usage_type>
      <checksum>1BDA0BFC</checksum>
    </file>
    <file>
      <filename>SFD_Multizone.json</filename>
      <filetype>json</filetype>
      <usage_type>test</usage_type>
      <checksum>53BCA442</checksum>
    </file>
    <file>
      <filename>MF_Multizone_NoLiving.json</filename>
      <filetype>json</filetype>
      <usage_type>test</usage_type>
      <checksum>2C1CFDF6</checksum>
    </file>
    <file>
      <filename>no_space_types.json</filename>
      <filetype>json</filetype>
      <usage_type>test</usage_type>
      <checksum>F2BEDAD0</checksum>
    </file>
    <file>
      <filename>SFD_Multizone_NoLiving.json</filename>
      <filetype>json</filetype>
      <usage_type>test</usage_type>
      <checksum>E15B3F2D</checksum>
    </file>
    <file>
      <filename>unexpected_space_type_name.json</filename>
      <filetype>json</filetype>
      <usage_type>test</usage_type>
      <checksum>5F334C69</checksum>
    </file>
    <file>
      <filename>SFD_FA.json</filename>
      <filetype>json</filetype>
      <usage_type>test</usage_type>
      <checksum>51DF4A46</checksum>
    </file>
    <file>
      <filename>MF_corr_12unit.json</filename>
      <filetype>json</filetype>
      <usage_type>test</usage_type>
      <checksum>473983C9</checksum>
    </file>
    <file>
      <filename>MF_Multizone.json</filename>
      <filetype>json</filetype>
      <usage_type>test</usage_type>
      <checksum>9A86D0BE</checksum>
    </file>
    <file>
      <version>
        <software_program>OpenStudio</software_program>
        <identifier>2.1.2</identifier>
        <min_compatible>2.1.2</min_compatible>
      </version>
      <filename>measure.rb</filename>
      <filetype>rb</filetype>
      <usage_type>script</usage_type>
      <checksum>ED93A0E6</checksum>
    </file>
    <file>
      <filename>create_residential_geometry_from_floorspacejs_test.rb</filename>
      <filetype>rb</filetype>
      <usage_type>test</usage_type>
      <checksum>B81C3A16</checksum>
    </file>
    <file>
      <filename>schedules.rb</filename>
      <filetype>rb</filetype>
      <usage_type>resource</usage_type>
      <checksum>1C22DD2A</checksum>
    </file>
    <file>
      <filename>util.rb</filename>
      <filetype>rb</filetype>
      <usage_type>resource</usage_type>
      <checksum>4516079E</checksum>
    </file>
    <file>
      <filename>constants.rb</filename>
      <filetype>rb</filetype>
      <usage_type>resource</usage_type>
      <checksum>3BCB1148</checksum>
    </file>
    <file>
      <filename>geometry.rb</filename>
      <filetype>rb</filetype>
      <usage_type>resource</usage_type>
      <checksum>3A649817</checksum>
    </file>
    <file>
      <filename>unit_conversions.rb</filename>
      <filetype>rb</filetype>
      <usage_type>resource</usage_type>
      <checksum>81550F14</checksum>
    </file>
  </files>
</measure>
