{
  "build_existing_model": {
    "building_id": 457,
    "workflow_json": "/mnt/openstudio/analysis_fe821d2c-df1e-4105-9ee6-6c7fef1463ae/lib/resources/measure-info.json",
    "number_of_buildings_represented": 16000000,
    "location_region": "CR09",
    "location_epw": "1020908_United_States_FL_Orange_12095_722050_28.45_-81.34_NSRDB_2.0.1_2012_AMY.epw",
    "location_census_division": "South Atlantic - East South Central",
    "vintage": "1980s",
    "heating_fuel": "None",
    "usage_level": "Medium",
    "geometry_foundation_type": "Slab",
    "geometry_stories": "1",
    "geometry_garage": "2 Car",
    "geometry_house_size": "1500-2499",
    "occupants": "Auto",
    "orientation": "West",
    "eaves": "2 ft",
    "door_area": "20 ft^2",
    "window_areas": "F15 B15 L15 R15",
    "overhangs": "None",
    "neighbors": "Left/Right at 15ft",
    "insulation_unfinished_attic": "Ceiling R-13, Vented",
    "roof_sheathing": "3/4 in. OSB",
    "roof_material": "Asphalt Shingles, Medium",
    "thermal_mass_ceiling": "1/2 in. Drywall",
    "insulation_slab": "Uninsulated",
    "insulation_crawlspace": "None",
    "insulation_unfinished_basement": "None",
    "insulation_finished_basement": "None",
    "insulation_pier_beam": "None",
    "insulation_interzonal_floor": "R-13",
    "floor_sheathing": "3/4 in. OSB",
    "floor_covering": "80% Carpet",
    "thermal_mass_floor": "Wood Surface",
    "insulation_wall": "Wood Stud, R-11",
    "wall_sheathing": "1/2 in. OSB",
    "exterior_finish": "Vinyl, Light",
    "thermal_mass_exterior_wall": "1/2 in. Drywall",
    "thermal_mass_partition_wall": "1/2 in. Drywall",
    "uninsulated_surfaces": "Uninsulated",
    "windows": "Clear, Single, Metal",
    "doors": "Fiberglass",
    "thermal_mass_furniture": "Standard",
    "water_heater": "Electric Standard",
    "hot_water_fixtures": "100%",
    "hot_water_distribution": "Uninsulated, TrunkBranch, Copper",
    "solar_hot_water": "None",
    "hvac_system_is_combined": "No",
    "hvac_system_combined": "None",
    "hvac_system_heating_electricity": "None",
    "hvac_system_heating_natural_gas": "None",
    "hvac_system_heating_propane": "None",
    "hvac_system_heating_fuel_oil": "None",
    "hvac_system_heating_other_fuel": "None",
    "hvac_system_heating_none": "None",
    "hvac_system_cooling": "AC, SEER 13",
    "hvac_system_cooling_type": "Central",
    "heating_setpoint": "FIXME Location Average",
    "cooling_setpoint": "FIXME Location Average",
    "ceiling_fan": "National Average",
    "dehumidifier": "None",
    "refrigerator": "EF 15.9",
    "cooking_range": "Gas, 100% Usage",
    "dishwasher": "290 Rated kWh, 100% Usage",
    "clothes_washer": "EnergyStar, 100% Usage",
    "clothes_dryer": "Gas, 100% Usage",
    "lighting": "60% CFL",
    "plug_loads": "100%",
    "misc_extra_refrigerator": "EF 6.9, National Average",
    "misc_freezer": "EF 12, National Average",
    "misc_gas_fireplace": "National Average",
    "misc_gas_grill": "National Average",
    "misc_gas_lighting": "National Average",
    "misc_hot_tub_spa": "National Average",
    "misc_pool": "National Average",
    "misc_well_pump": "National Average",
    "ducts": "20% Leakage, R-4",
    "infiltration": "15 ACH50",
    "natural_ventilation": "Year-Round, 3 days/wk",
    "mechanical_ventilation": "None",
    "pv": "None",
    "weight": "800.0",
    "applicable": true
  },
  "building_characteristics_report": {
    "workflow_json": "/mnt/openstudio/analysis_fe821d2c-df1e-4105-9ee6-6c7fef1463ae/lib/resources/measure-info.json",
    "location_region": "CR09",
    "location_epw": "1020908_United_States_FL_Orange_12095_722050_28.45_-81.34_NSRDB_2.0.1_2012_AMY.epw",
    "location_census_division": "South Atlantic - East South Central",
    "vintage": "1980s",
    "heating_fuel": "None",
    "usage_level": "Medium",
    "geometry_foundation_type": "Slab",
    "geometry_stories": "1",
    "geometry_garage": "2 Car",
    "geometry_house_size": "1500-2499",
    "occupants": "Auto",
    "orientation": "West",
    "eaves": "2 ft",
    "door_area": "20 ft^2",
    "window_areas": "F15 B15 L15 R15",
    "overhangs": "None",
    "neighbors": "Left/Right at 15ft",
    "insulation_unfinished_attic": "Ceiling R-13, Vented",
    "roof_sheathing": "3/4 in. OSB",
    "roof_material": "Asphalt Shingles, Medium",
    "thermal_mass_ceiling": "1/2 in. Drywall",
    "insulation_slab": "Uninsulated",
    "insulation_crawlspace": "None",
    "insulation_unfinished_basement": "None",
    "insulation_finished_basement": "None",
    "insulation_pier_beam": "None",
    "insulation_interzonal_floor": "R-13",
    "floor_sheathing": "3/4 in. OSB",
    "floor_covering": "80% Carpet",
    "thermal_mass_floor": "Wood Surface",
    "insulation_wall": "Wood Stud, R-11",
    "wall_sheathing": "1/2 in. OSB",
    "exterior_finish": "Vinyl, Light",
    "thermal_mass_exterior_wall": "1/2 in. Drywall",
    "thermal_mass_partition_wall": "1/2 in. Drywall",
    "uninsulated_surfaces": "Uninsulated",
    "windows": "Clear, Single, Metal",
    "doors": "Fiberglass",
    "thermal_mass_furniture": "Standard",
    "water_heater": "Electric Standard",
    "hot_water_fixtures": "100%",
    "hot_water_distribution": "Uninsulated, TrunkBranch, Copper",
    "solar_hot_water": "None",
    "hvac_system_is_combined": "No",
    "hvac_system_combined": "None",
    "hvac_system_heating_electricity": "None",
    "hvac_system_heating_natural_gas": "None",
    "hvac_system_heating_propane": "None",
    "hvac_system_heating_fuel_oil": "None",
    "hvac_system_heating_other_fuel": "None",
    "hvac_system_heating_none": "None",
    "hvac_system_cooling": "AC, SEER 13",
    "hvac_system_cooling_type": "Central",
    "heating_setpoint": "FIXME Location Average",
    "cooling_setpoint": "FIXME Location Average",
    "ceiling_fan": "National Average",
    "dehumidifier": "None",
    "refrigerator": "EF 15.9",
    "cooking_range": "Gas, 100% Usage",
    "dishwasher": "290 Rated kWh, 100% Usage",
    "clothes_washer": "EnergyStar, 100% Usage",
    "clothes_dryer": "Gas, 100% Usage",
    "lighting": "60% CFL",
    "plug_loads": "100%",
    "misc_extra_refrigerator": "EF 6.9, National Average",
    "misc_freezer": "EF 12, National Average",
    "misc_gas_fireplace": "National Average",
    "misc_gas_grill": "National Average",
    "misc_gas_lighting": "National Average",
    "misc_hot_tub_spa": "National Average",
    "misc_pool": "National Average",
    "misc_well_pump": "National Average",
    "ducts": "20% Leakage, R-4",
    "infiltration": "15 ACH50",
    "natural_ventilation": "Year-Round, 3 days/wk",
    "mechanical_ventilation": "None",
    "pv": "None",
    "weight": "800.0",
    "location_city": "Orange",
    "location_state": "Florida",
    "location_latitude": 28.45,
    "location_longitude": -81.34,
    "applicable": true
  },
  "simulation_output_report": {
    "total_site_energy_mbtu": 50.186916520590145,
    "net_site_energy_mbtu": 50.186916520590145,
    "total_site_electricity_kwh": 12830.555555555557,
    "net_site_electricity_kwh": 12830.555555555557,
    "electricity_heating_kwh": 0.0,
    "electricity_cooling_kwh": 4022.222222222222,
    "electricity_interior_lighting_kwh": 1261.111111111111,
    "electricity_exterior_lighting_kwh": 250.0,
    "electricity_interior_equipment_kwh": 3925.0,
    "electricity_fans_kwh": 1330.5555555555554,
    "electricity_pumps_kwh": 0.0,
    "electricity_water_systems_kwh": 2041.6666666666667,
    "electricity_pv_kwh": 0.0,
    "total_site_natural_gas_therm": 64.07243733318025,
    "natural_gas_heating_therm": 0.0,
    "natural_gas_interior_equipment_therm": 64.07243733318025,
    "natural_gas_water_systems_therm": 0.0,
    "total_site_other_fuel_mbtu": 0.0,
    "other_fuel_heating_mbtu": 0.0,
    "other_fuel_interior_equipment_mbtu": 0.0,
    "other_fuel_water_systems_mbtu": 0.0,
    "hours_heating_setpoint_not_met": 0.0,
    "hours_cooling_setpoint_not_met": 0.0,
    "hvac_cooling_capacity_w": 14854.8516509485,
    "hvac_heating_capacity_w": 0.0,
    "weight": 800.0,
    "upgrade_name": "",
    "upgrade_cost_usd": "",
    "applicable": true
  },
  "timeseries_csv_export": {
    "reporting_frequency": "Hourly",
    "inc_output_variables": false,
    "applicable": true
  },
  "server_directory_cleanup": {
    "applicable": true
  }
}