<measure>
  <schema_version>3.0</schema_version>
  <name>create_residential_single_family_detached_geometry</name>
  <uid>a1248ef4-c1ef-46ed-a9ea-4d8fbf719b6f</uid>
  <version_id>95d6bb77-fa3b-4a25-989c-becb085bf38e</version_id>
  <version_modified>20190103T214700Z</version_modified>
  <xml_checksum>2AF3A68E</xml_checksum>
  <class_name>CreateResidentialSingleFamilyDetachedGeometry</class_name>
  <display_name>Create Residential Single-Family Detached Geometry</display_name>
  <description>Sets the basic geometry for the single-family detached building. Building is limited to one foundation type. Garage is tucked within the building, on the front left or front right corners of the building. Sets the number of bedrooms, bathrooms, and occupants in the building. Sets the neighbors (front, back, left, and/or right) of the building for shading purposes. Neighboring buildings will have the same geometry as the model building. See https://github.com/NREL/OpenStudio-BEopt#workflows for supported workflows using this measure.</description>
  <modeler_description>Gathers living space area, wall height per floor, number of floors, aspect ratio, garage width and depth, garage position, foundation type and wall height, attic and roof type, and roof pitch. Constructs building by calculating footprint and performing a series of affine transformations into living, foundation, and attic spaces. Also, sets (or replaces) BuildingUnit objects that store the number of bedrooms and bathrooms associated with the model. Sets (or replaces) the People object for each finished space in the model. Creates shading surfaces by shifting the building's exterior surfaces in the specified directions (front, back, left, and/or right).</modeler_description>
  <arguments>
    <argument>
      <name>total_ffa</name>
      <display_name>Total Finished Floor Area</display_name>
      <description>The total floor area of the finished space (including any finished basement floor area).</description>
      <type>Double</type>
      <units>ft^2</units>
      <required>true</required>
      <model_dependent>false</model_dependent>
      <default_value>2000</default_value>
    </argument>
    <argument>
      <name>wall_height</name>
      <display_name>Wall Height (Per Floor)</display_name>
      <description>The height of the living space (and garage) walls.</description>
      <type>Double</type>
      <units>ft</units>
      <required>true</required>
      <model_dependent>false</model_dependent>
      <default_value>8</default_value>
    </argument>
    <argument>
      <name>num_floors</name>
      <display_name>Number of Floors</display_name>
      <description>The number of floors above grade.</description>
      <type>Integer</type>
      <units>#</units>
      <required>true</required>
      <model_dependent>false</model_dependent>
      <default_value>2</default_value>
    </argument>
    <argument>
      <name>aspect_ratio</name>
      <display_name>Aspect Ratio</display_name>
      <description>The ratio of the front/back wall length to the left/right wall length, excluding any protruding garage wall area.</description>
      <type>Double</type>
      <units>FB/LR</units>
      <required>true</required>
      <model_dependent>false</model_dependent>
      <default_value>2</default_value>
    </argument>
    <argument>
      <name>garage_width</name>
      <display_name>Garage Width</display_name>
      <description>The width of the garage.</description>
      <type>Double</type>
      <units>ft</units>
      <required>true</required>
      <model_dependent>false</model_dependent>
      <default_value>0</default_value>
    </argument>
    <argument>
      <name>garage_depth</name>
      <display_name>Garage Depth</display_name>
      <description>The depth of the garage.</description>
      <type>Double</type>
      <units>ft</units>
      <required>true</required>
      <model_dependent>false</model_dependent>
      <default_value>20</default_value>
    </argument>
    <argument>
      <name>garage_protrusion</name>
      <display_name>Garage Protrusion</display_name>
      <description>The fraction of the garage that is protruding from the living space.</description>
      <type>Double</type>
      <units>frac</units>
      <required>true</required>
      <model_dependent>false</model_dependent>
      <default_value>0</default_value>
    </argument>
    <argument>
      <name>garage_position</name>
      <display_name>Garage Position</display_name>
      <description>The position of the garage.</description>
      <type>Choice</type>
      <required>true</required>
      <model_dependent>false</model_dependent>
      <default_value>Right</default_value>
      <choices>
        <choice>
          <value>Right</value>
          <display_name>Right</display_name>
        </choice>
        <choice>
          <value>Left</value>
          <display_name>Left</display_name>
        </choice>
      </choices>
    </argument>
    <argument>
      <name>foundation_type</name>
      <display_name>Foundation Type</display_name>
      <description>The foundation type of the building.</description>
      <type>Choice</type>
      <required>true</required>
      <model_dependent>false</model_dependent>
      <default_value>slab</default_value>
      <choices>
        <choice>
          <value>slab</value>
          <display_name>slab</display_name>
        </choice>
        <choice>
          <value>crawlspace</value>
          <display_name>crawlspace</display_name>
        </choice>
        <choice>
          <value>unfinished basement</value>
          <display_name>unfinished basement</display_name>
        </choice>
        <choice>
          <value>finished basement</value>
          <display_name>finished basement</display_name>
        </choice>
        <choice>
          <value>pier and beam</value>
          <display_name>pier and beam</display_name>
        </choice>
      </choices>
    </argument>
    <argument>
      <name>foundation_height</name>
      <display_name>Foundation Height</display_name>
      <description>The height of the foundation (e.g., 3ft for crawlspace, 8ft for basement).</description>
      <type>Double</type>
      <units>ft</units>
      <required>true</required>
      <model_dependent>false</model_dependent>
      <default_value>3</default_value>
    </argument>
    <argument>
      <name>attic_type</name>
      <display_name>Attic Type</display_name>
      <description>The attic type of the building. Ignored if the building has a flat roof.</description>
      <type>Choice</type>
      <required>true</required>
      <model_dependent>false</model_dependent>
      <default_value>unfinished attic</default_value>
      <choices>
        <choice>
          <value>unfinished attic</value>
          <display_name>unfinished attic</display_name>
        </choice>
        <choice>
          <value>finished attic</value>
          <display_name>finished attic</display_name>
        </choice>
      </choices>
    </argument>
    <argument>
      <name>roof_type</name>
      <display_name>Roof Type</display_name>
      <description>The roof type of the building.</description>
      <type>Choice</type>
      <required>true</required>
      <model_dependent>false</model_dependent>
      <default_value>gable</default_value>
      <choices>
        <choice>
          <value>gable</value>
          <display_name>gable</display_name>
        </choice>
        <choice>
          <value>hip</value>
          <display_name>hip</display_name>
        </choice>
        <choice>
          <value>flat</value>
          <display_name>flat</display_name>
        </choice>
      </choices>
    </argument>
    <argument>
      <name>roof_pitch</name>
      <display_name>Roof Pitch</display_name>
      <description>The roof pitch of the attic. Ignored if the building has a flat roof.</description>
      <type>Choice</type>
      <required>true</required>
      <model_dependent>false</model_dependent>
      <default_value>6:12</default_value>
      <choices>
        <choice>
          <value>1:12</value>
          <display_name>1:12</display_name>
        </choice>
        <choice>
          <value>2:12</value>
          <display_name>2:12</display_name>
        </choice>
        <choice>
          <value>3:12</value>
          <display_name>3:12</display_name>
        </choice>
        <choice>
          <value>4:12</value>
          <display_name>4:12</display_name>
        </choice>
        <choice>
          <value>5:12</value>
          <display_name>5:12</display_name>
        </choice>
        <choice>
          <value>6:12</value>
          <display_name>6:12</display_name>
        </choice>
        <choice>
          <value>7:12</value>
          <display_name>7:12</display_name>
        </choice>
        <choice>
          <value>8:12</value>
          <display_name>8:12</display_name>
        </choice>
        <choice>
          <value>9:12</value>
          <display_name>9:12</display_name>
        </choice>
        <choice>
          <value>10:12</value>
          <display_name>10:12</display_name>
        </choice>
        <choice>
          <value>11:12</value>
          <display_name>11:12</display_name>
        </choice>
        <choice>
          <value>12:12</value>
          <display_name>12:12</display_name>
        </choice>
      </choices>
    </argument>
    <argument>
      <name>roof_structure</name>
      <display_name>Roof Structure</display_name>
      <description>The roof structure of the building.</description>
      <type>Choice</type>
      <required>true</required>
      <model_dependent>false</model_dependent>
      <default_value>truss, cantilever</default_value>
      <choices>
        <choice>
          <value>truss, cantilever</value>
          <display_name>truss, cantilever</display_name>
        </choice>
        <choice>
          <value>rafter</value>
          <display_name>rafter</display_name>
        </choice>
      </choices>
    </argument>
    <argument>
      <name>eaves_depth</name>
      <display_name>Eaves Depth</display_name>
      <description>The eaves depth of the roof.</description>
      <type>Double</type>
      <units>ft</units>
      <required>true</required>
      <model_dependent>false</model_dependent>
      <default_value>2</default_value>
    </argument>
    <argument>
      <name>num_bedrooms</name>
      <display_name>Number of Bedrooms</display_name>
      <description>Specify the number of bedrooms. Used to determine the energy usage of appliances and plug loads, hot water usage, mechanical ventilation rate, etc.</description>
      <type>String</type>
      <required>false</required>
      <model_dependent>false</model_dependent>
      <default_value>3</default_value>
    </argument>
    <argument>
      <name>num_bathrooms</name>
      <display_name>Number of Bathrooms</display_name>
      <description>Specify the number of bathrooms. Used to determine the hot water usage, etc.</description>
      <type>String</type>
      <required>false</required>
      <model_dependent>false</model_dependent>
      <default_value>2</default_value>
    </argument>
    <argument>
      <name>num_occupants</name>
      <display_name>Number of Occupants</display_name>
      <description>Specify the number of occupants. A value of 'auto' will calculate the average number of occupants from the number of bedrooms. Used to specify the internal gains from people only.</description>
      <type>String</type>
      <required>true</required>
      <model_dependent>false</model_dependent>
      <default_value>auto</default_value>
    </argument>
    <argument>
      <name>occupants_weekday_sch</name>
      <display_name>Occupants Weekday schedule</display_name>
      <description>Specify the 24-hour weekday schedule.</description>
      <type>String</type>
      <required>true</required>
      <model_dependent>false</model_dependent>
      <default_value>1.00, 1.00, 1.00, 1.00, 1.00, 1.00, 1.00, 0.88, 0.41, 0.24, 0.24, 0.24, 0.24, 0.24, 0.24, 0.24, 0.29, 0.55, 0.90, 0.90, 0.90, 1.00, 1.00, 1.00</default_value>
    </argument>
    <argument>
      <name>occupants_weekend_sch</name>
      <display_name>Occupants Weekend schedule</display_name>
      <description>Specify the 24-hour weekend schedule.</description>
      <type>String</type>
      <required>true</required>
      <model_dependent>false</model_dependent>
      <default_value>1.00, 1.00, 1.00, 1.00, 1.00, 1.00, 1.00, 0.88, 0.41, 0.24, 0.24, 0.24, 0.24, 0.24, 0.24, 0.24, 0.29, 0.55, 0.90, 0.90, 0.90, 1.00, 1.00, 1.00</default_value>
    </argument>
    <argument>
      <name>occupants_monthly_sch</name>
      <display_name>Occupants Month schedule</display_name>
      <description>Specify the 12-month schedule.</description>
      <type>String</type>
      <required>true</required>
      <model_dependent>false</model_dependent>
      <default_value>1.0, 1.0, 1.0, 1.0, 1.0, 1.0, 1.0, 1.0, 1.0, 1.0, 1.0, 1.0</default_value>
    </argument>
    <argument>
      <name>neighbor_left_offset</name>
      <display_name>Neighbor Left Offset</display_name>
      <description>The minimum distance between the simulated house and the neighboring house to the left (not including eaves). A value of zero indicates no neighbors.</description>
      <type>Double</type>
      <units>ft</units>
      <required>false</required>
      <model_dependent>false</model_dependent>
      <default_value>10</default_value>
    </argument>
    <argument>
      <name>neighbor_right_offset</name>
      <display_name>Neighbor Right Offset</display_name>
      <description>The minimum distance between the simulated house and the neighboring house to the right (not including eaves). A value of zero indicates no neighbors.</description>
      <type>Double</type>
      <units>ft</units>
      <required>false</required>
      <model_dependent>false</model_dependent>
      <default_value>10</default_value>
    </argument>
    <argument>
      <name>neighbor_back_offset</name>
      <display_name>Neighbor Back Offset</display_name>
      <description>The minimum distance between the simulated house and the neighboring house to the back (not including eaves). A value of zero indicates no neighbors.</description>
      <type>Double</type>
      <units>ft</units>
      <required>false</required>
      <model_dependent>false</model_dependent>
      <default_value>0</default_value>
    </argument>
    <argument>
      <name>neighbor_front_offset</name>
      <display_name>Neighbor Front Offset</display_name>
      <description>The minimum distance between the simulated house and the neighboring house to the front (not including eaves). A value of zero indicates no neighbors.</description>
      <type>Double</type>
      <units>ft</units>
      <required>false</required>
      <model_dependent>false</model_dependent>
      <default_value>0</default_value>
    </argument>
    <argument>
      <name>orientation</name>
      <display_name>Azimuth</display_name>
      <description>The house's azimuth is measured clockwise from due south when viewed from above (e.g., South=0, West=90, North=180, East=270).</description>
      <type>Double</type>
      <units>degrees</units>
      <required>true</required>
      <model_dependent>false</model_dependent>
      <default_value>180</default_value>
    </argument>
  </arguments>
  <outputs/>
  <provenances/>
  <tags>
    <tag>Envelope.Form</tag>
  </tags>
  <attributes>
    <attribute>
      <name>Measure Type</name>
      <value>ModelMeasure</value>
      <datatype>string</datatype>
    </attribute>
    <attribute>
      <name>Intended Software Tool</name>
      <value>Apply Measure Now</value>
      <datatype>string</datatype>
    </attribute>
    <attribute>
      <name>Intended Software Tool</name>
      <value>OpenStudio Application</value>
      <datatype>string</datatype>
    </attribute>
    <attribute>
      <name>Intended Software Tool</name>
      <value>Parametric Analysis Tool</value>
      <datatype>string</datatype>
    </attribute>
  </attributes>
  <files>
    <file>
      <filename>create_residential_single_family_detached_geometry_test.rb</filename>
      <filetype>rb</filetype>
      <usage_type>test</usage_type>
      <checksum>CC008209</checksum>
    </file>
    <file>
      <version>
        <software_program>OpenStudio</software_program>
        <identifier>1.12.4</identifier>
        <min_compatible>2.0.4</min_compatible>
      </version>
      <filename>measure.rb</filename>
      <filetype>rb</filetype>
      <usage_type>script</usage_type>
      <checksum>96BD32AC</checksum>
    </file>
  </files>
</measure>
