<measure>
  <schema_version>3.0</schema_version>
  <name>residential_cooking_range</name>
  <uid>68bdcee3-c301-4fe9-a99f-c7d8b5930c89</uid>
  <version_id>3355fd2e-be44-41fd-85af-8c0ffbe9bfa5</version_id>
  <version_modified>20180822T022834Z</version_modified>
  <xml_checksum>25A40D75</xml_checksum>
  <class_name>ResidentialCookingRange</class_name>
  <display_name>Set Residential Cooking Range</display_name>
  <description>Adds (or replaces) a residential cooking range with the specified efficiency, operation, and schedule. For multifamily buildings, the cooking range can be set for all units of the building. See https://github.com/NREL/OpenStudio-BEopt#workflows for supported workflows using this measure.</description>
  <modeler_description>Since there is no Cooking Range object in OpenStudio/EnergyPlus, we look for an OtherEquipment or ElectricEquipment object with the name that denotes it is a residential cooking range. If one is found, it is replaced with the specified properties. Otherwise, a new such object is added to the model. Note: This measure requires the number of bedrooms/bathrooms to have already been assigned.</modeler_description>
  <arguments>
    <argument>
      <name>fuel_type</name>
      <display_name>Fuel Type</display_name>
      <description>Type of fuel used by the cooking range.</description>
      <type>Choice</type>
      <required>true</required>
      <model_dependent>false</model_dependent>
      <default_value>gas</default_value>
      <choices>
        <choice>
          <value>gas</value>
          <display_name>gas</display_name>
        </choice>
        <choice>
          <value>propane</value>
          <display_name>propane</display_name>
        </choice>
        <choice>
          <value>electric</value>
          <display_name>electric</display_name>
        </choice>
      </choices>
    </argument>
    <argument>
      <name>cooktop_ef</name>
      <display_name>Cooktop Energy Factor</display_name>
      <description>Cooktop energy factor determined by DOE test procedures for cooking appliances (DOE 1997).</description>
      <type>Double</type>
      <required>true</required>
      <model_dependent>false</model_dependent>
      <default_value>0.4</default_value>
    </argument>
    <argument>
      <name>oven_ef</name>
      <display_name>Oven Energy Factor</display_name>
      <description>Oven energy factor determined by DOE test procedures for cooking appliances (DOE 1997).</description>
      <type>Double</type>
      <required>true</required>
      <model_dependent>false</model_dependent>
      <default_value>0.058</default_value>
    </argument>
    <argument>
      <name>has_elec_ignition</name>
      <display_name>Has Electronic Ignition</display_name>
      <description>For fuel cooking ranges with electronic ignition, an extra (40 + 13.3x(#BR)) kWh/yr of electricity will be included. Only used for non-electric ranges.</description>
      <type>Boolean</type>
      <required>true</required>
      <model_dependent>false</model_dependent>
      <default_value>true</default_value>
      <choices>
        <choice>
          <value>true</value>
          <display_name>true</display_name>
        </choice>
        <choice>
          <value>false</value>
          <display_name>false</display_name>
        </choice>
      </choices>
    </argument>
    <argument>
      <name>mult</name>
      <display_name>Occupancy Energy Multiplier</display_name>
      <description>Appliance energy use is multiplied by this factor to account for occupancy usage that differs from the national average.</description>
      <type>Double</type>
      <required>true</required>
      <model_dependent>false</model_dependent>
      <default_value>1</default_value>
    </argument>
    <argument>
      <name>weekday_sch</name>
      <display_name>Weekday schedule</display_name>
      <description>Specify the 24-hour weekday schedule.</description>
      <type>String</type>
      <required>true</required>
      <model_dependent>false</model_dependent>
      <default_value>0.007, 0.007, 0.004, 0.004, 0.007, 0.011, 0.025, 0.042, 0.046, 0.048, 0.042, 0.050, 0.057, 0.046, 0.057, 0.044, 0.092, 0.150, 0.117, 0.060, 0.035, 0.025, 0.016, 0.011</default_value>
    </argument>
    <argument>
      <name>weekend_sch</name>
      <display_name>Weekend schedule</display_name>
      <description>Specify the 24-hour weekend schedule.</description>
      <type>String</type>
      <required>true</required>
      <model_dependent>false</model_dependent>
      <default_value>0.007, 0.007, 0.004, 0.004, 0.007, 0.011, 0.025, 0.042, 0.046, 0.048, 0.042, 0.050, 0.057, 0.046, 0.057, 0.044, 0.092, 0.150, 0.117, 0.060, 0.035, 0.025, 0.016, 0.011</default_value>
    </argument>
    <argument>
      <name>monthly_sch</name>
      <display_name>Month schedule</display_name>
      <description>Specify the 12-month schedule.</description>
      <type>String</type>
      <required>true</required>
      <model_dependent>false</model_dependent>
      <default_value>1.097, 1.097, 0.991, 0.987, 0.991, 0.890, 0.896, 0.896, 0.890, 1.085, 1.085, 1.097</default_value>
    </argument>
    <argument>
      <name>location</name>
      <display_name>Location</display_name>
      <description>The space type for the location. 'auto' will automatically choose a space type based on the space types found in the model.</description>
      <type>Choice</type>
      <required>true</required>
      <model_dependent>true</model_dependent>
      <default_value>auto</default_value>
      <choices>
        <choice>
          <value>auto</value>
          <display_name>auto</display_name>
        </choice>
      </choices>
    </argument>
  </arguments>
  <outputs/>
  <provenances/>
  <tags>
    <tag>Equipment.Gas Equipment</tag>
  </tags>
  <attributes>
    <attribute>
      <name>Measure Type</name>
      <value>ModelMeasure</value>
      <datatype>string</datatype>
    </attribute>
    <attribute>
      <name>Uses SketchUp API</name>
      <value>false</value>
      <datatype>boolean</datatype>
    </attribute>
  </attributes>
  <files>
    <file>
      <filename>psychrometrics.rb</filename>
      <filetype>rb</filetype>
      <usage_type>resource</usage_type>
      <checksum>208441EA</checksum>
    </file>
    <file>
      <filename>ResidentialCookingRange_Test.rb</filename>
      <filetype>rb</filetype>
      <usage_type>test</usage_type>
      <checksum>8D8465BA</checksum>
    </file>
    <file>
      <version>
        <software_program>OpenStudio</software_program>
        <identifier>1.9.0</identifier>
        <min_compatible>2.0.4</min_compatible>
      </version>
      <filename>measure.rb</filename>
      <filetype>rb</filetype>
      <usage_type>script</usage_type>
      <checksum>08FDF9C4</checksum>
    </file>
    <file>
      <filename>schedules.rb</filename>
      <filetype>rb</filetype>
      <usage_type>resource</usage_type>
      <checksum>1C22DD2A</checksum>
    </file>
    <file>
      <filename>util.rb</filename>
      <filetype>rb</filetype>
      <usage_type>resource</usage_type>
      <checksum>4516079E</checksum>
    </file>
    <file>
      <filename>waterheater.rb</filename>
      <filetype>rb</filetype>
      <usage_type>resource</usage_type>
      <checksum>9E2A2A78</checksum>
    </file>
    <file>
      <filename>appliances.rb</filename>
      <filetype>rb</filetype>
      <usage_type>resource</usage_type>
      <checksum>9411D70B</checksum>
    </file>
    <file>
      <filename>materials.rb</filename>
      <filetype>rb</filetype>
      <usage_type>resource</usage_type>
      <checksum>82D32FEE</checksum>
    </file>
    <file>
      <filename>constants.rb</filename>
      <filetype>rb</filetype>
      <usage_type>resource</usage_type>
      <checksum>3BCB1148</checksum>
    </file>
    <file>
      <filename>geometry.rb</filename>
      <filetype>rb</filetype>
      <usage_type>resource</usage_type>
      <checksum>3A649817</checksum>
    </file>
    <file>
      <filename>weather.rb</filename>
      <filetype>rb</filetype>
      <usage_type>resource</usage_type>
      <checksum>AA9588B3</checksum>
    </file>
    <file>
      <filename>unit_conversions.rb</filename>
      <filetype>rb</filetype>
      <usage_type>resource</usage_type>
      <checksum>81550F14</checksum>
    </file>
    <file>
      <filename>SFD_2000sqft_2story_FB_GRG_UA_3Beds_2Baths.osm</filename>
      <filetype>osm</filetype>
      <usage_type>test</usage_type>
      <checksum>49E153D1</checksum>
    </file>
    <file>
      <filename>SFA_4units_1story_UB_UA_3Beds_2Baths_Denver.osm</filename>
      <filetype>osm</filetype>
      <usage_type>test</usage_type>
      <checksum>D893187F</checksum>
    </file>
    <file>
      <filename>SFA_4units_1story_FB_UA_3Beds_2Baths_Denver.osm</filename>
      <filetype>osm</filetype>
      <usage_type>test</usage_type>
      <checksum>3D2688B5</checksum>
    </file>
    <file>
      <filename>MF_8units_1story_SL_3Beds_2Baths_Denver.osm</filename>
      <filetype>osm</filetype>
      <usage_type>test</usage_type>
      <checksum>E3AA700D</checksum>
    </file>
  </files>
</measure>
