<measure>
  <schema_version>3.0</schema_version>
  <name>set_residential_window_area</name>
  <uid>d05f5b32-1ad6-4c3d-964a-0dbd49a7fde8</uid>
  <version_id>b993f9c3-f6e2-4681-8ee7-5a2db7c3bdf5</version_id>
  <version_modified>20170831T031752Z</version_modified>
  <xml_checksum>9014E219</xml_checksum>
  <class_name>SetResidentialWindowArea</class_name>
  <display_name>Set Residential Window Area</display_name>
  <description>Sets the window area for the building. Doors with glazing should be set as window area. See https://github.com/NREL/OpenStudio-BEopt#workflows for supported workflows using this measure.</description>
  <modeler_description>Automatically creates and positions standard residential windows based on the specified window area on each building facade. Windows are only added to surfaces between finished space and outside. Any existing windows are removed.</modeler_description>
  <arguments>
    <argument>
      <name>front_wwr</name>
      <display_name>Front Window-to-Wall Ratio</display_name>
      <description>The ratio of window area to wall area for the building's front facade. Enter 0 if specifying Front Window Area instead.</description>
      <type>Double</type>
      <required>true</required>
      <model_dependent>false</model_dependent>
      <default_value>0.18</default_value>
    </argument>
    <argument>
      <name>back_wwr</name>
      <display_name>Back Window-to-Wall Ratio</display_name>
      <description>The ratio of window area to wall area for the building's back facade. Enter 0 if specifying Back Window Area instead.</description>
      <type>Double</type>
      <required>true</required>
      <model_dependent>false</model_dependent>
      <default_value>0.18</default_value>
    </argument>
    <argument>
      <name>left_wwr</name>
      <display_name>Left Window-to-Wall Ratio</display_name>
      <description>The ratio of window area to wall area for the building's left facade. Enter 0 if specifying Left Window Area instead.</description>
      <type>Double</type>
      <required>true</required>
      <model_dependent>false</model_dependent>
      <default_value>0.18</default_value>
    </argument>
    <argument>
      <name>right_wwr</name>
      <display_name>Right Window-to-Wall Ratio</display_name>
      <description>The ratio of window area to wall area for the building's right facade. Enter 0 if specifying Right Window Area instead.</description>
      <type>Double</type>
      <required>true</required>
      <model_dependent>false</model_dependent>
      <default_value>0.18</default_value>
    </argument>
    <argument>
      <name>front_area</name>
      <display_name>Front Window Area</display_name>
      <description>The amount of window area on the building's front facade. Enter 0 if specifying Front Window-to-Wall Ratio instead.</description>
      <type>Double</type>
      <required>true</required>
      <model_dependent>false</model_dependent>
      <default_value>0</default_value>
    </argument>
    <argument>
      <name>back_area</name>
      <display_name>Back Window Area</display_name>
      <description>The amount of window area on the building's back facade. Enter 0 if specifying Back Window-to-Wall Ratio instead.</description>
      <type>Double</type>
      <required>true</required>
      <model_dependent>false</model_dependent>
      <default_value>0</default_value>
    </argument>
    <argument>
      <name>left_area</name>
      <display_name>Left Window Area</display_name>
      <description>The amount of window area on the building's left facade. Enter 0 if specifying Left Window-to-Wall Ratio instead.</description>
      <type>Double</type>
      <required>true</required>
      <model_dependent>false</model_dependent>
      <default_value>0</default_value>
    </argument>
    <argument>
      <name>right_area</name>
      <display_name>Right Window Area</display_name>
      <description>The amount of window area on the building's right facade. Enter 0 if specifying Right Window-to-Wall Ratio instead.</description>
      <type>Double</type>
      <required>true</required>
      <model_dependent>false</model_dependent>
      <default_value>0</default_value>
    </argument>
    <argument>
      <name>aspect_ratio</name>
      <display_name>Window Aspect Ratio</display_name>
      <description>Ratio of window height to width.</description>
      <type>Double</type>
      <required>true</required>
      <model_dependent>false</model_dependent>
      <default_value>1.333</default_value>
    </argument>
  </arguments>
  <outputs/>
  <provenances/>
  <tags>
    <tag>Envelope.Fenestration</tag>
  </tags>
  <attributes>
    <attribute>
      <name>Intended Software Tool</name>
      <value>Apply Measure Now</value>
      <datatype>string</datatype>
    </attribute>
    <attribute>
      <name>Intended Software Tool</name>
      <value>OpenStudio Application</value>
      <datatype>string</datatype>
    </attribute>
    <attribute>
      <name>Intended Software Tool</name>
      <value>Parametric Analysis Tool</value>
      <datatype>string</datatype>
    </attribute>
    <attribute>
      <name>Measure Type</name>
      <value>ModelMeasure</value>
      <datatype>string</datatype>
    </attribute>
    <attribute>
      <name>Intended Software Tool</name>
      <value>Apply Measure Now</value>
      <datatype>string</datatype>
    </attribute>
    <attribute>
      <name>Intended Software Tool</name>
      <value>OpenStudio Application</value>
      <datatype>string</datatype>
    </attribute>
    <attribute>
      <name>Intended Software Tool</name>
      <value>Parametric Analysis Tool</value>
      <datatype>string</datatype>
    </attribute>
  </attributes>
  <files>
    <file>
      <filename>geometry.rb</filename>
      <filetype>rb</filetype>
      <usage_type>resource</usage_type>
      <checksum>20190C86</checksum>
    </file>
    <file>
      <filename>constants.rb</filename>
      <filetype>rb</filetype>
      <usage_type>resource</usage_type>
      <checksum>B34275B6</checksum>
    </file>
    <file>
      <filename>SFD_2000sqft_2story_FB_GRG_UA.osm</filename>
      <filetype>osm</filetype>
      <usage_type>test</usage_type>
      <checksum>4A4369FC</checksum>
    </file>
    <file>
      <filename>SFD_2000sqft_2story_FB_GRG_UA_Southwest.osm</filename>
      <filetype>osm</filetype>
      <usage_type>test</usage_type>
      <checksum>11343AF5</checksum>
    </file>
    <file>
      <filename>MF_8units_1story_SL_Denver.osm</filename>
      <filetype>osm</filetype>
      <usage_type>test</usage_type>
      <checksum>D257FE0C</checksum>
    </file>
    <file>
      <filename>SFA_4units_1story_FB_UA_Denver.osm</filename>
      <filetype>osm</filetype>
      <usage_type>test</usage_type>
      <checksum>3CF3D175</checksum>
    </file>
    <file>
      <filename>WindowArea_Test.rb</filename>
      <filetype>rb</filetype>
      <usage_type>test</usage_type>
      <checksum>F92E1389</checksum>
    </file>
    <file>
      <version>
        <software_program>OpenStudio</software_program>
        <identifier>1.9.0</identifier>
        <min_compatible>2.0.4</min_compatible>
      </version>
      <filename>measure.rb</filename>
      <filetype>rb</filetype>
      <usage_type>script</usage_type>
      <checksum>ADAC426B</checksum>
    </file>
    <file>
      <filename>SFD_2000sqft_2story_SL_UA_Denver_Windows_FourConstructions.osm</filename>
      <filetype>osm</filetype>
      <usage_type>test</usage_type>
      <checksum>83C6DF50</checksum>
    </file>
    <file>
      <filename>SFD_2000sqft_2story_SL_UA_Denver_Windows_OneConstruction.osm</filename>
      <filetype>osm</filetype>
      <usage_type>test</usage_type>
      <checksum>DF11372B</checksum>
    </file>
    <file>
      <filename>SFA_4units_1story_SL_UA_Offset.osm</filename>
      <filetype>osm</filetype>
      <usage_type>test</usage_type>
      <checksum>FE482FC4</checksum>
    </file>
    <file>
      <filename>MF_8units_1story_SL_Inset.osm</filename>
      <filetype>osm</filetype>
      <usage_type>test</usage_type>
      <checksum>5A06961A</checksum>
    </file>
    <file>
      <filename>SFD_1000sqft_1story_FB_GRG_UA_DoorArea.osm</filename>
      <filetype>osm</filetype>
      <usage_type>test</usage_type>
      <checksum>940F10DE</checksum>
    </file>
  </files>
</measure>
