{
  "build_existing_model": {
    "building_id": 467,
    "workflow_json": "/mnt/openstudio/analysis_fe821d2c-df1e-4105-9ee6-6c7fef1463ae/lib/resources/measure-info.json",
    "number_of_buildings_represented": 16000000,
    "location_region": "CR07",
    "location_epw": "1225556_United_States_NJ_Essex_34013_725020_40.73_-74.18_NSRDB_2.0.1_2012_AMY.epw",
    "location_census_division": "Middle Atlantic",
    "vintage": "1990s",
    "heating_fuel": "Natural Gas",
    "usage_level": "High",
    "geometry_foundation_type": "Heated Basement",
    "geometry_stories": "2+",
    "geometry_garage": "3 Car",
    "geometry_house_size": "2500-3499",
    "occupants": "Auto",
    "orientation": "West",
    "eaves": "2 ft",
    "door_area": "20 ft^2",
    "window_areas": "F15 B15 L15 R15",
    "overhangs": "None",
    "neighbors": "Left/Right at 15ft",
    "insulation_unfinished_attic": "Ceiling R-30, Vented",
    "roof_sheathing": "3/4 in. OSB",
    "roof_material": "Asphalt Shingles, Medium",
    "thermal_mass_ceiling": "1/2 in. Drywall",
    "insulation_slab": "None",
    "insulation_crawlspace": "None",
    "insulation_unfinished_basement": "None",
    "insulation_finished_basement": "Wall R-10",
    "insulation_pier_beam": "None",
    "insulation_interzonal_floor": "R-13",
    "floor_sheathing": "3/4 in. OSB",
    "floor_covering": "80% Carpet",
    "thermal_mass_floor": "Wood Surface",
    "insulation_wall": "Wood Stud, R-19",
    "wall_sheathing": "1/2 in. OSB",
    "exterior_finish": "Vinyl, Light",
    "thermal_mass_exterior_wall": "1/2 in. Drywall",
    "thermal_mass_partition_wall": "1/2 in. Drywall",
    "uninsulated_surfaces": "Uninsulated",
    "windows": "Low-E, Double, Non-metal, Air, L-Gain",
    "doors": "Fiberglass",
    "thermal_mass_furniture": "Standard",
    "water_heater": "Gas Standard",
    "hot_water_fixtures": "200%",
    "hot_water_distribution": "Uninsulated, TrunkBranch, Copper",
    "solar_hot_water": "None",
    "hvac_system_is_combined": "No",
    "hvac_system_combined": "None",
    "hvac_system_heating_electricity": "None",
    "hvac_system_heating_natural_gas": "Gas Furnace, 92.5% AFUE",
    "hvac_system_heating_propane": "None",
    "hvac_system_heating_fuel_oil": "None",
    "hvac_system_heating_other_fuel": "None",
    "hvac_system_heating_none": "None",
    "hvac_system_cooling": "AC, SEER 13",
    "hvac_system_cooling_type": "Central",
    "heating_setpoint": "FIXME Location Average",
    "cooling_setpoint": "FIXME Location Average",
    "ceiling_fan": "National Average",
    "dehumidifier": "None",
    "refrigerator": "EF 15.9",
    "cooking_range": "Gas, 120% Usage",
    "dishwasher": "290 Rated kWh, 120% Usage",
    "clothes_washer": "Standard, 120% Usage",
    "clothes_dryer": "Electric, 120% Usage",
    "lighting": "100% CFL",
    "plug_loads": "200%",
    "misc_extra_refrigerator": "EF 6.9, National Average",
    "misc_freezer": "EF 12, National Average",
    "misc_gas_fireplace": "National Average",
    "misc_gas_grill": "National Average",
    "misc_gas_lighting": "National Average",
    "misc_hot_tub_spa": "National Average",
    "misc_pool": "National Average",
    "misc_well_pump": "National Average",
    "ducts": "In Finished Space",
    "infiltration": "7 ACH50",
    "natural_ventilation": "Year-Round, 3 days/wk",
    "mechanical_ventilation": "None",
    "pv": "None",
    "weight": "800.0",
    "applicable": true
  },
  "building_characteristics_report": {
    "workflow_json": "/mnt/openstudio/analysis_fe821d2c-df1e-4105-9ee6-6c7fef1463ae/lib/resources/measure-info.json",
    "location_region": "CR07",
    "location_epw": "1225556_United_States_NJ_Essex_34013_725020_40.73_-74.18_NSRDB_2.0.1_2012_AMY.epw",
    "location_census_division": "Middle Atlantic",
    "vintage": "1990s",
    "heating_fuel": "Natural Gas",
    "usage_level": "High",
    "geometry_foundation_type": "Heated Basement",
    "geometry_stories": "2+",
    "geometry_garage": "3 Car",
    "geometry_house_size": "2500-3499",
    "occupants": "Auto",
    "orientation": "West",
    "eaves": "2 ft",
    "door_area": "20 ft^2",
    "window_areas": "F15 B15 L15 R15",
    "overhangs": "None",
    "neighbors": "Left/Right at 15ft",
    "insulation_unfinished_attic": "Ceiling R-30, Vented",
    "roof_sheathing": "3/4 in. OSB",
    "roof_material": "Asphalt Shingles, Medium",
    "thermal_mass_ceiling": "1/2 in. Drywall",
    "insulation_slab": "None",
    "insulation_crawlspace": "None",
    "insulation_unfinished_basement": "None",
    "insulation_finished_basement": "Wall R-10",
    "insulation_pier_beam": "None",
    "insulation_interzonal_floor": "R-13",
    "floor_sheathing": "3/4 in. OSB",
    "floor_covering": "80% Carpet",
    "thermal_mass_floor": "Wood Surface",
    "insulation_wall": "Wood Stud, R-19",
    "wall_sheathing": "1/2 in. OSB",
    "exterior_finish": "Vinyl, Light",
    "thermal_mass_exterior_wall": "1/2 in. Drywall",
    "thermal_mass_partition_wall": "1/2 in. Drywall",
    "uninsulated_surfaces": "Uninsulated",
    "windows": "Low-E, Double, Non-metal, Air, L-Gain",
    "doors": "Fiberglass",
    "thermal_mass_furniture": "Standard",
    "water_heater": "Gas Standard",
    "hot_water_fixtures": "200%",
    "hot_water_distribution": "Uninsulated, TrunkBranch, Copper",
    "solar_hot_water": "None",
    "hvac_system_is_combined": "No",
    "hvac_system_combined": "None",
    "hvac_system_heating_electricity": "None",
    "hvac_system_heating_natural_gas": "Gas Furnace, 92.5% AFUE",
    "hvac_system_heating_propane": "None",
    "hvac_system_heating_fuel_oil": "None",
    "hvac_system_heating_other_fuel": "None",
    "hvac_system_heating_none": "None",
    "hvac_system_cooling": "AC, SEER 13",
    "hvac_system_cooling_type": "Central",
    "heating_setpoint": "FIXME Location Average",
    "cooling_setpoint": "FIXME Location Average",
    "ceiling_fan": "National Average",
    "dehumidifier": "None",
    "refrigerator": "EF 15.9",
    "cooking_range": "Gas, 120% Usage",
    "dishwasher": "290 Rated kWh, 120% Usage",
    "clothes_washer": "Standard, 120% Usage",
    "clothes_dryer": "Electric, 120% Usage",
    "lighting": "100% CFL",
    "plug_loads": "200%",
    "misc_extra_refrigerator": "EF 6.9, National Average",
    "misc_freezer": "EF 12, National Average",
    "misc_gas_fireplace": "National Average",
    "misc_gas_grill": "National Average",
    "misc_gas_lighting": "National Average",
    "misc_hot_tub_spa": "National Average",
    "misc_pool": "National Average",
    "misc_well_pump": "National Average",
    "ducts": "In Finished Space",
    "infiltration": "7 ACH50",
    "natural_ventilation": "Year-Round, 3 days/wk",
    "mechanical_ventilation": "None",
    "pv": "None",
    "weight": "800.0",
    "location_city": "Essex",
    "location_state": "New Jersey",
    "location_latitude": 40.73,
    "location_longitude": -74.18,
    "applicable": true
  },
  "simulation_output_report": {
    "total_site_energy_mbtu": 119.9746910892597,
    "net_site_energy_mbtu": 119.9746910892597,
    "total_site_electricity_kwh": 11991.666666666666,
    "net_site_electricity_kwh": 11991.666666666666,
    "electricity_heating_kwh": 0.0,
    "electricity_cooling_kwh": 1050.0,
    "electricity_interior_lighting_kwh": 1311.111111111111,
    "electricity_exterior_lighting_kwh": 280.55555555555554,
    "electricity_interior_equipment_kwh": 8619.444444444443,
    "electricity_fans_kwh": 730.5555555555555,
    "electricity_pumps_kwh": 0.0,
    "electricity_water_systems_kwh": 0.0,
    "electricity_pv_kwh": 0.0,
    "total_site_natural_gas_therm": 790.5742600533379,
    "natural_gas_heating_therm": 419.6934208747369,
    "natural_gas_interior_equipment_therm": 48.7177999841045,
    "natural_gas_water_systems_therm": 322.0682574824651,
    "total_site_other_fuel_mbtu": 0.0,
    "other_fuel_heating_mbtu": 0.0,
    "other_fuel_interior_equipment_mbtu": 0.0,
    "other_fuel_water_systems_mbtu": 0.0,
    "hours_heating_setpoint_not_met": 2634.5,
    "hours_cooling_setpoint_not_met": 36.33,
    "hvac_cooling_capacity_w": 6966.73145050588,
    "hvac_heating_capacity_w": 7661.9001139634,
    "weight": 800.0,
    "upgrade_name": "",
    "upgrade_cost_usd": "",
    "applicable": true
  },
  "timeseries_csv_export": {
    "reporting_frequency": "Hourly",
    "inc_output_variables": false,
    "applicable": true
  },
  "server_directory_cleanup": {
    "applicable": true
  }
}