<measure>
  <schema_version>3.0</schema_version>
  <name>process_constructions_facades_shared</name>
  <uid>12d7b3f5-9bc7-4756-8fd8-a110e6cdb5ae</uid>
  <version_id>d6d882d0-0046-4395-a84c-c0fbf088389a</version_id>
  <version_modified>20181115T214711Z</version_modified>
  <xml_checksum>8296E2DB</xml_checksum>
  <class_name>ProcessConstructionsFacadesShared</class_name>
  <display_name>ResidentialConstructionsFacadesShared</display_name>
  <description>Used to indicate whether specified multifamily building facade(s) are shared with other multifamily building(s).</description>
  <modeler_description>Shared walls are assigned adiabatic constructions.</modeler_description>
  <arguments>
    <argument>
      <name>shared_building_facades</name>
      <display_name>Shared Building Facade(s)</display_name>
      <description>The facade(s) of the building that are shared. Surfaces on these facades become adiabatic.</description>
      <type>Choice</type>
      <required>true</required>
      <model_dependent>false</model_dependent>
      <default_value>none</default_value>
      <choices>
        <choice>
          <value>none</value>
          <display_name>none</display_name>
        </choice>
        <choice>
          <value>back</value>
          <display_name>back</display_name>
        </choice>
        <choice>
          <value>left</value>
          <display_name>left</display_name>
        </choice>
        <choice>
          <value>right</value>
          <display_name>right</display_name>
        </choice>
        <choice>
          <value>left, right</value>
          <display_name>left, right</display_name>
        </choice>
        <choice>
          <value>left, back</value>
          <display_name>left, back</display_name>
        </choice>
        <choice>
          <value>back, right</value>
          <display_name>back, right</display_name>
        </choice>
        <choice>
          <value>left, right, back</value>
          <display_name>left, right, back</display_name>
        </choice>
      </choices>
    </argument>
  </arguments>
  <outputs/>
  <provenances/>
  <tags>
    <tag>Envelope.Opaque</tag>
  </tags>
  <attributes>
    <attribute>
      <name>Measure Type</name>
      <value>ModelMeasure</value>
      <datatype>string</datatype>
    </attribute>
  </attributes>
  <files>
    <file>
      <filename>FacadesShared_Test.rb</filename>
      <filetype>rb</filetype>
      <usage_type>test</usage_type>
      <checksum>FF2783A3</checksum>
    </file>
    <file>
      <version>
        <software_program>OpenStudio</software_program>
        <identifier>2.5.1</identifier>
        <min_compatible>2.5.1</min_compatible>
      </version>
      <filename>measure.rb</filename>
      <filetype>rb</filetype>
      <usage_type>script</usage_type>
      <checksum>B6563CEA</checksum>
    </file>
  </files>
</measure>
