<measure>
  <schema_version>3.0</schema_version>
  <name>process_ground_source_heat_pump_vertical_bore</name>
  <uid>2151a447-b1d8-44dc-b297-90cb7e1223c1</uid>
  <version_id>8c8b1f86-8eaf-4a82-a564-3693140ad2bf</version_id>
  <version_modified>20181113T060900Z</version_modified>
  <xml_checksum>470FC630</xml_checksum>
  <class_name>ProcessGroundSourceHeatPumpVerticalBore</class_name>
  <display_name>Set Residential Ground Source Heat Pump Vertical Bore</display_name>
  <description>This measure removes any existing HVAC components from the building and adds a ground heat exchanger along with variable speed pump and water to air heat pump coils to a condenser plant loop. For multifamily buildings, the supply components on the plant loop can be set for all units of the building. See https://github.com/NREL/OpenStudio-BEopt#workflows for supported workflows using this measure.</description>
  <modeler_description>Any supply components or baseboard convective electrics/waters are removed from any existing air/plant loops or zones. A ground heat exchanger along with variable speed pump and water to air heat pump coils are added to a condenser plant loop.</modeler_description>
  <arguments>
    <argument>
      <name>cop</name>
      <display_name>COP</display_name>
      <description>User can use AHRI/ASHRAE ISO 13556-1 rated EER value and convert it to EIR here.</description>
      <type>Double</type>
      <units>W/W</units>
      <required>true</required>
      <model_dependent>false</model_dependent>
      <default_value>3.6</default_value>
    </argument>
    <argument>
      <name>eer</name>
      <display_name>EER</display_name>
      <description>This is a measure of the instantaneous energy efficiency of cooling equipment.</description>
      <type>Double</type>
      <units>Btu/W-h</units>
      <required>true</required>
      <model_dependent>false</model_dependent>
      <default_value>16.6</default_value>
    </argument>
    <argument>
      <name>shr</name>
      <display_name>Rated SHR</display_name>
      <description>The sensible heat ratio (ratio of the sensible portion of the load to the total load) at the nominal rated capacity.</description>
      <type>Double</type>
      <required>true</required>
      <model_dependent>false</model_dependent>
      <default_value>0.732</default_value>
    </argument>
    <argument>
      <name>ground_conductivity</name>
      <display_name>Ground Conductivity</display_name>
      <description>Conductivity of the ground into which the ground heat exchangers are installed.</description>
      <type>Double</type>
      <units>Btu/hr-ft-R</units>
      <required>true</required>
      <model_dependent>false</model_dependent>
      <default_value>0.6</default_value>
    </argument>
    <argument>
      <name>grout_conductivity</name>
      <display_name>Grout Conductivity</display_name>
      <description>Grout is used to enhance heat transfer between the pipe and the ground.</description>
      <type>Double</type>
      <units>Btu/hr-ft-R</units>
      <required>true</required>
      <model_dependent>false</model_dependent>
      <default_value>0.4</default_value>
    </argument>
    <argument>
      <name>bore_config</name>
      <display_name>Bore Configuration</display_name>
      <description>Different types of vertical bore configuration results in different G-functions which captures the thermal response of a bore field.</description>
      <type>Choice</type>
      <required>true</required>
      <model_dependent>false</model_dependent>
      <default_value>autosize</default_value>
      <choices>
        <choice>
          <value>autosize</value>
          <display_name>autosize</display_name>
        </choice>
        <choice>
          <value>single</value>
          <display_name>single</display_name>
        </choice>
        <choice>
          <value>line</value>
          <display_name>line</display_name>
        </choice>
        <choice>
          <value>rectangle</value>
          <display_name>rectangle</display_name>
        </choice>
        <choice>
          <value>l-config</value>
          <display_name>l-config</display_name>
        </choice>
        <choice>
          <value>l2-config</value>
          <display_name>l2-config</display_name>
        </choice>
        <choice>
          <value>u-config</value>
          <display_name>u-config</display_name>
        </choice>
      </choices>
    </argument>
    <argument>
      <name>bore_holes</name>
      <display_name>Number of Bore Holes</display_name>
      <description>Number of vertical bores.</description>
      <type>Choice</type>
      <required>true</required>
      <model_dependent>false</model_dependent>
      <default_value>autosize</default_value>
      <choices>
        <choice>
          <value>autosize</value>
          <display_name>autosize</display_name>
        </choice>
        <choice>
          <value>1</value>
          <display_name>1</display_name>
        </choice>
        <choice>
          <value>2</value>
          <display_name>2</display_name>
        </choice>
        <choice>
          <value>3</value>
          <display_name>3</display_name>
        </choice>
        <choice>
          <value>4</value>
          <display_name>4</display_name>
        </choice>
        <choice>
          <value>5</value>
          <display_name>5</display_name>
        </choice>
        <choice>
          <value>6</value>
          <display_name>6</display_name>
        </choice>
        <choice>
          <value>7</value>
          <display_name>7</display_name>
        </choice>
        <choice>
          <value>8</value>
          <display_name>8</display_name>
        </choice>
        <choice>
          <value>9</value>
          <display_name>9</display_name>
        </choice>
        <choice>
          <value>10</value>
          <display_name>10</display_name>
        </choice>
      </choices>
    </argument>
    <argument>
      <name>bore_depth</name>
      <display_name>Bore Depth</display_name>
      <description>Vertical well bore depth typically range from 150 to 300 feet deep.</description>
      <type>String</type>
      <units>ft</units>
      <required>true</required>
      <model_dependent>false</model_dependent>
      <default_value>autosize</default_value>
    </argument>
    <argument>
      <name>bore_spacing</name>
      <display_name>Bore Spacing</display_name>
      <description>Bore holes are typically spaced 15 to 20 feet apart.</description>
      <type>Double</type>
      <units>ft</units>
      <required>true</required>
      <model_dependent>false</model_dependent>
      <default_value>20</default_value>
    </argument>
    <argument>
      <name>bore_diameter</name>
      <display_name>Bore Diameter</display_name>
      <description>Bore hole diameter.</description>
      <type>Double</type>
      <units>in</units>
      <required>true</required>
      <model_dependent>false</model_dependent>
      <default_value>5</default_value>
    </argument>
    <argument>
      <name>pipe_size</name>
      <display_name>Nominal Pipe Size</display_name>
      <description>Pipe nominal size.</description>
      <type>Double</type>
      <units>in</units>
      <required>true</required>
      <model_dependent>false</model_dependent>
      <default_value>0.75</default_value>
    </argument>
    <argument>
      <name>ground_diffusivity</name>
      <display_name>Ground Diffusivity</display_name>
      <description>A measure of thermal inertia, the ground diffusivity is the thermal conductivity divided by density and specific heat capacity.</description>
      <type>Double</type>
      <units>ft^2/hr</units>
      <required>true</required>
      <model_dependent>false</model_dependent>
      <default_value>0.0208</default_value>
    </argument>
    <argument>
      <name>fluid_type</name>
      <display_name>Heat Exchanger Fluid Type</display_name>
      <description>Fluid type.</description>
      <type>Choice</type>
      <required>true</required>
      <model_dependent>false</model_dependent>
      <default_value>propylene-glycol</default_value>
      <choices>
        <choice>
          <value>propylene-glycol</value>
          <display_name>propylene-glycol</display_name>
        </choice>
        <choice>
          <value>ethylene-glycol</value>
          <display_name>ethylene-glycol</display_name>
        </choice>
      </choices>
    </argument>
    <argument>
      <name>frac_glycol</name>
      <display_name>Fraction Glycol</display_name>
      <description>Fraction of glycol, 0 indicates water.</description>
      <type>Double</type>
      <units>frac</units>
      <required>true</required>
      <model_dependent>false</model_dependent>
      <default_value>0.3</default_value>
    </argument>
    <argument>
      <name>design_delta_t</name>
      <display_name>Ground Loop Design Delta Temp</display_name>
      <description>Ground loop design temperature difference.</description>
      <type>Double</type>
      <units>deg F</units>
      <required>true</required>
      <model_dependent>false</model_dependent>
      <default_value>10</default_value>
    </argument>
    <argument>
      <name>pump_head</name>
      <display_name>Pump Head</display_name>
      <description>Feet of water column.</description>
      <type>Double</type>
      <units>ft of water</units>
      <required>true</required>
      <model_dependent>false</model_dependent>
      <default_value>50</default_value>
    </argument>
    <argument>
      <name>u_tube_leg_spacing</name>
      <display_name>U Tube Leg Separation</display_name>
      <description>U-tube leg spacing.</description>
      <type>Double</type>
      <units>in</units>
      <required>true</required>
      <model_dependent>false</model_dependent>
      <default_value>0.9661</default_value>
    </argument>
    <argument>
      <name>u_tube_spacing_type</name>
      <display_name>U Tube Spacing Type</display_name>
      <description>U-tube shank spacing type. Type B, for 5" bore is equivalent to 0.9661" shank spacing. Type C is the type where the U tube legs are furthest apart.</description>
      <type>Choice</type>
      <required>true</required>
      <model_dependent>false</model_dependent>
      <default_value>b</default_value>
      <choices>
        <choice>
          <value>as</value>
          <display_name>as</display_name>
        </choice>
        <choice>
          <value>b</value>
          <display_name>b</display_name>
        </choice>
        <choice>
          <value>c</value>
          <display_name>c</display_name>
        </choice>
      </choices>
    </argument>
    <argument>
      <name>fan_power</name>
      <display_name>Supply Fan Power</display_name>
      <description>Fan power (in W) per delivered airflow rate (in cfm) of the indoor fan.</description>
      <type>Double</type>
      <units>W/cfm</units>
      <required>true</required>
      <model_dependent>false</model_dependent>
      <default_value>0.5</default_value>
    </argument>
    <argument>
      <name>heat_pump_capacity</name>
      <display_name>Heat Pump Capacity</display_name>
      <description>The output heating/cooling capacity of the heat pump.</description>
      <type>String</type>
      <units>tons</units>
      <required>true</required>
      <model_dependent>false</model_dependent>
      <default_value>autosize</default_value>
    </argument>
    <argument>
      <name>supplemental_efficiency</name>
      <display_name>Supplemental Efficiency</display_name>
      <description>The efficiency of the supplemental electric coil.</description>
      <type>Double</type>
      <units>Btu/Btu</units>
      <required>true</required>
      <model_dependent>false</model_dependent>
      <default_value>1</default_value>
    </argument>
    <argument>
      <name>supplemental_capacity</name>
      <display_name>Supplemental Heating Capacity</display_name>
      <description>The output heating capacity of the supplemental heater.</description>
      <type>String</type>
      <units>kBtu/hr</units>
      <required>true</required>
      <model_dependent>false</model_dependent>
      <default_value>autosize</default_value>
    </argument>
    <argument>
      <name>dse</name>
      <display_name>Distribution System Efficiency</display_name>
      <description>Defines the energy losses associated with the delivery of energy from the equipment to the source of the load.</description>
      <type>String</type>
      <required>true</required>
      <model_dependent>false</model_dependent>
      <default_value>NA</default_value>
    </argument>
  </arguments>
  <outputs/>
  <provenances/>
  <tags>
    <tag>HVAC.Heating</tag>
  </tags>
  <attributes>
    <attribute>
      <name>Measure Type</name>
      <value>ModelMeasure</value>
      <datatype>string</datatype>
    </attribute>
    <attribute>
      <name>Intended Software Tool</name>
      <value>Apply Measure Now</value>
      <datatype>string</datatype>
    </attribute>
    <attribute>
      <name>Intended Software Tool</name>
      <value>OpenStudio Application</value>
      <datatype>string</datatype>
    </attribute>
    <attribute>
      <name>Intended Software Tool</name>
      <value>Parametric Analysis Tool</value>
      <datatype>string</datatype>
    </attribute>
  </attributes>
  <files>
    <file>
      <filename>process_ground_source_heat_pump_vertical_bore_test.rb</filename>
      <filetype>rb</filetype>
      <usage_type>test</usage_type>
      <checksum>FC7170A3</checksum>
    </file>
    <file>
      <version>
        <software_program>OpenStudio</software_program>
        <identifier>1.14.0</identifier>
        <min_compatible>2.1.2</min_compatible>
      </version>
      <filename>measure.rb</filename>
      <filetype>rb</filetype>
      <usage_type>script</usage_type>
      <checksum>0F844FCB</checksum>
    </file>
  </files>
</measure>
