<measure>
  <schema_version>3.0</schema_version>
  <name>zone_multipliers</name>
  <uid>9e803190-83b8-4d75-859a-e632bfcba57d</uid>
  <version_id>f3f92550-1a6c-4d6a-ba07-bb03ef75ec32</version_id>
  <version_modified>20181113T201407Z</version_modified>
  <xml_checksum>2C38F48B</xml_checksum>
  <class_name>ZoneMultipliers</class_name>
  <display_name>Apply Zone Multipliers</display_name>
  <description>Model only one interior unit per floor with its thermal zone multiplier equal to the number of interior units per floor.</description>
  <modeler_description>Loop through building unit thermal zones and update multipliers based on location within the building and number of zones represented (removed from the model).</modeler_description>
  <arguments/>
  <outputs/>
  <provenances/>
  <tags>
    <tag>Whole Building.Space Types</tag>
  </tags>
  <attributes>
    <attribute>
      <name>Measure Type</name>
      <value>ModelMeasure</value>
      <datatype>string</datatype>
    </attribute>
  </attributes>
  <files>
    <file>
      <version>
        <software_program>OpenStudio</software_program>
        <identifier>2.5.0</identifier>
        <min_compatible>2.5.0</min_compatible>
      </version>
      <filename>measure.rb</filename>
      <filetype>rb</filetype>
      <usage_type>script</usage_type>
      <checksum>84347419</checksum>
    </file>
  </files>
</measure>
