<measure>
  <schema_version>3.0</schema_version>
  <name>set_residential_epw_file</name>
  <uid>16ac2c0c-6177-4bf2-91a5-1b6e8de4e85b</uid>
  <version_id>938d1777-861f-4761-9680-a8d80171695e</version_id>
  <version_modified>20190103T214703Z</version_modified>
  <xml_checksum>D8922A73</xml_checksum>
  <class_name>SetResidentialEPWFile</class_name>
  <display_name>Set Residential Location</display_name>
  <description>Sets the EPW weather file (EPW), supplemental data specific to the location, and daylight saving time start/end dates. See https://github.com/NREL/OpenStudio-BEopt#workflows for supported workflows using this measure.</description>
  <modeler_description>Sets the weather file, Building America climate zone, site information (e.g., latitude, longitude, elevation, timezone), design day information (from the DDY file), the mains water temperature using the correlation method, and the daylight saving time start/end dates.</modeler_description>
  <arguments>
    <argument>
      <name>weather_directory</name>
      <display_name>Weather Directory</display_name>
      <description>Absolute (or relative) directory to weather files.</description>
      <type>String</type>
      <required>true</required>
      <model_dependent>false</model_dependent>
      <default_value>../HPXMLtoOpenStudio/weather</default_value>
    </argument>
    <argument>
      <name>weather_file_name</name>
      <display_name>Weather File Name</display_name>
      <description>Name of the EPW weather file to assign. The corresponding DDY file must also be in the same directory.</description>
      <type>String</type>
      <required>true</required>
      <model_dependent>false</model_dependent>
      <default_value>USA_CO_Denver.Intl.AP.725650_TMY3.epw</default_value>
    </argument>
    <argument>
      <name>dst_start_date</name>
      <display_name>Daylight Saving Start Date</display_name>
      <description>Set to 'NA' if no daylight saving.</description>
      <type>String</type>
      <required>true</required>
      <model_dependent>false</model_dependent>
      <default_value>April 7</default_value>
    </argument>
    <argument>
      <name>dst_end_date</name>
      <display_name>Daylight Saving End Date</display_name>
      <description>Set to 'NA' if no daylight saving.</description>
      <type>String</type>
      <required>true</required>
      <model_dependent>false</model_dependent>
      <default_value>October 26</default_value>
    </argument>
  </arguments>
  <outputs/>
  <provenances/>
  <tags>
    <tag>Whole Building.Space Types</tag>
  </tags>
  <attributes>
    <attribute>
      <name>Measure Type</name>
      <value>ModelMeasure</value>
      <datatype>string</datatype>
    </attribute>
    <attribute>
      <name>Intended Software Tool</name>
      <value>Apply Measure Now</value>
      <datatype>string</datatype>
    </attribute>
    <attribute>
      <name>Intended Software Tool</name>
      <value>OpenStudio Application</value>
      <datatype>string</datatype>
    </attribute>
    <attribute>
      <name>Intended Software Tool</name>
      <value>Parametric Analysis Tool</value>
      <datatype>string</datatype>
    </attribute>
  </attributes>
  <files>
    <file>
      <filename>set_location_test.rb</filename>
      <filetype>rb</filetype>
      <usage_type>test</usage_type>
      <checksum>DF9C98B1</checksum>
    </file>
    <file>
      <version>
        <software_program>OpenStudio</software_program>
        <identifier>1.11.5</identifier>
        <min_compatible>1.13.1</min_compatible>
      </version>
      <filename>measure.rb</filename>
      <filetype>rb</filetype>
      <usage_type>script</usage_type>
      <checksum>20AF9331</checksum>
    </file>
  </files>
</measure>
