<measure>
  <schema_version>3.0</schema_version>
  <name>residential_simulation_controls</name>
  <uid>874f921e-8f3c-458a-a82f-01b7d51a547e</uid>
  <version_id>86e97b5c-f418-4b1d-9ff2-2beebafb8697</version_id>
  <version_modified>20190104T215853Z</version_modified>
  <xml_checksum>2C38F48B</xml_checksum>
  <class_name>ResidentialSimulationControls</class_name>
  <display_name>Set Residential Simulation Controls</display_name>
  <description>Set the simulation timesteps per hour and the run period begin/end month/day.</description>
  <modeler_description>Set the simulation timesteps per hour on the Timestep object, and the run period begin/end month/day on the RunPeriod object.</modeler_description>
  <arguments>
    <argument>
      <name>timesteps_per_hr</name>
      <display_name>Simulation Timesteps Per Hour</display_name>
      <type>Integer</type>
      <required>true</required>
      <model_dependent>false</model_dependent>
      <default_value>6</default_value>
    </argument>
    <argument>
      <name>begin_month</name>
      <display_name>Run Period Begin Month</display_name>
      <type>Integer</type>
      <required>true</required>
      <model_dependent>false</model_dependent>
      <default_value>1</default_value>
    </argument>
    <argument>
      <name>begin_day_of_month</name>
      <display_name>Run Period Begin Day of Month</display_name>
      <type>Integer</type>
      <required>true</required>
      <model_dependent>false</model_dependent>
      <default_value>1</default_value>
    </argument>
    <argument>
      <name>end_month</name>
      <display_name>Run Period End Month</display_name>
      <type>Integer</type>
      <required>true</required>
      <model_dependent>false</model_dependent>
      <default_value>12</default_value>
    </argument>
    <argument>
      <name>end_day_of_month</name>
      <display_name>Run Period End Day of Month</display_name>
      <type>Integer</type>
      <required>true</required>
      <model_dependent>false</model_dependent>
      <default_value>31</default_value>
    </argument>
  </arguments>
  <outputs/>
  <provenances/>
  <tags>
    <tag>Whole Building.Space Types</tag>
  </tags>
  <attributes>
    <attribute>
      <name>Measure Type</name>
      <value>ModelMeasure</value>
      <datatype>string</datatype>
    </attribute>
  </attributes>
  <files>
    <file>
      <version>
        <software_program>OpenStudio</software_program>
        <identifier>2.6.0</identifier>
        <min_compatible>2.6.0</min_compatible>
      </version>
      <filename>measure.rb</filename>
      <filetype>rb</filetype>
      <usage_type>script</usage_type>
      <checksum>58B0432A</checksum>
    </file>
  </files>
</measure>
