<measure>
  <schema_version>3.0</schema_version>
  <name>residential_hot_water_heater_tankless</name>
  <uid>caf92375-4c0c-47d1-9fe1-7aa5d3b1a734</uid>
  <version_id>340860b0-d794-469a-b2a7-c6f8deb1f23b</version_id>
  <version_modified>20181113T060859Z</version_modified>
  <xml_checksum>9882CBDB</xml_checksum>
  <class_name>ResidentialHotWaterHeaterTankless</class_name>
  <display_name>Set Residential Tankless Water Heater</display_name>
  <description>This measure adds a new residential tankless water heater to the model based on user inputs. If there is already an existing residential water heater in the model, it is replaced. For multifamily buildings, the water heater can be set for all units of the building. See https://github.com/NREL/OpenStudio-BEopt#workflows for supported workflows using this measure.</description>
  <modeler_description>The measure will create a new instance of the OS:WaterHeater:Mixed object representing a tankless water heater. The water heater will be placed on the plant loop 'Domestic Hot Water Loop'. If this loop already exists, any water heater on that loop will be removed and replaced with a water heater consistent with this measure. If it doesn't exist, it will be created.</modeler_description>
  <arguments>
    <argument>
      <name>fuel_type</name>
      <display_name>Fuel Type</display_name>
      <description>Type of fuel used for water heating.</description>
      <type>Choice</type>
      <required>true</required>
      <model_dependent>false</model_dependent>
      <default_value>gas</default_value>
      <choices>
        <choice>
          <value>gas</value>
          <display_name>gas</display_name>
        </choice>
        <choice>
          <value>propane</value>
          <display_name>propane</display_name>
        </choice>
        <choice>
          <value>electric</value>
          <display_name>electric</display_name>
        </choice>
      </choices>
    </argument>
    <argument>
      <name>setpoint_temp</name>
      <display_name>Setpoint</display_name>
      <description>Water heater setpoint temperature.</description>
      <type>Double</type>
      <units>F</units>
      <required>true</required>
      <model_dependent>false</model_dependent>
      <default_value>125</default_value>
    </argument>
    <argument>
      <name>location</name>
      <display_name>Location</display_name>
      <description>The space type for the location. 'auto' will automatically choose a space type based on the space types found in the model.</description>
      <type>Choice</type>
      <required>true</required>
      <model_dependent>true</model_dependent>
      <default_value>auto</default_value>
      <choices>
        <choice>
          <value>auto</value>
          <display_name>auto</display_name>
        </choice>
      </choices>
    </argument>
    <argument>
      <name>capacity</name>
      <display_name>Input Capacity</display_name>
      <description>The maximum energy input rating of the water heater.</description>
      <type>Double</type>
      <units>kBtu/hr</units>
      <required>true</required>
      <model_dependent>false</model_dependent>
      <default_value>100000000</default_value>
    </argument>
    <argument>
      <name>energy_factor</name>
      <display_name>Rated Energy Factor</display_name>
      <description>Ratio of useful energy output from the water heater to the total amount of energy delivered from the water heater.</description>
      <type>Double</type>
      <required>true</required>
      <model_dependent>false</model_dependent>
      <default_value>0.82</default_value>
    </argument>
    <argument>
      <name>cycling_derate</name>
      <display_name>Cycling Derate</display_name>
      <description>Annual energy derate for cycling inefficiencies -- accounts for the impact of thermal cycling and small hot water draws on the heat exchanger. CEC's 2008 Title24 implemented an 8% derate for tankless water heaters. </description>
      <type>Double</type>
      <units>Frac</units>
      <required>true</required>
      <model_dependent>false</model_dependent>
      <default_value>0.08</default_value>
    </argument>
    <argument>
      <name>offcyc_power</name>
      <display_name>Parasitic Electric Power</display_name>
      <description>Off cycle electric power draw for controls, etc. Only used for non-electric water heaters.</description>
      <type>Double</type>
      <units>W</units>
      <required>true</required>
      <model_dependent>false</model_dependent>
      <default_value>5</default_value>
    </argument>
    <argument>
      <name>oncyc_power</name>
      <display_name>Forced Draft Fan Power</display_name>
      <description>On cycle electric power draw from the forced draft fan motor. Only used for non-electric water heaters.</description>
      <type>Double</type>
      <units>W</units>
      <required>true</required>
      <model_dependent>false</model_dependent>
      <default_value>65</default_value>
    </argument>
  </arguments>
  <outputs/>
  <provenances/>
  <tags>
    <tag>Service Water Heating.Water Heating</tag>
  </tags>
  <attributes>
    <attribute>
      <name>Measure Type</name>
      <value>ModelMeasure</value>
      <datatype>string</datatype>
    </attribute>
    <attribute>
      <name>Uses SketchUp API</name>
      <value>false</value>
      <datatype>boolean</datatype>
    </attribute>
  </attributes>
  <files>
    <file>
      <filename>ResidentialWaterHeaterTankless_Test.rb</filename>
      <filetype>rb</filetype>
      <usage_type>test</usage_type>
      <checksum>41F49F26</checksum>
    </file>
    <file>
      <version>
        <software_program>OpenStudio</software_program>
        <identifier>1.4.1</identifier>
        <min_compatible>2.0.4</min_compatible>
      </version>
      <filename>measure.rb</filename>
      <filetype>rb</filetype>
      <usage_type>script</usage_type>
      <checksum>88A664FA</checksum>
    </file>
  </files>
</measure>
