<measure>
  <schema_version>3.0</schema_version>
  <name>residential_photovoltaics</name>
  <uid>3ed7d5e0-4441-43d9-a47e-ae4560a6db92</uid>
  <version_id>902fbdff-a1be-43f3-a254-72e21df999c0</version_id>
  <version_modified>20181113T060901Z</version_modified>
  <xml_checksum>1BFC8ABF</xml_checksum>
  <class_name>ResidentialPhotovoltaics</class_name>
  <display_name>Set Residential Photovoltaics</display_name>
  <description>Adds (or replaces) residential photovoltaics with the specified efficiency, size, orientation, and tilt. For both single-family detached and multifamily buildings, one array is added (or replaced). See https://github.com/NREL/OpenStudio-BEopt#workflows for supported workflows using this measure.</description>
  <modeler_description>Any generators, inverters, or electric load center distribution objects are removed. An electric load center distribution object is created, along with pvwatts generator and inverter objects. The generator is added to the electric load center distribution object and the inverter is set.</modeler_description>
  <arguments>
    <argument>
      <name>size</name>
      <display_name>Size</display_name>
      <description>Size (power) per unit of the photovoltaic array in kW DC.</description>
      <type>Double</type>
      <units>kW</units>
      <required>false</required>
      <model_dependent>false</model_dependent>
      <default_value>2.5</default_value>
    </argument>
    <argument>
      <name>module_type</name>
      <display_name>Module Type</display_name>
      <description>Type of module to use for the PV simulation.</description>
      <type>Choice</type>
      <required>true</required>
      <model_dependent>false</model_dependent>
      <default_value>Standard</default_value>
      <choices>
        <choice>
          <value>Standard</value>
          <display_name>Standard</display_name>
        </choice>
        <choice>
          <value>Premium</value>
          <display_name>Premium</display_name>
        </choice>
        <choice>
          <value>ThinFilm</value>
          <display_name>ThinFilm</display_name>
        </choice>
      </choices>
    </argument>
    <argument>
      <name>array_type</name>
      <display_name>Array Type</display_name>
      <type>Choice</type>
      <required>true</required>
      <model_dependent>false</model_dependent>
      <default_value>FixedRoofMounted</default_value>
      <choices>
        <choice>
          <value>FixedOpenRack</value>
          <display_name>FixedOpenRack</display_name>
        </choice>
        <choice>
          <value>FixedRoofMounted</value>
          <display_name>FixedRoofMounted</display_name>
        </choice>
        <choice>
          <value>OneAxis</value>
          <display_name>OneAxis</display_name>
        </choice>
        <choice>
          <value>OneAxisBacktracking</value>
          <display_name>OneAxisBacktracking</display_name>
        </choice>
        <choice>
          <value>TwoAxis</value>
          <display_name>TwoAxis</display_name>
        </choice>
      </choices>
    </argument>
    <argument>
      <name>system_losses</name>
      <display_name>System Losses</display_name>
      <description>Difference between theoretical module-level and actual PV system performance due to wiring resistance losses, dust, module mismatch, etc.</description>
      <type>Double</type>
      <units>frac</units>
      <required>false</required>
      <model_dependent>false</model_dependent>
      <default_value>0.14</default_value>
    </argument>
    <argument>
      <name>inverter_efficiency</name>
      <display_name>Inverter Efficiency</display_name>
      <description>The efficiency of the inverter.</description>
      <type>Double</type>
      <units>frac</units>
      <required>false</required>
      <model_dependent>false</model_dependent>
      <default_value>0.96</default_value>
    </argument>
    <argument>
      <name>azimuth_type</name>
      <display_name>Azimuth Type</display_name>
      <description>Relative azimuth angle is measured clockwise from the front of the house. Absolute azimuth angle is measured clockwise from due south.</description>
      <type>Choice</type>
      <required>true</required>
      <model_dependent>false</model_dependent>
      <default_value>relative</default_value>
      <choices>
        <choice>
          <value>relative</value>
          <display_name>relative</display_name>
        </choice>
        <choice>
          <value>absolute</value>
          <display_name>absolute</display_name>
        </choice>
      </choices>
    </argument>
    <argument>
      <name>azimuth</name>
      <display_name>Azimuth</display_name>
      <description>The azimuth angle is measured clockwise, based on the azimuth type specified.</description>
      <type>Double</type>
      <units>degrees</units>
      <required>false</required>
      <model_dependent>false</model_dependent>
      <default_value>180</default_value>
    </argument>
    <argument>
      <name>tilt_type</name>
      <display_name>Tilt Type</display_name>
      <description>Type of tilt angle referenced.</description>
      <type>Choice</type>
      <required>true</required>
      <model_dependent>false</model_dependent>
      <default_value>pitch</default_value>
      <choices>
        <choice>
          <value>pitch</value>
          <display_name>pitch</display_name>
        </choice>
        <choice>
          <value>absolute</value>
          <display_name>absolute</display_name>
        </choice>
        <choice>
          <value>latitude</value>
          <display_name>latitude</display_name>
        </choice>
      </choices>
    </argument>
    <argument>
      <name>tilt</name>
      <display_name>Tilt</display_name>
      <description>Angle of the tilt.</description>
      <type>Double</type>
      <units>degrees</units>
      <required>false</required>
      <model_dependent>false</model_dependent>
      <default_value>0</default_value>
    </argument>
  </arguments>
  <outputs/>
  <provenances/>
  <tags>
    <tag>Onsite Power Generation.Photovoltaic</tag>
  </tags>
  <attributes>
    <attribute>
      <name>Measure Type</name>
      <value>ModelMeasure</value>
      <datatype>string</datatype>
    </attribute>
    <attribute>
      <name>Intended Software Tool</name>
      <value>Apply Measure Now</value>
      <datatype>string</datatype>
    </attribute>
    <attribute>
      <name>Intended Software Tool</name>
      <value>OpenStudio Application</value>
      <datatype>string</datatype>
    </attribute>
    <attribute>
      <name>Intended Software Tool</name>
      <value>Parametric Analysis Tool</value>
      <datatype>string</datatype>
    </attribute>
  </attributes>
  <files>
    <file>
      <filename>residential_photovoltaics_test.rb</filename>
      <filetype>rb</filetype>
      <usage_type>test</usage_type>
      <checksum>FFB71C52</checksum>
    </file>
    <file>
      <version>
        <software_program>OpenStudio</software_program>
        <identifier>1.14.0</identifier>
        <min_compatible>2.5.1</min_compatible>
      </version>
      <filename>measure.rb</filename>
      <filetype>rb</filetype>
      <usage_type>script</usage_type>
      <checksum>550DA251</checksum>
    </file>
  </files>
</measure>
