<measure>
  <schema_version>3.0</schema_version>
  <name>process_hvac_sizing</name>
  <uid>6cd70740-6ca3-4575-8b1e-663976e254d0</uid>
  <version_id>fb69d453-50b7-4c48-aa29-3a95189cd680</version_id>
  <version_modified>20181113T060901Z</version_modified>
  <xml_checksum>356BE47F</xml_checksum>
  <class_name>ProcessHVACSizing</class_name>
  <display_name>Set Residential HVAC Sizing</display_name>
  <description>This measure performs HVAC sizing calculations via ACCA Manual J/S, as well as sizing calculations for ground source heat pumps and dehumidifiers. See https://github.com/NREL/OpenStudio-BEopt#workflows for supported workflows using this measure.</description>
  <modeler_description>This measure assigns HVAC heating/cooling capacities, airflow rates, etc.</modeler_description>
  <arguments>
    <argument>
      <name>show_debug_info</name>
      <display_name>Show Debug Info</display_name>
      <description>Displays various intermediate calculation results.</description>
      <type>Boolean</type>
      <required>false</required>
      <model_dependent>false</model_dependent>
      <default_value>false</default_value>
      <choices>
        <choice>
          <value>true</value>
          <display_name>true</display_name>
        </choice>
        <choice>
          <value>false</value>
          <display_name>false</display_name>
        </choice>
      </choices>
    </argument>
  </arguments>
  <outputs/>
  <provenances/>
  <tags>
    <tag>HVAC.HVAC Controls</tag>
  </tags>
  <attributes>
    <attribute>
      <name>Measure Type</name>
      <value>ModelMeasure</value>
      <datatype>string</datatype>
    </attribute>
    <attribute>
      <name>Intended Software Tool</name>
      <value>Apply Measure Now</value>
      <datatype>string</datatype>
    </attribute>
    <attribute>
      <name>Intended Software Tool</name>
      <value>OpenStudio Application</value>
      <datatype>string</datatype>
    </attribute>
    <attribute>
      <name>Intended Software Tool</name>
      <value>Parametric Analysis Tool</value>
      <datatype>string</datatype>
    </attribute>
  </attributes>
  <files>
    <file>
      <version>
        <software_program>OpenStudio</software_program>
        <identifier>1.11.5</identifier>
        <min_compatible>2.1.2</min_compatible>
      </version>
      <filename>measure.rb</filename>
      <filetype>rb</filetype>
      <usage_type>script</usage_type>
      <checksum>214403F5</checksum>
    </file>
    <file>
      <filename>residential_hvac_sizing_test.rb</filename>
      <filetype>rb</filetype>
      <usage_type>test</usage_type>
      <checksum>1531473B</checksum>
    </file>
  </files>
</measure>
