<measure>
  <schema_version>3.0</schema_version>
  <name>process_heating_setpoints</name>
  <uid>2b167665-f760-462d-8c9d-1d909da7b628</uid>
  <version_id>7becb4b9-ff44-4088-86c9-eec9f0a974b7</version_id>
  <version_modified>20181113T060900Z</version_modified>
  <xml_checksum>2C877DEB</xml_checksum>
  <class_name>ProcessHeatingSetpoints</class_name>
  <display_name>Set Residential Heating Setpoints and Schedules</display_name>
  <description>This measure creates the heating season schedules and the heating setpoint schedules. See https://github.com/NREL/OpenStudio-BEopt#workflows for supported workflows using this measure.</description>
  <modeler_description>This measure creates residential heating season ruleset objects. Schedule values are either user-defined or populated based on information contained in the EPW file. This measure also creates residential heating setpoint ruleset objects. Schedule values are populated based on information input by the user as well as contained in the residential heating season. The heating setpoint schedules are added to the living zone's thermostat. The heating setpoint schedules are added to the living zone's thermostat. The heating setpoint schedule is constructed by taking the base setpoint (or 24-hour comma-separated heating schedule) and applying an optional offset, as specified by the offset magnitude and offset schedule. If specified as a 24-hour schedule, the base setpoint can incorporate setpoint schedule changes, but having a separately specified offset magnitude and schedule is convenient for parametric runs.</modeler_description>
  <arguments>
    <argument>
      <name>weekday_setpoint</name>
      <display_name>Weekday Setpoint</display_name>
      <description>Specify a single heating setpoint or a 24-hour comma-separated heating schedule for the weekdays.</description>
      <type>String</type>
      <units>degrees F</units>
      <required>true</required>
      <model_dependent>false</model_dependent>
      <default_value>71</default_value>
    </argument>
    <argument>
      <name>weekend_setpoint</name>
      <display_name>Weekend Setpoint</display_name>
      <description>Specify a single heating setpoint or a 24-hour comma-separated heating schedule for the weekend.</description>
      <type>String</type>
      <units>degrees F</units>
      <required>true</required>
      <model_dependent>false</model_dependent>
      <default_value>71</default_value>
    </argument>
    <argument>
      <name>weekday_offset_magnitude</name>
      <display_name>Weekday Offset Magnitude</display_name>
      <description>Specify the magnitude of the heating setpoint offset for the weekdays, which will be applied during hours specified by the offset schedule. A positive offset increases the setpoint while a negative offset decreases the setpoint.</description>
      <type>Double</type>
      <units>degrees F</units>
      <required>true</required>
      <model_dependent>false</model_dependent>
      <default_value>0</default_value>
    </argument>
    <argument>
      <name>weekend_offset_magnitude</name>
      <display_name>Weekend Offset Magnitude</display_name>
      <description>Specify the magnitude of the heating setpoint offset for the weekdays, which will be applied during hours specified by the offset schedule. A positive offset increases the setpoint while a negative offset decreases the setpoint.</description>
      <type>Double</type>
      <units>degrees F</units>
      <required>true</required>
      <model_dependent>false</model_dependent>
      <default_value>0</default_value>
    </argument>
    <argument>
      <name>weekday_offset_schedule</name>
      <display_name>Weekday offset Schedule</display_name>
      <description>Specify a 24-hour comma-separated schedule of 0s and 1s for applying the offset on weekdays.</description>
      <type>String</type>
      <units>degrees F</units>
      <required>true</required>
      <model_dependent>false</model_dependent>
      <default_value>0,0,0,0,0,0,0,0,0,0,0,0,0,0,0,0,0,0,0,0,0,0,0,0</default_value>
    </argument>
    <argument>
      <name>weekend_offset_schedule</name>
      <display_name>Weekend offset Schedule</display_name>
      <description>Specify a 24-hour comma-separated schedule of 0s and 1s for applying the offset on weekend.</description>
      <type>String</type>
      <units>degrees F</units>
      <required>true</required>
      <model_dependent>false</model_dependent>
      <default_value>0,0,0,0,0,0,0,0,0,0,0,0,0,0,0,0,0,0,0,0,0,0,0,0</default_value>
    </argument>
    <argument>
      <name>use_auto_season</name>
      <display_name>Use Auto Heating Season</display_name>
      <description>Specifies whether to automatically define the heating season based on the weather file. User-defined heating season start/end months will be ignored if this is selected</description>
      <type>Boolean</type>
      <required>true</required>
      <model_dependent>false</model_dependent>
      <default_value>false</default_value>
      <choices>
        <choice>
          <value>true</value>
          <display_name>true</display_name>
        </choice>
        <choice>
          <value>false</value>
          <display_name>false</display_name>
        </choice>
      </choices>
    </argument>
    <argument>
      <name>season_start_month</name>
      <display_name>Heating Season Start Month</display_name>
      <description>Start month of the heating season.</description>
      <type>Choice</type>
      <required>false</required>
      <model_dependent>false</model_dependent>
      <default_value>Jan</default_value>
      <choices>
        <choice>
          <value>Jan</value>
          <display_name>Jan</display_name>
        </choice>
        <choice>
          <value>Feb</value>
          <display_name>Feb</display_name>
        </choice>
        <choice>
          <value>Mar</value>
          <display_name>Mar</display_name>
        </choice>
        <choice>
          <value>Apr</value>
          <display_name>Apr</display_name>
        </choice>
        <choice>
          <value>May</value>
          <display_name>May</display_name>
        </choice>
        <choice>
          <value>Jun</value>
          <display_name>Jun</display_name>
        </choice>
        <choice>
          <value>Jul</value>
          <display_name>Jul</display_name>
        </choice>
        <choice>
          <value>Aug</value>
          <display_name>Aug</display_name>
        </choice>
        <choice>
          <value>Sep</value>
          <display_name>Sep</display_name>
        </choice>
        <choice>
          <value>Oct</value>
          <display_name>Oct</display_name>
        </choice>
        <choice>
          <value>Nov</value>
          <display_name>Nov</display_name>
        </choice>
        <choice>
          <value>Dec</value>
          <display_name>Dec</display_name>
        </choice>
      </choices>
    </argument>
    <argument>
      <name>season_end_month</name>
      <display_name>Heating Season End Month</display_name>
      <description>End month of the heating season.</description>
      <type>Choice</type>
      <required>false</required>
      <model_dependent>false</model_dependent>
      <default_value>Dec</default_value>
      <choices>
        <choice>
          <value>Jan</value>
          <display_name>Jan</display_name>
        </choice>
        <choice>
          <value>Feb</value>
          <display_name>Feb</display_name>
        </choice>
        <choice>
          <value>Mar</value>
          <display_name>Mar</display_name>
        </choice>
        <choice>
          <value>Apr</value>
          <display_name>Apr</display_name>
        </choice>
        <choice>
          <value>May</value>
          <display_name>May</display_name>
        </choice>
        <choice>
          <value>Jun</value>
          <display_name>Jun</display_name>
        </choice>
        <choice>
          <value>Jul</value>
          <display_name>Jul</display_name>
        </choice>
        <choice>
          <value>Aug</value>
          <display_name>Aug</display_name>
        </choice>
        <choice>
          <value>Sep</value>
          <display_name>Sep</display_name>
        </choice>
        <choice>
          <value>Oct</value>
          <display_name>Oct</display_name>
        </choice>
        <choice>
          <value>Nov</value>
          <display_name>Nov</display_name>
        </choice>
        <choice>
          <value>Dec</value>
          <display_name>Dec</display_name>
        </choice>
      </choices>
    </argument>
  </arguments>
  <outputs/>
  <provenances/>
  <tags>
    <tag>HVAC.HVAC Controls</tag>
  </tags>
  <attributes>
    <attribute>
      <name>Measure Type</name>
      <value>ModelMeasure</value>
      <datatype>string</datatype>
    </attribute>
    <attribute>
      <name>Uses SketchUp API</name>
      <value>false</value>
      <datatype>boolean</datatype>
    </attribute>
  </attributes>
  <files>
    <file>
      <filename>process_heating_setpoints_test.rb</filename>
      <filetype>rb</filetype>
      <usage_type>test</usage_type>
      <checksum>E972956B</checksum>
    </file>
    <file>
      <version>
        <software_program>OpenStudio</software_program>
        <identifier>1.4.0</identifier>
        <min_compatible>2.0.4</min_compatible>
      </version>
      <filename>measure.rb</filename>
      <filetype>rb</filetype>
      <usage_type>script</usage_type>
      <checksum>02C004C2</checksum>
    </file>
  </files>
</measure>
