<measure>
  <schema_version>3.0</schema_version>
  <name>residential_hot_water_heater_heat_pump</name>
  <uid>cfbe1e78-78db-4902-aba3-95d23310802e</uid>
  <version_id>bf6ed0c9-edd4-4f79-abca-6c592f8fde03</version_id>
  <version_modified>20181113T060859Z</version_modified>
  <xml_checksum>9882CBDB</xml_checksum>
  <class_name>ResidentialHotWaterHeaterHeatPump</class_name>
  <display_name>Set Residential Heat Pump Water Heater</display_name>
  <description>This measure adds a new residential heat pump water heater to the model based on user inputs. If there is already an existing residential water heater in the model, it is replaced. For multifamily buildings, the water heater can be set for all units of the building. See https://github.com/NREL/OpenStudio-BEopt#workflows for supported workflows using this measure.</description>
  <modeler_description>The measure will create a new instance of the OS:WaterHeater:HeatPump:WrappedCondenser object representing a heat pump water heater and EMS code for the controls. The water heater will be placed on the plant loop 'Domestic Hot Water Loop'. If this loop already exists, any water heater on that loop will be removed and replaced with a water heater consistent with this measure. If it doesn't exist, it will be created.</modeler_description>
  <arguments>
    <argument>
      <name>storage_tank_volume</name>
      <display_name>Tank Volume</display_name>
      <description>Nominal volume of the of the water heater tank.</description>
      <type>Double</type>
      <units>gal</units>
      <required>true</required>
      <model_dependent>false</model_dependent>
      <default_value>50</default_value>
    </argument>
    <argument>
      <name>setpoint_temp</name>
      <display_name>Setpoint</display_name>
      <description>Water heater setpoint temperature.</description>
      <type>Double</type>
      <units>F</units>
      <required>true</required>
      <model_dependent>false</model_dependent>
      <default_value>125</default_value>
    </argument>
    <argument>
      <name>location</name>
      <display_name>Location</display_name>
      <description>The space type for the location. 'auto' will automatically choose a space type based on the space types found in the model.</description>
      <type>Choice</type>
      <required>true</required>
      <model_dependent>true</model_dependent>
      <default_value>auto</default_value>
      <choices>
        <choice>
          <value>auto</value>
          <display_name>auto</display_name>
        </choice>
      </choices>
    </argument>
    <argument>
      <name>element_capacity</name>
      <display_name>Input Capacity</display_name>
      <description>The capacity of the backup electric resistance elements in the tank.</description>
      <type>Double</type>
      <units>kW</units>
      <required>true</required>
      <model_dependent>false</model_dependent>
      <default_value>4.5</default_value>
    </argument>
    <argument>
      <name>min_temp</name>
      <display_name>Minimum Abient Temperature</display_name>
      <description>The minimum ambient air temperature at which the heat pump compressor will operate.</description>
      <type>Double</type>
      <units>F</units>
      <required>true</required>
      <model_dependent>false</model_dependent>
      <default_value>45</default_value>
    </argument>
    <argument>
      <name>max_temp</name>
      <display_name>Maximum Ambient Temperature</display_name>
      <description>The maximum ambient air temperature at which the heat pump compressor will operate.</description>
      <type>Double</type>
      <units>F</units>
      <required>true</required>
      <model_dependent>false</model_dependent>
      <default_value>120</default_value>
    </argument>
    <argument>
      <name>cap</name>
      <display_name>Rated Capacity</display_name>
      <description>The input power of the HPWH compressor at rated conditions.</description>
      <type>Double</type>
      <units>kW</units>
      <required>true</required>
      <model_dependent>false</model_dependent>
      <default_value>0.5</default_value>
    </argument>
    <argument>
      <name>cop</name>
      <display_name>Rated COP</display_name>
      <description>The coefficient of performance of the HPWH compressor at rated conditions.</description>
      <type>Double</type>
      <required>true</required>
      <model_dependent>false</model_dependent>
      <default_value>2.8</default_value>
    </argument>
    <argument>
      <name>shr</name>
      <display_name>Rated SHR</display_name>
      <description>The sensible heat ratio of the HPWH's evaporator at rated conditions. This is the net SHR of the evaporator and includes the effects of fan heat.</description>
      <type>Double</type>
      <required>true</required>
      <model_dependent>false</model_dependent>
      <default_value>0.88</default_value>
    </argument>
    <argument>
      <name>airflow_rate</name>
      <display_name>Airflow Rate</display_name>
      <description>Air flow rate of the HPWH.</description>
      <type>Double</type>
      <units>cfm</units>
      <required>true</required>
      <model_dependent>false</model_dependent>
      <default_value>181</default_value>
    </argument>
    <argument>
      <name>fan_power</name>
      <display_name>Fan Power</display_name>
      <description>Fan power (in W) per delivered airflow rate (in cfm).</description>
      <type>Double</type>
      <units>W/cfm</units>
      <required>true</required>
      <model_dependent>false</model_dependent>
      <default_value>0.0462</default_value>
    </argument>
    <argument>
      <name>parasitics</name>
      <display_name>Parasitics</display_name>
      <description>Parasitic electricity consumption of the HPWH.</description>
      <type>Double</type>
      <units>W</units>
      <required>true</required>
      <model_dependent>false</model_dependent>
      <default_value>3</default_value>
    </argument>
    <argument>
      <name>tank_ua</name>
      <display_name>Tank UA</display_name>
      <description>The overall UA of the tank.</description>
      <type>Double</type>
      <units>Btu/h-R</units>
      <required>true</required>
      <model_dependent>false</model_dependent>
      <default_value>3.9</default_value>
    </argument>
    <argument>
      <name>int_factor</name>
      <display_name>Interaction Factor</display_name>
      <description>Specifies how much the HPWH space conditioning impact interacts with the building's HVAC equipment. This can be used to account for situations such as when a HPWH is in a closet and only a portion of the HPWH's space cooling affects the HVAC system.</description>
      <type>Double</type>
      <required>true</required>
      <model_dependent>false</model_dependent>
      <default_value>1</default_value>
    </argument>
    <argument>
      <name>temp_depress</name>
      <display_name>Temperature Depression</display_name>
      <description>The reduction in ambient air temperature in the space where the water heater is located. This variable can be used to simulate the impact the HPWH has on its own performance when installing in a confined space suc as a utility closet.</description>
      <type>Double</type>
      <units>F</units>
      <required>true</required>
      <model_dependent>false</model_dependent>
      <default_value>0</default_value>
    </argument>
  </arguments>
  <outputs/>
  <provenances/>
  <tags>
    <tag>Service Water Heating.Water Heating</tag>
  </tags>
  <attributes>
    <attribute>
      <name>Measure Type</name>
      <value>ModelMeasure</value>
      <datatype>string</datatype>
    </attribute>
    <attribute>
      <name>Uses SketchUp API</name>
      <value>false</value>
      <datatype>boolean</datatype>
    </attribute>
  </attributes>
  <files>
    <file>
      <filename>ResidentialWaterHeaterHeatPump_Test.rb</filename>
      <filetype>rb</filetype>
      <usage_type>test</usage_type>
      <checksum>73F98116</checksum>
    </file>
    <file>
      <version>
        <software_program>OpenStudio</software_program>
        <identifier>1.4.1</identifier>
        <min_compatible>1.13.1</min_compatible>
      </version>
      <filename>measure.rb</filename>
      <filetype>rb</filetype>
      <usage_type>script</usage_type>
      <checksum>1AB7971C</checksum>
    </file>
  </files>
</measure>
