<measure>
  <schema_version>3.0</schema_version>
  <name>process_unit_heater</name>
  <uid>1a71ae9e-5485-4cca-a369-16c6b8a9c1d8</uid>
  <version_id>26cd65de-2c94-4cb3-a08c-242225a00247</version_id>
  <version_modified>20181113T060901Z</version_modified>
  <xml_checksum>470FC630</xml_checksum>
  <class_name>ProcessUnitHeater</class_name>
  <display_name>Set Residential Unit Heater</display_name>
  <description>This measure removes any existing HVAC heating components from the building and adds a unit heater along with an optional on/off fan. For multifamily buildings, the unit heater can be set for all units of the building. See https://github.com/NREL/OpenStudio-BEopt#workflows for supported workflows using this measure.</description>
  <modeler_description>Any heating components or baseboard convective electrics/waters are removed from any existing air/plant loops or zones. Any existing air/plant loops are also removed. A unitary system with a fuel heating coil and an optional on/off fan are added to each zone.</modeler_description>
  <arguments>
    <argument>
      <name>fuel_type</name>
      <display_name>Fuel Type</display_name>
      <description>Type of fuel used for heating.</description>
      <type>Choice</type>
      <required>true</required>
      <model_dependent>false</model_dependent>
      <default_value>gas</default_value>
      <choices>
        <choice>
          <value>gas</value>
          <display_name>gas</display_name>
        </choice>
        <choice>
          <value>oil</value>
          <display_name>oil</display_name>
        </choice>
        <choice>
          <value>propane</value>
          <display_name>propane</display_name>
        </choice>
        <choice>
          <value>wood</value>
          <display_name>wood</display_name>
        </choice>
      </choices>
    </argument>
    <argument>
      <name>efficiency</name>
      <display_name>Efficiency</display_name>
      <description>The efficiency of the heater.</description>
      <type>Double</type>
      <units>Btu/Btu</units>
      <required>true</required>
      <model_dependent>false</model_dependent>
      <default_value>0.78</default_value>
    </argument>
    <argument>
      <name>fan_power</name>
      <display_name>Fan Power</display_name>
      <description>Fan power (in W) per delivered airflow rate (in cfm) of the fan. A value of 0 implies there is no fan.</description>
      <type>Double</type>
      <units>W/cfm</units>
      <required>true</required>
      <model_dependent>false</model_dependent>
      <default_value>0</default_value>
    </argument>
    <argument>
      <name>airflow_rate</name>
      <display_name>Airflow Rate</display_name>
      <description>Fan airflow rate as a function of heating capacity. A value of 0 implies there is no fan.</description>
      <type>Double</type>
      <units>cfm/ton</units>
      <required>true</required>
      <model_dependent>false</model_dependent>
      <default_value>0</default_value>
    </argument>
    <argument>
      <name>capacity</name>
      <display_name>Heating Capacity</display_name>
      <description>The output heating capacity of the heater. If using 'autosize', the autosizing algorithm will use ACCA Manual S to set the capacity.</description>
      <type>String</type>
      <units>kBtu/hr</units>
      <required>true</required>
      <model_dependent>false</model_dependent>
      <default_value>autosize</default_value>
    </argument>
  </arguments>
  <outputs/>
  <provenances/>
  <tags>
    <tag>HVAC.Heating</tag>
  </tags>
  <attributes>
    <attribute>
      <name>Measure Type</name>
      <value>ModelMeasure</value>
      <datatype>string</datatype>
    </attribute>
    <attribute>
      <name>Intended Software Tool</name>
      <value>Apply Measure Now</value>
      <datatype>string</datatype>
    </attribute>
    <attribute>
      <name>Intended Software Tool</name>
      <value>OpenStudio Application</value>
      <datatype>string</datatype>
    </attribute>
    <attribute>
      <name>Intended Software Tool</name>
      <value>Parametric Analysis Tool</value>
      <datatype>string</datatype>
    </attribute>
  </attributes>
  <files>
    <file>
      <filename>process_unit_heater_test.rb</filename>
      <filetype>rb</filetype>
      <usage_type>test</usage_type>
      <checksum>6F2E7E1D</checksum>
    </file>
    <file>
      <version>
        <software_program>OpenStudio</software_program>
        <identifier>1.13.2</identifier>
        <min_compatible>2.0.4</min_compatible>
      </version>
      <filename>measure.rb</filename>
      <filetype>rb</filetype>
      <usage_type>script</usage_type>
      <checksum>12659AAA</checksum>
    </file>
  </files>
</measure>
