<measure>
  <schema_version>3.0</schema_version>
  <name>simulation_output_report</name>
  <uid>fc337100-8634-404e-8966-01243d292a79</uid>
  <version_id>9ed4c40c-728d-4b84-b280-5e34be557525</version_id>
  <version_modified>20170830T003440Z</version_modified>
  <xml_checksum>2C8A3EEF</xml_checksum>
  <class_name>SimulationOutputReport</class_name>
  <display_name>Simulation Output Report</display_name>
  <description>Reports simulation outputs of interest.</description>
  <modeler_description>Change me</modeler_description>
  <arguments/>
  <outputs>
    <output>
      <name>total_site_energy_mbtu</name>
      <display_name>total_site_energy_mbtu</display_name>
      <short_name>total_site_energy_mbtu</short_name>
      <type>Double</type>
      <model_dependent>false</model_dependent>
    </output>
    <output>
      <name>total_site_electricity_kwh</name>
      <display_name>total_site_electricity_kwh</display_name>
      <short_name>total_site_electricity_kwh</short_name>
      <type>Double</type>
      <model_dependent>false</model_dependent>
    </output>
    <output>
      <name>total_site_natural_gas_therm</name>
      <display_name>total_site_natural_gas_therm</display_name>
      <short_name>total_site_natural_gas_therm</short_name>
      <type>Double</type>
      <model_dependent>false</model_dependent>
    </output>
    <output>
      <name>total_site_other_fuel_mbtu</name>
      <display_name>total_site_other_fuel_mbtu</display_name>
      <short_name>total_site_other_fuel_mbtu</short_name>
      <type>Double</type>
      <model_dependent>false</model_dependent>
    </output>
    <output>
      <name>net_site_energy_mbtu</name>
      <display_name>net_site_energy_mbtu</display_name>
      <short_name>net_site_energy_mbtu</short_name>
      <type>Double</type>
      <model_dependent>false</model_dependent>
    </output>
    <output>
      <name>net_site_electricity_kwh</name>
      <display_name>net_site_electricity_kwh</display_name>
      <short_name>net_site_electricity_kwh</short_name>
      <type>Double</type>
      <model_dependent>false</model_dependent>
    </output>
    <output>
      <name>electricity_heating_kwh</name>
      <display_name>electricity_heating_kwh</display_name>
      <short_name>electricity_heating_kwh</short_name>
      <type>Double</type>
      <model_dependent>false</model_dependent>
    </output>
    <output>
      <name>electricity_cooling_kwh</name>
      <display_name>electricity_cooling_kwh</display_name>
      <short_name>electricity_cooling_kwh</short_name>
      <type>Double</type>
      <model_dependent>false</model_dependent>
    </output>
    <output>
      <name>electricity_interior_lighting_kwh</name>
      <display_name>electricity_interior_lighting_kwh</display_name>
      <short_name>electricity_interior_lighting_kwh</short_name>
      <type>Double</type>
      <model_dependent>false</model_dependent>
    </output>
    <output>
      <name>electricity_exterior_lighting_kwh</name>
      <display_name>electricity_exterior_lighting_kwh</display_name>
      <short_name>electricity_exterior_lighting_kwh</short_name>
      <type>Double</type>
      <model_dependent>false</model_dependent>
    </output>
    <output>
      <name>electricity_interior_equipment_kwh</name>
      <display_name>electricity_interior_equipment_kwh</display_name>
      <short_name>electricity_interior_equipment_kwh</short_name>
      <type>Double</type>
      <model_dependent>false</model_dependent>
    </output>
    <output>
      <name>electricity_fans_kwh</name>
      <display_name>electricity_fans_kwh</display_name>
      <short_name>electricity_fans_kwh</short_name>
      <type>Double</type>
      <model_dependent>false</model_dependent>
    </output>
    <output>
      <name>electricity_pumps_kwh</name>
      <display_name>electricity_pumps_kwh</display_name>
      <short_name>electricity_pumps_kwh</short_name>
      <type>Double</type>
      <model_dependent>false</model_dependent>
    </output>
    <output>
      <name>electricity_water_systems_kwh</name>
      <display_name>electricity_water_systems_kwh</display_name>
      <short_name>electricity_water_systems_kwh</short_name>
      <type>Double</type>
      <model_dependent>false</model_dependent>
    </output>
    <output>
      <name>electricity_pv_kwh</name>
      <display_name>electricity_pv_kwh</display_name>
      <short_name>electricity_pv_kwh</short_name>
      <type>Double</type>
      <model_dependent>false</model_dependent>
    </output>
    <output>
      <name>natural_gas_heating_therm</name>
      <display_name>natural_gas_heating_therm</display_name>
      <short_name>natural_gas_heating_therm</short_name>
      <type>Double</type>
      <model_dependent>false</model_dependent>
    </output>
    <output>
      <name>natural_gas_interior_equipment_therm</name>
      <display_name>natural_gas_interior_equipment_therm</display_name>
      <short_name>natural_gas_interior_equipment_therm</short_name>
      <type>Double</type>
      <model_dependent>false</model_dependent>
    </output>
    <output>
      <name>natural_gas_water_systems_therm</name>
      <display_name>natural_gas_water_systems_therm</display_name>
      <short_name>natural_gas_water_systems_therm</short_name>
      <type>Double</type>
      <model_dependent>false</model_dependent>
    </output>
    <output>
      <name>other_fuel_heating_mbtu</name>
      <display_name>other_fuel_heating_mbtu</display_name>
      <short_name>other_fuel_heating_mbtu</short_name>
      <type>Double</type>
      <model_dependent>false</model_dependent>
    </output>
    <output>
      <name>other_fuel_interior_equipment_mbtu</name>
      <display_name>other_fuel_interior_equipment_mbtu</display_name>
      <short_name>other_fuel_interior_equipment_mbtu</short_name>
      <type>Double</type>
      <model_dependent>false</model_dependent>
    </output>
    <output>
      <name>other_fuel_water_systems_mbtu</name>
      <display_name>other_fuel_water_systems_mbtu</display_name>
      <short_name>other_fuel_water_systems_mbtu</short_name>
      <type>Double</type>
      <model_dependent>false</model_dependent>
    </output>
    <output>
      <name>hours_heating_setpoint_not_met</name>
      <display_name>hours_heating_setpoint_not_met</display_name>
      <short_name>hours_heating_setpoint_not_met</short_name>
      <type>Double</type>
      <model_dependent>false</model_dependent>
    </output>
    <output>
      <name>hours_cooling_setpoint_not_met</name>
      <display_name>hours_cooling_setpoint_not_met</display_name>
      <short_name>hours_cooling_setpoint_not_met</short_name>
      <type>Double</type>
      <model_dependent>false</model_dependent>
    </output>
    <output>
      <name>hvac_cooling_capacity_w</name>
      <display_name>hvac_cooling_capacity_w</display_name>
      <short_name>hvac_cooling_capacity_w</short_name>
      <type>Double</type>
      <model_dependent>false</model_dependent>
    </output>
    <output>
      <name>hvac_heating_capacity_w</name>
      <display_name>hvac_heating_capacity_w</display_name>
      <short_name>hvac_heating_capacity_w</short_name>
      <type>Double</type>
      <model_dependent>false</model_dependent>
    </output>
    <output>
      <name>upgrade_name</name>
      <display_name>upgrade_name</display_name>
      <short_name>upgrade_name</short_name>
      <type>Double</type>
      <model_dependent>false</model_dependent>
    </output>
    <output>
      <name>upgrade_cost_usd</name>
      <display_name>upgrade_cost_usd</display_name>
      <short_name>upgrade_cost_usd</short_name>
      <type>Double</type>
      <model_dependent>false</model_dependent>
    </output>
    <output>
      <name>weight</name>
      <display_name>weight</display_name>
      <short_name>weight</short_name>
      <type>Double</type>
      <model_dependent>false</model_dependent>
    </output>
  </outputs>
  <provenances/>
  <tags>
    <tag>Reporting.QAQC</tag>
  </tags>
  <attributes>
    <attribute>
      <name>Measure Type</name>
      <value>ReportingMeasure</value>
      <datatype>string</datatype>
    </attribute>
    <attribute>
      <name>Uses SketchUp API</name>
      <value>false</value>
      <datatype>boolean</datatype>
    </attribute>
  </attributes>
  <files>
    <file>
      <version>
        <software_program>OpenStudio</software_program>
        <identifier>1.1.2</identifier>
        <min_compatible>1.1.2</min_compatible>
      </version>
      <filename>measure.rb</filename>
      <filetype>rb</filetype>
      <usage_type>script</usage_type>
      <checksum>68646D93</checksum>
    </file>
  </files>
</measure>
