<measure>
  <schema_version>3.0</schema_version>
  <name>process_central_system_boiler_baseboards</name>
  <uid>76aec197-3459-4562-8f74-4741271d9d2f</uid>
  <version_id>da35791e-4152-458d-b845-b9c95b48d6f7</version_id>
  <version_modified>20190104T195000Z</version_modified>
  <xml_checksum>ED6112BA</xml_checksum>
  <class_name>ProcessCentralSystemBoilerBaseboards</class_name>
  <display_name>ResidentialHVACCentralSystemBoilerBaseboards</display_name>
  <description>Adds a central hot water (or steam) boiler to the model. Also adds baseboards to each finished zone.</description>
  <modeler_description>Adds a hot water (or steam) boiler with variable-speed pump to a single plant loop. Also adds zone hvac convective water objects with coil heating water baseboard objects to the demand side of the plant loop.</modeler_description>
  <arguments>
    <argument>
      <name>central_boiler_system_type</name>
      <display_name>Central Boiler System Type</display_name>
      <description>The system type of the central boiler.</description>
      <type>Choice</type>
      <required>true</required>
      <model_dependent>false</model_dependent>
      <default_value>hot water, forced draft</default_value>
      <choices>
        <choice>
          <value>hot water, forced draft</value>
          <display_name>hot water, forced draft</display_name>
        </choice>
        <choice>
          <value>steam</value>
          <display_name>steam</display_name>
        </choice>
      </choices>
    </argument>
    <argument>
      <name>central_boiler_fuel_type</name>
      <display_name>Central Boiler Fuel Type</display_name>
      <description>The fuel type of the central boiler used for heating.</description>
      <type>Choice</type>
      <required>true</required>
      <model_dependent>false</model_dependent>
      <default_value>gas</default_value>
      <choices>
        <choice>
          <value>electric</value>
          <display_name>electric</display_name>
        </choice>
        <choice>
          <value>gas</value>
          <display_name>gas</display_name>
        </choice>
        <choice>
          <value>oil</value>
          <display_name>oil</display_name>
        </choice>
        <choice>
          <value>propane</value>
          <display_name>propane</display_name>
        </choice>
      </choices>
    </argument>
  </arguments>
  <outputs/>
  <provenances/>
  <tags>
    <tag>HVAC.Whole System</tag>
  </tags>
  <attributes>
    <attribute>
      <name>Measure Type</name>
      <value>ModelMeasure</value>
      <datatype>string</datatype>
    </attribute>
  </attributes>
  <files>
    <file>
      <filename>process_central_system_boiler_baseboards_test.rb</filename>
      <filetype>rb</filetype>
      <usage_type>test</usage_type>
      <checksum>2421FA5D</checksum>
    </file>
    <file>
      <version>
        <software_program>OpenStudio</software_program>
        <identifier>2.4.0</identifier>
        <min_compatible>2.4.0</min_compatible>
      </version>
      <filename>measure.rb</filename>
      <filetype>rb</filetype>
      <usage_type>script</usage_type>
      <checksum>A2A3CD7B</checksum>
    </file>
  </files>
</measure>
