<measure>
  <schema_version>3.0</schema_version>
  <name>residential_misc_large_uncommon_loads</name>
  <uid>96f1e9ca-41b9-4fb8-a219-57850e351500</uid>
  <version_id>d0b5337a-492d-4bc5-a2a4-c5a7d43711b1</version_id>
  <version_modified>20190103T214703Z</version_modified>
  <xml_checksum>126F1C43</xml_checksum>
  <class_name>ResidentialMiscLargeUncommonLoads</class_name>
  <display_name>Set Residential Large Uncommon Loads</display_name>
  <description>Adds (or replaces) the specified large, uncommon loads -- loads that have substantial energy consumption but are not found in most homes. For multifamily buildings, the loads can be set for all units of the building. See https://github.com/NREL/OpenStudio-BEopt#workflows for supported workflows using this measure.</description>
  <modeler_description>Since there are no large, uncommon loads objects in OpenStudio/EnergyPlus, we look for ElectricEquipment/GasEquipment objects with the name that denotes it is a residential large, uncommon load. If one is found, it is replaced with the specified properties. Otherwise, a new such object is added to the model.</modeler_description>
  <arguments>
    <argument>
      <name>has_fridge</name>
      <display_name>Has Extra Refrigerator</display_name>
      <description>Specifies whether the building has an extra refrigerator.</description>
      <type>Boolean</type>
      <required>true</required>
      <model_dependent>false</model_dependent>
      <default_value>false</default_value>
      <choices>
        <choice>
          <value>true</value>
          <display_name>true</display_name>
        </choice>
        <choice>
          <value>false</value>
          <display_name>false</display_name>
        </choice>
      </choices>
    </argument>
    <argument>
      <name>has_freezer</name>
      <display_name>Has Freezer</display_name>
      <description>Specifies whether the building has a freezer.</description>
      <type>Boolean</type>
      <required>true</required>
      <model_dependent>false</model_dependent>
      <default_value>false</default_value>
      <choices>
        <choice>
          <value>true</value>
          <display_name>true</display_name>
        </choice>
        <choice>
          <value>false</value>
          <display_name>false</display_name>
        </choice>
      </choices>
    </argument>
    <argument>
      <name>has_pool_heater_elec</name>
      <display_name>Has Pool Electric Heater</display_name>
      <description>Specifies whether the building has an electric pool heater.</description>
      <type>Boolean</type>
      <required>true</required>
      <model_dependent>false</model_dependent>
      <default_value>false</default_value>
      <choices>
        <choice>
          <value>true</value>
          <display_name>true</display_name>
        </choice>
        <choice>
          <value>false</value>
          <display_name>false</display_name>
        </choice>
      </choices>
    </argument>
    <argument>
      <name>has_pool_heater_gas</name>
      <display_name>Has Pool Gas Heater</display_name>
      <description>Specifies whether the building has a gas pool heater.</description>
      <type>Boolean</type>
      <required>true</required>
      <model_dependent>false</model_dependent>
      <default_value>false</default_value>
      <choices>
        <choice>
          <value>true</value>
          <display_name>true</display_name>
        </choice>
        <choice>
          <value>false</value>
          <display_name>false</display_name>
        </choice>
      </choices>
    </argument>
    <argument>
      <name>has_pool_pump</name>
      <display_name>Has Pool Pump</display_name>
      <description>Specifies whether the building has a pool pump.</description>
      <type>Boolean</type>
      <required>true</required>
      <model_dependent>false</model_dependent>
      <default_value>false</default_value>
      <choices>
        <choice>
          <value>true</value>
          <display_name>true</display_name>
        </choice>
        <choice>
          <value>false</value>
          <display_name>false</display_name>
        </choice>
      </choices>
    </argument>
    <argument>
      <name>has_hot_tub_heater_elec</name>
      <display_name>Has Hot Tub Electric Heater</display_name>
      <description>Specifies whether the building has an electric hot tub heater.</description>
      <type>Boolean</type>
      <required>true</required>
      <model_dependent>false</model_dependent>
      <default_value>false</default_value>
      <choices>
        <choice>
          <value>true</value>
          <display_name>true</display_name>
        </choice>
        <choice>
          <value>false</value>
          <display_name>false</display_name>
        </choice>
      </choices>
    </argument>
    <argument>
      <name>has_hot_tub_heater_gas</name>
      <display_name>Has Hot Tub Gas Heater</display_name>
      <description>Specifies whether the building has a gas hot tub heater.</description>
      <type>Boolean</type>
      <required>true</required>
      <model_dependent>false</model_dependent>
      <default_value>false</default_value>
      <choices>
        <choice>
          <value>true</value>
          <display_name>true</display_name>
        </choice>
        <choice>
          <value>false</value>
          <display_name>false</display_name>
        </choice>
      </choices>
    </argument>
    <argument>
      <name>has_hot_tub_pump</name>
      <display_name>Has Hot Tub Pump</display_name>
      <description>Specifies whether the building has a hot tub pump.</description>
      <type>Boolean</type>
      <required>true</required>
      <model_dependent>false</model_dependent>
      <default_value>false</default_value>
      <choices>
        <choice>
          <value>true</value>
          <display_name>true</display_name>
        </choice>
        <choice>
          <value>false</value>
          <display_name>false</display_name>
        </choice>
      </choices>
    </argument>
    <argument>
      <name>has_well_pump</name>
      <display_name>Has Well Pump</display_name>
      <description>Specifies whether the building has a well pump.</description>
      <type>Boolean</type>
      <required>true</required>
      <model_dependent>false</model_dependent>
      <default_value>false</default_value>
      <choices>
        <choice>
          <value>true</value>
          <display_name>true</display_name>
        </choice>
        <choice>
          <value>false</value>
          <display_name>false</display_name>
        </choice>
      </choices>
    </argument>
    <argument>
      <name>has_gas_fireplace</name>
      <display_name>Has Gas Fireplace</display_name>
      <description>Specifies whether the building has a gas fireplace.</description>
      <type>Boolean</type>
      <required>true</required>
      <model_dependent>false</model_dependent>
      <default_value>false</default_value>
      <choices>
        <choice>
          <value>true</value>
          <display_name>true</display_name>
        </choice>
        <choice>
          <value>false</value>
          <display_name>false</display_name>
        </choice>
      </choices>
    </argument>
    <argument>
      <name>has_gas_grill</name>
      <display_name>Has Gas grill</display_name>
      <description>Specifies whether the building has a gas grill.</description>
      <type>Boolean</type>
      <required>true</required>
      <model_dependent>false</model_dependent>
      <default_value>false</default_value>
      <choices>
        <choice>
          <value>true</value>
          <display_name>true</display_name>
        </choice>
        <choice>
          <value>false</value>
          <display_name>false</display_name>
        </choice>
      </choices>
    </argument>
    <argument>
      <name>has_gas_lighting</name>
      <display_name>Has Gas lighting</display_name>
      <description>Specifies whether the building has a gas lighting.</description>
      <type>Boolean</type>
      <required>true</required>
      <model_dependent>false</model_dependent>
      <default_value>false</default_value>
      <choices>
        <choice>
          <value>true</value>
          <display_name>true</display_name>
        </choice>
        <choice>
          <value>false</value>
          <display_name>false</display_name>
        </choice>
      </choices>
    </argument>
    <argument>
      <name>fridge_rated_annual_energy</name>
      <display_name>Extra Refrigerator: Rated Annual Consumption</display_name>
      <description>The EnergyGuide rated annual energy consumption for a refrigerator.</description>
      <type>Double</type>
      <units>kWh/yr</units>
      <required>true</required>
      <model_dependent>false</model_dependent>
      <default_value>1102</default_value>
    </argument>
    <argument>
      <name>fridge_mult</name>
      <display_name>Extra Refrigerator: Energy Multiplier</display_name>
      <description>Appliance energy use is multiplied by this factor to account for occupancy usage that differs from the national average.</description>
      <type>Double</type>
      <required>true</required>
      <model_dependent>false</model_dependent>
      <default_value>1</default_value>
    </argument>
    <argument>
      <name>fridge_weekday_sch</name>
      <display_name>Extra Refrigerator: Weekday schedule</display_name>
      <description>Specify the 24-hour weekday schedule.</description>
      <type>String</type>
      <required>true</required>
      <model_dependent>false</model_dependent>
      <default_value>0.040, 0.039, 0.038, 0.037, 0.036, 0.036, 0.038, 0.040, 0.041, 0.041, 0.040, 0.040, 0.042, 0.042, 0.042, 0.041, 0.044, 0.048, 0.050, 0.048, 0.047, 0.046, 0.044, 0.041</default_value>
    </argument>
    <argument>
      <name>fridge_weekend_sch</name>
      <display_name>Extra Refrigerator: Weekend schedule</display_name>
      <description>Specify the 24-hour weekend schedule.</description>
      <type>String</type>
      <required>true</required>
      <model_dependent>false</model_dependent>
      <default_value>0.040, 0.039, 0.038, 0.037, 0.036, 0.036, 0.038, 0.040, 0.041, 0.041, 0.040, 0.040, 0.042, 0.042, 0.042, 0.041, 0.044, 0.048, 0.050, 0.048, 0.047, 0.046, 0.044, 0.041</default_value>
    </argument>
    <argument>
      <name>fridge_monthly_sch</name>
      <display_name>Extra Refrigerator: Month schedule</display_name>
      <description>Specify the 12-month schedule.</description>
      <type>String</type>
      <required>true</required>
      <model_dependent>false</model_dependent>
      <default_value>0.837, 0.835, 1.084, 1.084, 1.084, 1.096, 1.096, 1.096, 1.096, 0.931, 0.925, 0.837</default_value>
    </argument>
    <argument>
      <name>fridge_location</name>
      <display_name>Extra Refrigerator: Location</display_name>
      <description>The space type for the location. 'auto' will automatically choose a space type based on the space types found in the model.</description>
      <type>Choice</type>
      <required>true</required>
      <model_dependent>true</model_dependent>
      <default_value>auto</default_value>
      <choices>
        <choice>
          <value>auto</value>
          <display_name>auto</display_name>
        </choice>
      </choices>
    </argument>
    <argument>
      <name>freezer_rated_annual_energy</name>
      <display_name>Freezer: Rated Annual Consumption</display_name>
      <description>The EnergyGuide rated annual energy consumption for a freezer.</description>
      <type>Double</type>
      <units>kWh/yr</units>
      <required>true</required>
      <model_dependent>false</model_dependent>
      <default_value>935</default_value>
    </argument>
    <argument>
      <name>freezer_mult</name>
      <display_name>Freezer: Energy Multiplier</display_name>
      <description>Appliance energy use is multiplied by this factor to account for occupancy usage that differs from the national average.</description>
      <type>Double</type>
      <required>true</required>
      <model_dependent>false</model_dependent>
      <default_value>1</default_value>
    </argument>
    <argument>
      <name>freezer_weekday_sch</name>
      <display_name>Freezer: Weekday schedule</display_name>
      <description>Specify the 24-hour weekday schedule.</description>
      <type>String</type>
      <required>true</required>
      <model_dependent>false</model_dependent>
      <default_value>0.040, 0.039, 0.038, 0.037, 0.036, 0.036, 0.038, 0.040, 0.041, 0.041, 0.040, 0.040, 0.042, 0.042, 0.042, 0.041, 0.044, 0.048, 0.050, 0.048, 0.047, 0.046, 0.044, 0.041</default_value>
    </argument>
    <argument>
      <name>freezer_weekend_sch</name>
      <display_name>Freezer: Weekend schedule</display_name>
      <description>Specify the 24-hour weekend schedule.</description>
      <type>String</type>
      <required>true</required>
      <model_dependent>false</model_dependent>
      <default_value>0.040, 0.039, 0.038, 0.037, 0.036, 0.036, 0.038, 0.040, 0.041, 0.041, 0.040, 0.040, 0.042, 0.042, 0.042, 0.041, 0.044, 0.048, 0.050, 0.048, 0.047, 0.046, 0.044, 0.041</default_value>
    </argument>
    <argument>
      <name>freezer_monthly_sch</name>
      <display_name>Freezer: Month schedule</display_name>
      <description>Specify the 12-month schedule.</description>
      <type>String</type>
      <required>true</required>
      <model_dependent>false</model_dependent>
      <default_value>0.837, 0.835, 1.084, 1.084, 1.084, 1.096, 1.096, 1.096, 1.096, 0.931, 0.925, 0.837</default_value>
    </argument>
    <argument>
      <name>freezer_location</name>
      <display_name>Freezer: Location</display_name>
      <description>The space type for the location. 'auto' will automatically choose a space type based on the space types found in the model.</description>
      <type>Choice</type>
      <required>true</required>
      <model_dependent>true</model_dependent>
      <default_value>auto</default_value>
      <choices>
        <choice>
          <value>auto</value>
          <display_name>auto</display_name>
        </choice>
      </choices>
    </argument>
    <argument>
      <name>pool_heater_elec_annual_energy</name>
      <display_name>Pool: Electric Heater Annual Energy Use</display_name>
      <description>The annual energy use for the electric heater (defaults to national average).</description>
      <type>Double</type>
      <units>kWh/yr</units>
      <required>true</required>
      <model_dependent>false</model_dependent>
      <default_value>2300</default_value>
    </argument>
    <argument>
      <name>pool_heater_elec_mult</name>
      <display_name>Pool: Electric Heater Energy Multiplier</display_name>
      <description>Sets the annual energy use equal to the annual energy use times this multiplier.</description>
      <type>Double</type>
      <required>true</required>
      <model_dependent>false</model_dependent>
      <default_value>1</default_value>
    </argument>
    <argument>
      <name>pool_heater_gas_annual_energy</name>
      <display_name>Pool: Gas Heater Annual Energy Use</display_name>
      <description>The annual energy use for the gas heater (defaults to national average).</description>
      <type>Double</type>
      <units>therm/yr</units>
      <required>true</required>
      <model_dependent>false</model_dependent>
      <default_value>222</default_value>
    </argument>
    <argument>
      <name>pool_heater_gas_mult</name>
      <display_name>Pool: Gas Heater Energy Multiplier</display_name>
      <description>Sets the annual energy use equal to the annual energy use times this multiplier.</description>
      <type>Double</type>
      <required>true</required>
      <model_dependent>false</model_dependent>
      <default_value>1</default_value>
    </argument>
    <argument>
      <name>pool_pump_annual_energy</name>
      <display_name>Pool: Pump Annual Energy Use</display_name>
      <description>The annual energy use for the pump (defaults to national average).</description>
      <type>Double</type>
      <units>kWh/yr</units>
      <required>true</required>
      <model_dependent>false</model_dependent>
      <default_value>2250</default_value>
    </argument>
    <argument>
      <name>pool_pump_mult</name>
      <display_name>Pool: Pump Energy Multiplier</display_name>
      <description>Sets the annual energy use equal to the annual energy use times this multiplier.</description>
      <type>Double</type>
      <required>true</required>
      <model_dependent>false</model_dependent>
      <default_value>1</default_value>
    </argument>
    <argument>
      <name>pool_scale_energy</name>
      <display_name>Pool: Scale Energy Use</display_name>
      <description>If true, scales the energy use relative to a 3-bedroom, 1920 sqft house using the following equation: Fscale = (0.5 + 0.25 x Nbr/3 + 0.25 x FFA/1920) where Nbr is the number of bedrooms and FFA is the finished floor area.</description>
      <type>Boolean</type>
      <required>true</required>
      <model_dependent>false</model_dependent>
      <default_value>true</default_value>
      <choices>
        <choice>
          <value>true</value>
          <display_name>true</display_name>
        </choice>
        <choice>
          <value>false</value>
          <display_name>false</display_name>
        </choice>
      </choices>
    </argument>
    <argument>
      <name>pool_weekday_sch</name>
      <display_name>Pool: Weekday schedule</display_name>
      <description>Specify the 24-hour weekday schedule.</description>
      <type>String</type>
      <required>true</required>
      <model_dependent>false</model_dependent>
      <default_value>0.003, 0.003, 0.003, 0.004, 0.008, 0.015, 0.026, 0.044, 0.084, 0.121, 0.127, 0.121, 0.120, 0.090, 0.075, 0.061, 0.037, 0.023, 0.013, 0.008, 0.004, 0.003, 0.003, 0.003</default_value>
    </argument>
    <argument>
      <name>pool_weekend_sch</name>
      <display_name>Pool: Weekend schedule</display_name>
      <description>Specify the 24-hour weekend schedule.</description>
      <type>String</type>
      <required>true</required>
      <model_dependent>false</model_dependent>
      <default_value>0.003, 0.003, 0.003, 0.004, 0.008, 0.015, 0.026, 0.044, 0.084, 0.121, 0.127, 0.121, 0.120, 0.090, 0.075, 0.061, 0.037, 0.023, 0.013, 0.008, 0.004, 0.003, 0.003, 0.003</default_value>
    </argument>
    <argument>
      <name>pool_monthly_sch</name>
      <display_name>Pool: Month schedule</display_name>
      <description>Specify the 12-month schedule.</description>
      <type>String</type>
      <required>true</required>
      <model_dependent>false</model_dependent>
      <default_value>1.154, 1.161, 1.013, 1.010, 1.013, 0.888, 0.883, 0.883, 0.888, 0.978, 0.974, 1.154</default_value>
    </argument>
    <argument>
      <name>hot_tub_heater_elec_annual_energy</name>
      <display_name>Hot Tub: Electric Heater Annual Energy Use</display_name>
      <description>The annual energy use for the electric heater (defaults to national average).</description>
      <type>Double</type>
      <units>kWh/yr</units>
      <required>true</required>
      <model_dependent>false</model_dependent>
      <default_value>1027.3</default_value>
    </argument>
    <argument>
      <name>hot_tub_heater_elec_mult</name>
      <display_name>Hot Tub: Electric Heater Energy Multiplier</display_name>
      <description>Sets the annual energy use equal to the annual energy use times this multiplier.</description>
      <type>Double</type>
      <required>true</required>
      <model_dependent>false</model_dependent>
      <default_value>1</default_value>
    </argument>
    <argument>
      <name>hot_tub_heater_gas_annual_energy</name>
      <display_name>Hot Tub: Gas Heater Annual Energy Use</display_name>
      <description>The annual energy use for the gas heater (defaults to national average).</description>
      <type>Double</type>
      <units>therm/yr</units>
      <required>true</required>
      <model_dependent>false</model_dependent>
      <default_value>81</default_value>
    </argument>
    <argument>
      <name>hot_tub_heater_gas_mult</name>
      <display_name>Hot Tub: Gas Heater Energy Multiplier</display_name>
      <description>Sets the annual energy use equal to the annual energy use times this multiplier.</description>
      <type>Double</type>
      <required>true</required>
      <model_dependent>false</model_dependent>
      <default_value>1</default_value>
    </argument>
    <argument>
      <name>hot_tub_pump_annual_energy</name>
      <display_name>Hot Tub: Pump Annual Energy Use</display_name>
      <description>The annual energy use for the pump (defaults to national average).</description>
      <type>Double</type>
      <units>kWh/yr</units>
      <required>true</required>
      <model_dependent>false</model_dependent>
      <default_value>1014.1</default_value>
    </argument>
    <argument>
      <name>hot_tub_pump_mult</name>
      <display_name>Hot Tub: Pump Energy Multiplier</display_name>
      <description>Sets the annual energy use equal to the annual energy use times this multiplier.</description>
      <type>Double</type>
      <required>true</required>
      <model_dependent>false</model_dependent>
      <default_value>1</default_value>
    </argument>
    <argument>
      <name>hot_tub_scale_energy</name>
      <display_name>Hot Tub: Scale Energy Use</display_name>
      <description>If true, scales the energy use relative to a 3-bedroom, 1920 sqft house using the following equation: Fscale = (0.5 + 0.25 x Nbr/3 + 0.25 x FFA/1920) where Nbr is the number of bedrooms and FFA is the finished floor area.</description>
      <type>Boolean</type>
      <required>true</required>
      <model_dependent>false</model_dependent>
      <default_value>true</default_value>
      <choices>
        <choice>
          <value>true</value>
          <display_name>true</display_name>
        </choice>
        <choice>
          <value>false</value>
          <display_name>false</display_name>
        </choice>
      </choices>
    </argument>
    <argument>
      <name>hot_tub_weekday_sch</name>
      <display_name>Hot Tub: Weekday schedule</display_name>
      <description>Specify the 24-hour weekday schedule.</description>
      <type>String</type>
      <required>true</required>
      <model_dependent>false</model_dependent>
      <default_value>0.024, 0.029, 0.024, 0.029, 0.047, 0.067, 0.057, 0.024, 0.024, 0.019, 0.015, 0.014, 0.014, 0.014, 0.024, 0.058, 0.126, 0.122, 0.068, 0.061, 0.051, 0.043, 0.024, 0.024</default_value>
    </argument>
    <argument>
      <name>hot_tub_weekend_sch</name>
      <display_name>Hot Tub: Weekend schedule</display_name>
      <description>Specify the 24-hour weekend schedule.</description>
      <type>String</type>
      <required>true</required>
      <model_dependent>false</model_dependent>
      <default_value>0.024, 0.029, 0.024, 0.029, 0.047, 0.067, 0.057, 0.024, 0.024, 0.019, 0.015, 0.014, 0.014, 0.014, 0.024, 0.058, 0.126, 0.122, 0.068, 0.061, 0.051, 0.043, 0.024, 0.024</default_value>
    </argument>
    <argument>
      <name>hot_tub_monthly_sch</name>
      <display_name>Hot Tub: Month schedule</display_name>
      <description>Specify the 12-month schedule.</description>
      <type>String</type>
      <required>true</required>
      <model_dependent>false</model_dependent>
      <default_value>0.837, 0.835, 1.084, 1.084, 1.084, 1.096, 1.096, 1.096, 1.096, 0.931, 0.925, 0.837</default_value>
    </argument>
    <argument>
      <name>well_pump_annual_energy</name>
      <display_name>Well Pump: Annual Energy Use</display_name>
      <description>The annual energy use for the well pump (defaults to national average).</description>
      <type>Double</type>
      <units>kWh/yr</units>
      <required>true</required>
      <model_dependent>false</model_dependent>
      <default_value>400</default_value>
    </argument>
    <argument>
      <name>well_pump_mult</name>
      <display_name>Well Pump: Energy Multiplier</display_name>
      <description>Sets the annual energy use equal to the annual energy use times this multiplier.</description>
      <type>Double</type>
      <required>true</required>
      <model_dependent>false</model_dependent>
      <default_value>1</default_value>
    </argument>
    <argument>
      <name>well_pump_scale_energy</name>
      <display_name>Well Pump: Scale Energy Use</display_name>
      <description>If true, scales the energy use relative to a 3-bedroom, 1920 sqft house using the following equation: Fscale = (0.5 + 0.25 x Nbr/3 + 0.25 x FFA/1920) where Nbr is the number of bedrooms and FFA is the finished floor area.</description>
      <type>Boolean</type>
      <required>true</required>
      <model_dependent>false</model_dependent>
      <default_value>true</default_value>
      <choices>
        <choice>
          <value>true</value>
          <display_name>true</display_name>
        </choice>
        <choice>
          <value>false</value>
          <display_name>false</display_name>
        </choice>
      </choices>
    </argument>
    <argument>
      <name>well_pump_weekday_sch</name>
      <display_name>Well Pump: Weekday schedule</display_name>
      <description>Specify the 24-hour weekday schedule.</description>
      <type>String</type>
      <required>true</required>
      <model_dependent>false</model_dependent>
      <default_value>0.044, 0.023, 0.019, 0.015, 0.016, 0.018, 0.026, 0.033, 0.033, 0.032, 0.033, 0.033, 0.032, 0.032, 0.032, 0.033, 0.045, 0.057, 0.066, 0.076, 0.081, 0.086, 0.075, 0.065</default_value>
    </argument>
    <argument>
      <name>well_pump_weekend_sch</name>
      <display_name>Well Pump: Weekend schedule</display_name>
      <description>Specify the 24-hour weekend schedule.</description>
      <type>String</type>
      <required>true</required>
      <model_dependent>false</model_dependent>
      <default_value>0.044, 0.023, 0.019, 0.015, 0.016, 0.018, 0.026, 0.033, 0.033, 0.032, 0.033, 0.033, 0.032, 0.032, 0.032, 0.033, 0.045, 0.057, 0.066, 0.076, 0.081, 0.086, 0.075, 0.065</default_value>
    </argument>
    <argument>
      <name>well_pump_monthly_sch</name>
      <display_name>Well Pump: Month schedule</display_name>
      <description>Specify the 12-month schedule.</description>
      <type>String</type>
      <required>true</required>
      <model_dependent>false</model_dependent>
      <default_value>1.154, 1.161, 1.013, 1.010, 1.013, 0.888, 0.883, 0.883, 0.888, 0.978, 0.974, 1.154</default_value>
    </argument>
    <argument>
      <name>gas_fireplace_annual_energy</name>
      <display_name>Gas Fireplace: Annual Energy Use</display_name>
      <description>The annual energy use for the gas fireplace (defaults to national average).</description>
      <type>Double</type>
      <units>therm/yr</units>
      <required>true</required>
      <model_dependent>false</model_dependent>
      <default_value>60</default_value>
    </argument>
    <argument>
      <name>gas_fireplace_mult</name>
      <display_name>Gas Fireplace: Energy Multiplier</display_name>
      <description>Sets the annual energy use equal to the annual energy use times this multiplier.</description>
      <type>Double</type>
      <required>true</required>
      <model_dependent>false</model_dependent>
      <default_value>1</default_value>
    </argument>
    <argument>
      <name>gas_fireplace_scale_energy</name>
      <display_name>Gas Fireplace: Scale Energy Use</display_name>
      <description>If true, scales the energy use relative to a 3-bedroom, 1920 sqft house using the following equation: Fscale = (0.5 + 0.25 x Nbr/3 + 0.25 x FFA/1920) where Nbr is the number of bedrooms and FFA is the finished floor area.</description>
      <type>Boolean</type>
      <required>true</required>
      <model_dependent>false</model_dependent>
      <default_value>true</default_value>
      <choices>
        <choice>
          <value>true</value>
          <display_name>true</display_name>
        </choice>
        <choice>
          <value>false</value>
          <display_name>false</display_name>
        </choice>
      </choices>
    </argument>
    <argument>
      <name>gas_fireplace_weekday_sch</name>
      <display_name>Gas Fireplace: Weekday schedule</display_name>
      <description>Specify the 24-hour weekday schedule.</description>
      <type>String</type>
      <required>true</required>
      <model_dependent>false</model_dependent>
      <default_value>0.044, 0.023, 0.019, 0.015, 0.016, 0.018, 0.026, 0.033, 0.033, 0.032, 0.033, 0.033, 0.032, 0.032, 0.032, 0.033, 0.045, 0.057, 0.066, 0.076, 0.081, 0.086, 0.075, 0.065</default_value>
    </argument>
    <argument>
      <name>gas_fireplace_weekend_sch</name>
      <display_name>Gas Fireplace: Weekend schedule</display_name>
      <description>Specify the 24-hour weekend schedule.</description>
      <type>String</type>
      <required>true</required>
      <model_dependent>false</model_dependent>
      <default_value>0.044, 0.023, 0.019, 0.015, 0.016, 0.018, 0.026, 0.033, 0.033, 0.032, 0.033, 0.033, 0.032, 0.032, 0.032, 0.033, 0.045, 0.057, 0.066, 0.076, 0.081, 0.086, 0.075, 0.065</default_value>
    </argument>
    <argument>
      <name>gas_fireplace_monthly_sch</name>
      <display_name>Gas Fireplace: Month schedule</display_name>
      <description>Specify the 12-month schedule.</description>
      <type>String</type>
      <required>true</required>
      <model_dependent>false</model_dependent>
      <default_value>1.154, 1.161, 1.013, 1.010, 1.013, 0.888, 0.883, 0.883, 0.888, 0.978, 0.974, 1.154</default_value>
    </argument>
    <argument>
      <name>gas_fireplace_location</name>
      <display_name>Gas Fireplace: Location</display_name>
      <description>The space type for the location. 'auto' will automatically choose a space type based on the space types found in the model.</description>
      <type>Choice</type>
      <required>true</required>
      <model_dependent>true</model_dependent>
      <default_value>auto</default_value>
      <choices>
        <choice>
          <value>auto</value>
          <display_name>auto</display_name>
        </choice>
      </choices>
    </argument>
    <argument>
      <name>gas_grill_annual_energy</name>
      <display_name>Gas Grill: Annual Energy Use</display_name>
      <description>The annual energy use for the gas grill (defaults to national average).</description>
      <type>Double</type>
      <units>therm/yr</units>
      <required>true</required>
      <model_dependent>false</model_dependent>
      <default_value>30</default_value>
    </argument>
    <argument>
      <name>gas_grill_mult</name>
      <display_name>Gas Grill: Energy Multiplier</display_name>
      <description>Sets the annual energy use equal to the annual energy use times this multiplier.</description>
      <type>Double</type>
      <required>true</required>
      <model_dependent>false</model_dependent>
      <default_value>1</default_value>
    </argument>
    <argument>
      <name>gas_grill_scale_energy</name>
      <display_name>Gas Grill: Scale Energy Use</display_name>
      <description>If true, scales the energy use relative to a 3-bedroom, 1920 sqft house using the following equation: Fscale = (0.5 + 0.25 x Nbr/3 + 0.25 x FFA/1920) where Nbr is the number of bedrooms and FFA is the finished floor area.</description>
      <type>Boolean</type>
      <required>true</required>
      <model_dependent>false</model_dependent>
      <default_value>true</default_value>
      <choices>
        <choice>
          <value>true</value>
          <display_name>true</display_name>
        </choice>
        <choice>
          <value>false</value>
          <display_name>false</display_name>
        </choice>
      </choices>
    </argument>
    <argument>
      <name>gas_grill_weekday_sch</name>
      <display_name>Gas Grill: Weekday schedule</display_name>
      <description>Specify the 24-hour weekday schedule.</description>
      <type>String</type>
      <required>true</required>
      <model_dependent>false</model_dependent>
      <default_value>0.004, 0.001, 0.001, 0.002, 0.007, 0.012, 0.029, 0.046, 0.044, 0.041, 0.044, 0.046, 0.042, 0.038, 0.049, 0.059, 0.110, 0.161, 0.115, 0.070, 0.044, 0.019, 0.013, 0.007</default_value>
    </argument>
    <argument>
      <name>gas_grill_weekend_sch</name>
      <display_name>Gas Grill: Weekend schedule</display_name>
      <description>Specify the 24-hour weekend schedule.</description>
      <type>String</type>
      <required>true</required>
      <model_dependent>false</model_dependent>
      <default_value>0.004, 0.001, 0.001, 0.002, 0.007, 0.012, 0.029, 0.046, 0.044, 0.041, 0.044, 0.046, 0.042, 0.038, 0.049, 0.059, 0.110, 0.161, 0.115, 0.070, 0.044, 0.019, 0.013, 0.007</default_value>
    </argument>
    <argument>
      <name>gas_grill_monthly_sch</name>
      <display_name>Gas Grill: Month schedule</display_name>
      <description>Specify the 12-month schedule.</description>
      <type>String</type>
      <required>true</required>
      <model_dependent>false</model_dependent>
      <default_value>1.097, 1.097, 0.991, 0.987, 0.991, 0.890, 0.896, 0.896, 0.890, 1.085, 1.085, 1.097</default_value>
    </argument>
    <argument>
      <name>gas_lighting_annual_energy</name>
      <display_name>Gas Lighting: Annual Energy Use</display_name>
      <description>The annual energy use for the gas lighting (defaults to national average).</description>
      <type>Double</type>
      <units>therm/yr</units>
      <required>true</required>
      <model_dependent>false</model_dependent>
      <default_value>19</default_value>
    </argument>
    <argument>
      <name>gas_lighting_mult</name>
      <display_name>Gas Lighting: Energy Multiplier</display_name>
      <description>Sets the annual energy use equal to the annual energy use times this multiplier.</description>
      <type>Double</type>
      <required>true</required>
      <model_dependent>false</model_dependent>
      <default_value>1</default_value>
    </argument>
    <argument>
      <name>gas_lighting_scale_energy</name>
      <display_name>Gas Lighting: Scale Energy Use</display_name>
      <description>If true, scales the energy use relative to a 3-bedroom, 1920 sqft house using the following equation: Fscale = (0.5 + 0.25 x Nbr/3 + 0.25 x FFA/1920) where Nbr is the number of bedrooms and FFA is the finished floor area.</description>
      <type>Boolean</type>
      <required>true</required>
      <model_dependent>false</model_dependent>
      <default_value>true</default_value>
      <choices>
        <choice>
          <value>true</value>
          <display_name>true</display_name>
        </choice>
        <choice>
          <value>false</value>
          <display_name>false</display_name>
        </choice>
      </choices>
    </argument>
    <argument>
      <name>gas_lighting_weekday_sch</name>
      <display_name>Gas Lighting: Weekday schedule</display_name>
      <description>Specify the 24-hour weekday schedule.</description>
      <type>String</type>
      <required>true</required>
      <model_dependent>false</model_dependent>
      <default_value>0.044, 0.023, 0.019, 0.015, 0.016, 0.018, 0.026, 0.033, 0.033, 0.032, 0.033, 0.033, 0.032, 0.032, 0.032, 0.033, 0.045, 0.057, 0.066, 0.076, 0.081, 0.086, 0.075, 0.065</default_value>
    </argument>
    <argument>
      <name>gas_lighting_weekend_sch</name>
      <display_name>Gas Lighting: Weekend schedule</display_name>
      <description>Specify the 24-hour weekend schedule.</description>
      <type>String</type>
      <required>true</required>
      <model_dependent>false</model_dependent>
      <default_value>0.044, 0.023, 0.019, 0.015, 0.016, 0.018, 0.026, 0.033, 0.033, 0.032, 0.033, 0.033, 0.032, 0.032, 0.032, 0.033, 0.045, 0.057, 0.066, 0.076, 0.081, 0.086, 0.075, 0.065</default_value>
    </argument>
    <argument>
      <name>gas_lighting_monthly_sch</name>
      <display_name>Gas Lighting: Month schedule</display_name>
      <description>Specify the 12-month schedule.</description>
      <type>String</type>
      <required>true</required>
      <model_dependent>false</model_dependent>
      <default_value>1.154, 1.161, 1.013, 1.010, 1.013, 0.888, 0.883, 0.883, 0.888, 0.978, 0.974, 1.154</default_value>
    </argument>
  </arguments>
  <outputs/>
  <provenances/>
  <tags>
    <tag>Equipment.Electric Equipment</tag>
  </tags>
  <attributes>
    <attribute>
      <name>Measure Type</name>
      <value>ModelMeasure</value>
      <datatype>string</datatype>
    </attribute>
    <attribute>
      <name>Uses SketchUp API</name>
      <value>false</value>
      <datatype>boolean</datatype>
    </attribute>
  </attributes>
  <files>
    <file>
      <filename>ResidentialLargeUncommonLoads_Test.rb</filename>
      <filetype>rb</filetype>
      <usage_type>test</usage_type>
      <checksum>A7885628</checksum>
    </file>
    <file>
      <version>
        <software_program>OpenStudio</software_program>
        <identifier>1.9.0</identifier>
        <min_compatible>2.0.4</min_compatible>
      </version>
      <filename>measure.rb</filename>
      <filetype>rb</filetype>
      <usage_type>script</usage_type>
      <checksum>FBB0B14D</checksum>
    </file>
  </files>
</measure>
