<measure>
  <schema_version>3.0</schema_version>
  <name>create_residential_eaves</name>
  <uid>13c930a5-6afa-4f3a-869a-48514ec7a224</uid>
  <version_id>436c6ddb-1295-4c1c-acc7-b67f71b6afd1</version_id>
  <version_modified>20170831T031752Z</version_modified>
  <xml_checksum>2AF3A68E</xml_checksum>
  <class_name>CreateResidentialEaves</class_name>
  <display_name>Set Residential Eaves</display_name>
  <description>Sets the eaves for the building. See https://github.com/NREL/OpenStudio-BEopt#workflows for supported workflows using this measure.</description>
  <modeler_description>Performs a series of affine transformations on the roof decks into shading surfaces.</modeler_description>
  <arguments>
    <argument>
      <name>roof_structure</name>
      <display_name>Roof Structure</display_name>
      <description>The roof structure of the building.</description>
      <type>Choice</type>
      <required>true</required>
      <model_dependent>false</model_dependent>
      <default_value>truss, cantilever</default_value>
      <choices>
        <choice>
          <value>truss, cantilever</value>
          <display_name>truss, cantilever</display_name>
        </choice>
        <choice>
          <value>rafter</value>
          <display_name>rafter</display_name>
        </choice>
      </choices>
    </argument>
    <argument>
      <name>eaves_depth</name>
      <display_name>Eaves Depth</display_name>
      <description>The eaves depth of the roof.</description>
      <type>Double</type>
      <units>ft</units>
      <required>true</required>
      <model_dependent>false</model_dependent>
      <default_value>2</default_value>
    </argument>
  </arguments>
  <outputs/>
  <provenances/>
  <tags>
    <tag>Envelope.Form</tag>
  </tags>
  <attributes>
    <attribute>
      <name>Measure Type</name>
      <value>ModelMeasure</value>
      <datatype>string</datatype>
    </attribute>
    <attribute>
      <name>Intended Software Tool</name>
      <value>Apply Measure Now</value>
      <datatype>string</datatype>
    </attribute>
    <attribute>
      <name>Intended Software Tool</name>
      <value>OpenStudio Application</value>
      <datatype>string</datatype>
    </attribute>
    <attribute>
      <name>Intended Software Tool</name>
      <value>Parametric Analysis Tool</value>
      <datatype>string</datatype>
    </attribute>
  </attributes>
  <files>
    <file>
      <filename>USA_CO_Denver_Intl_AP_725650_TMY3.ddy</filename>
      <filetype>ddy</filetype>
      <usage_type>test</usage_type>
      <checksum>FB253570</checksum>
    </file>
    <file>
      <filename>USA_CO_Denver_Intl_AP_725650_TMY3.epw</filename>
      <filetype>epw</filetype>
      <usage_type>test</usage_type>
      <checksum>E23378AA</checksum>
    </file>
    <file>
      <filename>create_residential_eaves_test.rb</filename>
      <filetype>rb</filetype>
      <usage_type>test</usage_type>
      <checksum>E461D5A7</checksum>
    </file>
    <file>
      <filename>geometry.rb</filename>
      <filetype>rb</filetype>
      <usage_type>resource</usage_type>
      <checksum>20190C86</checksum>
    </file>
    <file>
      <filename>constants.rb</filename>
      <filetype>rb</filetype>
      <usage_type>resource</usage_type>
      <checksum>B34275B6</checksum>
    </file>
    <file>
      <version>
        <software_program>OpenStudio</software_program>
        <identifier>1.9.0</identifier>
        <min_compatible>2.0.4</min_compatible>
      </version>
      <filename>measure.rb</filename>
      <filetype>rb</filetype>
      <usage_type>script</usage_type>
      <checksum>93853D47</checksum>
    </file>
    <file>
      <filename>SFD_2000sqft_2story_SL_FR_Denver_AspectRatioHalf.osm</filename>
      <filetype>osm</filetype>
      <usage_type>test</usage_type>
      <checksum>1A021123</checksum>
    </file>
    <file>
      <filename>SFD_2000sqft_2story_SL_FR_Denver_AspectRatioTwo.osm</filename>
      <filetype>osm</filetype>
      <usage_type>test</usage_type>
      <checksum>9F69E732</checksum>
    </file>
    <file>
      <filename>SFD_2000sqft_2story_SL_UA_Denver_GableRoof_AspectRatioHalf.osm</filename>
      <filetype>osm</filetype>
      <usage_type>test</usage_type>
      <checksum>37469B67</checksum>
    </file>
    <file>
      <filename>SFD_2000sqft_2story_SL_UA_Denver_GableRoof_AspectRatioTwo.osm</filename>
      <filetype>osm</filetype>
      <usage_type>test</usage_type>
      <checksum>8A8449E5</checksum>
    </file>
    <file>
      <filename>SFD_2000sqft_2story_SL_UA_Denver_HipRoof_AspectRatioHalf.osm</filename>
      <filetype>osm</filetype>
      <usage_type>test</usage_type>
      <checksum>9A144593</checksum>
    </file>
    <file>
      <filename>SFD_2000sqft_2story_SL_UA_Denver_HipRoof_AspectRatioTwo.osm</filename>
      <filetype>osm</filetype>
      <usage_type>test</usage_type>
      <checksum>149E80C6</checksum>
    </file>
    <file>
      <filename>SFA_4units_1story_FB_UA_Denver_HipRoof.osm</filename>
      <filetype>osm</filetype>
      <usage_type>test</usage_type>
      <checksum>155268AA</checksum>
    </file>
    <file>
      <filename>SFA_4units_1story_FB_UA_Denver_FlatRoof.osm</filename>
      <filetype>osm</filetype>
      <usage_type>test</usage_type>
      <checksum>A8D04DB5</checksum>
    </file>
    <file>
      <filename>SFD_2000sqft_2story_SL_GRG_FlatRoof.osm</filename>
      <filetype>osm</filetype>
      <usage_type>test</usage_type>
      <checksum>FF45B565</checksum>
    </file>
    <file>
      <filename>SFD_2000sqft_2story_SL_GRGLeft_FlatRoof.osm</filename>
      <filetype>osm</filetype>
      <usage_type>test</usage_type>
      <checksum>FF4A3BD3</checksum>
    </file>
    <file>
      <filename>MF_8units_1story_SL_InsetLeft.osm</filename>
      <filetype>osm</filetype>
      <usage_type>test</usage_type>
      <checksum>F1A4ACCD</checksum>
    </file>
    <file>
      <filename>SFD_2000sqft_1story_SL_GRG_FlatRoof.osm</filename>
      <filetype>osm</filetype>
      <usage_type>test</usage_type>
      <checksum>B7EACE33</checksum>
    </file>
    <file>
      <filename>SFD_2000sqft_1story_SL_GRGLeft_FlatRoof.osm</filename>
      <filetype>osm</filetype>
      <usage_type>test</usage_type>
      <checksum>EDF6999D</checksum>
    </file>
    <file>
      <filename>SFA_4units_1story_FB_UA_Denver.osm</filename>
      <filetype>osm</filetype>
      <usage_type>test</usage_type>
      <checksum>3CF3D175</checksum>
    </file>
    <file>
      <filename>SFD_2000sqft_2story_SL_GRGTucked_UA.osm</filename>
      <filetype>osm</filetype>
      <usage_type>test</usage_type>
      <checksum>FC6424F6</checksum>
    </file>
    <file>
      <filename>SFD_2000sqft_2story_SL_UA.osm</filename>
      <filetype>osm</filetype>
      <usage_type>test</usage_type>
      <checksum>A6433770</checksum>
    </file>
    <file>
      <filename>MF_8units_1story_SL_Inset.osm</filename>
      <filetype>osm</filetype>
      <usage_type>test</usage_type>
      <checksum>5A06961A</checksum>
    </file>
    <file>
      <filename>SFD_2000sqft_2story_SL_GRG_UA.osm</filename>
      <filetype>osm</filetype>
      <usage_type>test</usage_type>
      <checksum>4805C9B4</checksum>
    </file>
  </files>
</measure>
