<measure>
  <schema_version>3.0</schema_version>
  <name>process_constructions_finished_roof</name>
  <uid>6349eb9b-6e7e-4ba9-b518-76d2f9f73c79</uid>
  <version_id>732c1b29-e953-4841-8b6b-bf20791f7fde</version_id>
  <version_modified>20180822T022835Z</version_modified>
  <xml_checksum>1E963D9C</xml_checksum>
  <class_name>ProcessConstructionsFinishedRoof</class_name>
  <display_name>Set Residential Finished Roof Construction</display_name>
  <description>This measure assigns a construction to finished roofs. See https://github.com/NREL/OpenStudio-BEopt#workflows for supported workflows using this measure.</description>
  <modeler_description>Calculates and assigns material layer properties of constructions for roofs above finished space. Any existing constructions for these surfaces will be removed.</modeler_description>
  <arguments>
    <argument>
      <name>cavity_r</name>
      <display_name>Cavity Insulation Installed R-value</display_name>
      <description>Refers to the R-value of the cavity insulation and not the overall R-value of the assembly. If batt insulation must be compressed to fit within the cavity (e.g., R19 in a 5.5" 2x6 cavity), use an R-value that accounts for this effect (see HUD Mobile Home Construction and Safety Standards 3280.509 for reference).</description>
      <type>Double</type>
      <units>hr-ft^2-R/Btu</units>
      <required>true</required>
      <model_dependent>false</model_dependent>
      <default_value>30</default_value>
    </argument>
    <argument>
      <name>install_grade</name>
      <display_name>Cavity Install Grade</display_name>
      <description>Installation grade as defined by RESNET standard. 5% of the cavity is considered missing insulation for Grade 3, 2% for Grade 2, and 0% for Grade 1.</description>
      <type>Choice</type>
      <required>true</required>
      <model_dependent>false</model_dependent>
      <default_value>1</default_value>
      <choices>
        <choice>
          <value>1</value>
          <display_name>1</display_name>
        </choice>
        <choice>
          <value>2</value>
          <display_name>2</display_name>
        </choice>
        <choice>
          <value>3</value>
          <display_name>3</display_name>
        </choice>
      </choices>
    </argument>
    <argument>
      <name>cavity_depth</name>
      <display_name>Cavity Depth</display_name>
      <description>Depth of the roof cavity. 3.5" for 2x4s, 5.5" for 2x6s, etc.</description>
      <type>Double</type>
      <units>in</units>
      <required>true</required>
      <model_dependent>false</model_dependent>
      <default_value>9.25</default_value>
    </argument>
    <argument>
      <name>filled_cavity</name>
      <display_name>Insulation Fills Cavity</display_name>
      <description>When the insulation does not completely fill the depth of the cavity, air film resistances are added to the insulation R-value.</description>
      <type>Boolean</type>
      <required>true</required>
      <model_dependent>false</model_dependent>
      <default_value>false</default_value>
      <choices>
        <choice>
          <value>true</value>
          <display_name>true</display_name>
        </choice>
        <choice>
          <value>false</value>
          <display_name>false</display_name>
        </choice>
      </choices>
    </argument>
    <argument>
      <name>framing_factor</name>
      <display_name>Framing Factor</display_name>
      <description>The framing factor of the finished roof.</description>
      <type>Double</type>
      <units>frac</units>
      <required>false</required>
      <model_dependent>false</model_dependent>
      <default_value>0.07</default_value>
    </argument>
    <argument>
      <name>drywall_thick_in</name>
      <display_name>Drywall Thickness</display_name>
      <description>Thickness of the drywall material.</description>
      <type>Double</type>
      <units>in</units>
      <required>true</required>
      <model_dependent>false</model_dependent>
      <default_value>0.5</default_value>
    </argument>
    <argument>
      <name>osb_thick_in</name>
      <display_name>Roof OSB/Plywood Thickness</display_name>
      <description>Specifies the thickness of the roof OSB/plywood sheathing. Enter 0 for no sheathing.</description>
      <type>Double</type>
      <units>in</units>
      <required>true</required>
      <model_dependent>false</model_dependent>
      <default_value>0.75</default_value>
    </argument>
    <argument>
      <name>rigid_r</name>
      <display_name>Roof Continuous Insulation Nominal R-value</display_name>
      <description>The R-value of the roof continuous insulation.</description>
      <type>Double</type>
      <units>h-ft^2-R/Btu</units>
      <required>true</required>
      <model_dependent>false</model_dependent>
      <default_value>0</default_value>
    </argument>
    <argument>
      <name>roofing_material</name>
      <display_name>Roofing Material</display_name>
      <description>The roofing material.</description>
      <type>Choice</type>
      <required>true</required>
      <model_dependent>false</model_dependent>
      <default_value>Asphalt Shingles, Medium</default_value>
      <choices>
        <choice>
          <value>Asphalt Shingles, Dark</value>
          <display_name>Asphalt Shingles, Dark</display_name>
        </choice>
        <choice>
          <value>Asphalt Shingles, Medium</value>
          <display_name>Asphalt Shingles, Medium</display_name>
        </choice>
        <choice>
          <value>Asphalt Shingles, Light</value>
          <display_name>Asphalt Shingles, Light</display_name>
        </choice>
        <choice>
          <value>Asphalt Shingles, White or Cool Colors</value>
          <display_name>Asphalt Shingles, White or Cool Colors</display_name>
        </choice>
        <choice>
          <value>Tile, Dark</value>
          <display_name>Tile, Dark</display_name>
        </choice>
        <choice>
          <value>Tile, Medium</value>
          <display_name>Tile, Medium</display_name>
        </choice>
        <choice>
          <value>Tile, Light</value>
          <display_name>Tile, Light</display_name>
        </choice>
        <choice>
          <value>Tile, White</value>
          <display_name>Tile, White</display_name>
        </choice>
        <choice>
          <value>Metal, Dark</value>
          <display_name>Metal, Dark</display_name>
        </choice>
        <choice>
          <value>Metal, Medium</value>
          <display_name>Metal, Medium</display_name>
        </choice>
        <choice>
          <value>Metal, Light</value>
          <display_name>Metal, Light</display_name>
        </choice>
        <choice>
          <value>Metal, White</value>
          <display_name>Metal, White</display_name>
        </choice>
        <choice>
          <value>Galvanized Steel</value>
          <display_name>Galvanized Steel</display_name>
        </choice>
      </choices>
    </argument>
  </arguments>
  <outputs/>
  <provenances/>
  <tags>
    <tag>Envelope.Opaque</tag>
  </tags>
  <attributes>
    <attribute>
      <name>Measure Type</name>
      <value>ModelMeasure</value>
      <datatype>string</datatype>
    </attribute>
    <attribute>
      <name>Uses SketchUp API</name>
      <value>false</value>
      <datatype>boolean</datatype>
    </attribute>
  </attributes>
  <files>
    <file>
      <version>
        <software_program>OpenStudio</software_program>
        <identifier>1.4.0</identifier>
        <min_compatible>2.0.4</min_compatible>
      </version>
      <filename>measure.rb</filename>
      <filetype>rb</filetype>
      <usage_type>script</usage_type>
      <checksum>A3B1C89A</checksum>
    </file>
    <file>
      <filename>FinishedRoof_Test.rb</filename>
      <filetype>rb</filetype>
      <usage_type>test</usage_type>
      <checksum>07294A6D</checksum>
    </file>
    <file>
      <filename>util.rb</filename>
      <filetype>rb</filetype>
      <usage_type>resource</usage_type>
      <checksum>4516079E</checksum>
    </file>
    <file>
      <filename>materials.rb</filename>
      <filetype>rb</filetype>
      <usage_type>resource</usage_type>
      <checksum>82D32FEE</checksum>
    </file>
    <file>
      <filename>constants.rb</filename>
      <filetype>rb</filetype>
      <usage_type>resource</usage_type>
      <checksum>3BCB1148</checksum>
    </file>
    <file>
      <filename>geometry.rb</filename>
      <filetype>rb</filetype>
      <usage_type>resource</usage_type>
      <checksum>3A649817</checksum>
    </file>
    <file>
      <filename>constructions.rb</filename>
      <filetype>rb</filetype>
      <usage_type>resource</usage_type>
      <checksum>D8B04DC5</checksum>
    </file>
    <file>
      <filename>unit_conversions.rb</filename>
      <filetype>rb</filetype>
      <usage_type>resource</usage_type>
      <checksum>81550F14</checksum>
    </file>
    <file>
      <filename>SFD_2000sqft_2story_SL_FA.osm</filename>
      <filetype>osm</filetype>
      <usage_type>test</usage_type>
      <checksum>89187829</checksum>
    </file>
  </files>
</measure>
