{
  "ResidentialSimulationControls": {
    "timesteps_per_hr": 6,
    "begin_month": 1,
    "begin_day_of_month": 1,
    "end_month": 12,
    "end_day_of_month": 31,
    "applicable": true
  },
  "SetResidentialEPWFile": {
    "weather_directory": "../HPXMLtoOpenStudio/weather",
    "weather_file_name": "USA_CO_Denver.Intl.AP.725650_TMY3.epw",
    "dst_start_date": "April 7",
    "dst_end_date": "October 26",
    "applicable": true
  },
  "CreateResidentialSingleFamilyDetachedGeometry": {
    "total_ffa": 2000.0,
    "wall_height": 8.0,
    "num_floors": 2,
    "aspect_ratio": 2.0,
    "garage_width": 0.0,
    "garage_depth": 20.0,
    "garage_protrusion": 0.0,
    "garage_position": "Right",
    "foundation_type": "slab",
    "foundation_height": 3.0,
    "attic_type": "unfinished attic",
    "roof_type": "gable",
    "roof_pitch": "6:12",
    "roof_structure": "truss, cantilever",
    "eaves_depth": 2.0,
    "num_bedrooms": "3",
    "num_bathrooms": "2",
    "num_occupants": "auto",
    "occupants_weekday_sch": "1.00, 1.00, 1.00, 1.00, 1.00, 1.00, 1.00, 0.88, 0.41, 0.24, 0.24, 0.24, 0.24, 0.24, 0.24, 0.24, 0.29, 0.55, 0.90, 0.90, 0.90, 1.00, 1.00, 1.00",
    "occupants_weekend_sch": "1.00, 1.00, 1.00, 1.00, 1.00, 1.00, 1.00, 0.88, 0.41, 0.24, 0.24, 0.24, 0.24, 0.24, 0.24, 0.24, 0.29, 0.55, 0.90, 0.90, 0.90, 1.00, 1.00, 1.00",
    "occupants_monthly_sch": "1.0, 1.0, 1.0, 1.0, 1.0, 1.0, 1.0, 1.0, 1.0, 1.0, 1.0, 1.0",
    "neighbor_left_offset": 10.0,
    "neighbor_right_offset": 10.0,
    "neighbor_back_offset": 0.0,
    "neighbor_front_offset": 0.0,
    "orientation": 180.0,
    "applicable": true
  },
  "CreateResidentialDoorArea": {
    "door_area": 20.0,
    "applicable": true
  },
  "SetResidentialWindowSkylightArea": {
    "front_wwr": 0.18,
    "back_wwr": 0.18,
    "left_wwr": 0.18,
    "right_wwr": 0.18,
    "front_window_area": 0.0,
    "back_window_area": 0.0,
    "left_window_area": 0.0,
    "right_window_area": 0.0,
    "window_aspect_ratio": 1.333,
    "overhang_depth": 2.0,
    "overhang_offset": 0.5,
    "overhang_front_facade": true,
    "overhang_back_facade": true,
    "overhang_left_facade": true,
    "overhang_right_facade": true,
    "front_skylight_area": 0.0,
    "back_skylight_area": 0.0,
    "left_skylight_area": 0.0,
    "right_skylight_area": 0.0,
    "applicable": true
  },
  "ProcessConstructionsUnfinishedAttic": {
    "ceiling_r": 30.0,
    "ceiling_install_grade": "1",
    "ceiling_ins_thick_in": 8.55,
    "ceiling_framing_factor": 0.07,
    "ceiling_joist_height_in": 3.5,
    "ceiling_drywall_thick_in": 0.5,
    "roof_cavity_r": 0.0,
    "roof_install_grade": "1",
    "roof_cavity_ins_thick_in": 0.0,
    "roof_framing_factor": 0.07,
    "roof_framing_thick_in": 7.25,
    "roof_osb_thick_in": 0.75,
    "roof_rigid_r": 0.0,
    "roofing_material": "Asphalt Shingles, Medium",
    "has_radiant_barrier": false,
    "applicable": true
  },
  "ProcessConstructionsWallsWoodStud": {
    "cavity_r": 13.0,
    "install_grade": "1",
    "cavity_depth_in": 3.5,
    "cavity_filled": true,
    "framing_factor": 0.25,
    "drywall_thick_in": 0.5,
    "osb_thick_in": 0.5,
    "rigid_r": 0.0,
    "exterior_finish": "Vinyl, Light",
    "applicable": true
  },
  "ProcessConstructionsSlab": {
    "perimeter_r": 0.0,
    "perimeter_width": 0.0,
    "whole_r": 0.0,
    "gap_r": 0.0,
    "exterior_r": 0.0,
    "exterior_depth": 0.0,
    "applicable": true
  },
  "ProcessConstructionsFloors": {
    "cavity_r": 19.0,
    "install_grade": "1",
    "framing_factor": 0.13,
    "joist_height_in": 5.5,
    "applicable": true
  },
  "ProcessConstructionsWindowsSkylights": {
    "window_ufactor": 0.37,
    "window_shgc": 0.3,
    "window_heat_shade_mult": 0.7,
    "window_cool_shade_mult": 0.7,
    "skylight_ufactor": 0.33,
    "skylight_shgc": 0.45,
    "skylight_heat_shade_mult": 1.0,
    "skylight_cool_shade_mult": 1.0,
    "applicable": true
  },
  "ProcessConstructionsDoors": {
    "ufactor": 0.2,
    "applicable": true
  },
  "ProcessConstructionsFacadesShared": {
    "shared_building_facades": "none",
    "applicable": true
  },
  "ResidentialHotWaterHeaterTank": {
    "fuel_type": "gas",
    "tank_volume": "auto",
    "setpoint_temp": 125.0,
    "location": "auto",
    "capacity": "40.0",
    "energy_factor": "0.59",
    "recovery_efficiency": 0.76,
    "offcyc_power": 0.0,
    "oncyc_power": 0.0,
    "applicable": true
  },
  "ResidentialHotWaterFixtures": {
    "shower_mult": 1.0,
    "sink_mult": 1.0,
    "bath_mult": 1.0,
    "plant_loop": "auto",
    "schedule_day_shift": 0,
    "applicable": true
  },
  "ResidentialHotWaterDistribution": {
    "pipe_mat": "copper",
    "dist_layout": "trunk and branch",
    "space": "interior",
    "recirc_type": "none",
    "dist_ins": 0.0,
    "applicable": true
  },
  "ProcessSingleSpeedAirSourceHeatPump": {
    "seer": 13.0,
    "hspf": 7.7,
    "eer": 11.4,
    "cop": 3.05,
    "shr": 0.73,
    "fan_power_rated": 0.365,
    "fan_power_installed": 0.5,
    "min_temp": 0.0,
    "crankcase_capacity": 0.02,
    "crankcase_temp": 55.0,
    "eer_capacity_derate_1ton": 1.0,
    "eer_capacity_derate_2ton": 1.0,
    "eer_capacity_derate_3ton": 1.0,
    "eer_capacity_derate_4ton": 1.0,
    "eer_capacity_derate_5ton": 1.0,
    "cop_capacity_derate_1ton": 1.0,
    "cop_capacity_derate_2ton": 1.0,
    "cop_capacity_derate_3ton": 1.0,
    "cop_capacity_derate_4ton": 1.0,
    "cop_capacity_derate_5ton": 1.0,
    "heat_pump_capacity": "autosize",
    "supplemental_efficiency": 1.0,
    "supplemental_capacity": "autosize",
    "dse": "NA",
    "applicable": true
  },
  "ProcessHeatingSetpoints": {
    "weekday_setpoint": "71.0",
    "weekend_setpoint": "71.0",
    "weekday_offset_magnitude": 0.0,
    "weekend_offset_magnitude": 0.0,
    "weekday_offset_schedule": "0,0,0,0,0,0,0,0,0,0,0,0,0,0,0,0,0,0,0,0,0,0,0,0",
    "weekend_offset_schedule": "0,0,0,0,0,0,0,0,0,0,0,0,0,0,0,0,0,0,0,0,0,0,0,0",
    "use_auto_season": false,
    "season_start_month": "Jan",
    "season_end_month": "Dec",
    "applicable": true
  },
  "ProcessCoolingSetpoints": {
    "weekday_setpoint": "76.0",
    "weekend_setpoint": "76.0",
    "weekday_offset_magnitude": 0.0,
    "weekend_offset_magnitude": 0.0,
    "weekday_offset_schedule": "0,0,0,0,0,0,0,0,0,0,0,0,0,0,0,0,0,0,0,0,0,0,0,0",
    "weekend_offset_schedule": "0,0,0,0,0,0,0,0,0,0,0,0,0,0,0,0,0,0,0,0,0,0,0,0",
    "use_auto_season": false,
    "season_start_month": "Jan",
    "season_end_month": "Dec",
    "applicable": true
  },
  "ResidentialRefrigerator": {
    "rated_annual_energy": 434.0,
    "mult": 1.0,
    "weekday_sch": "0.040, 0.039, 0.038, 0.037, 0.036, 0.036, 0.038, 0.040, 0.041, 0.041, 0.040, 0.040, 0.042, 0.042, 0.042, 0.041, 0.044, 0.048, 0.050, 0.048, 0.047, 0.046, 0.044, 0.041",
    "weekend_sch": "0.040, 0.039, 0.038, 0.037, 0.036, 0.036, 0.038, 0.040, 0.041, 0.041, 0.040, 0.040, 0.042, 0.042, 0.042, 0.041, 0.044, 0.048, 0.050, 0.048, 0.047, 0.046, 0.044, 0.041",
    "monthly_sch": "0.837, 0.835, 1.084, 1.084, 1.084, 1.096, 1.096, 1.096, 1.096, 0.931, 0.925, 0.837",
    "location": "auto",
    "applicable": true
  },
  "ResidentialClothesWasher": {
    "imef": 0.95,
    "rated_annual_energy": 387.0,
    "annual_cost": 24.0,
    "test_date": 2007,
    "drum_volume": 3.5,
    "cold_cycle": false,
    "thermostatic_control": true,
    "internal_heater": false,
    "fill_sensor": false,
    "mult_e": 1.0,
    "mult_hw": 1.0,
    "location": "auto",
    "plant_loop": "auto",
    "schedule_day_shift": 0,
    "applicable": true
  },
  "ResidentialClothesDryer": {
    "fuel_type": "gas",
    "cef": 2.4,
    "fuel_split": 0.07,
    "mult": 1.0,
    "location": "auto",
    "applicable": true
  },
  "ResidentialDishwasher": {
    "num_settings": 12,
    "rated_annual_energy": 290.0,
    "has_internal_heater": true,
    "cold_inlet": false,
    "cold_use": 0.0,
    "test_date": 2007,
    "annual_gas_cost": 23.0,
    "mult_e": 1.0,
    "mult_hw": 1.0,
    "location": "auto",
    "plant_loop": "auto",
    "schedule_day_shift": 0,
    "applicable": true
  },
  "ResidentialCookingRange": {
    "fuel_type": "gas",
    "cooktop_ef": 0.4,
    "oven_ef": 0.058,
    "has_elec_ignition": true,
    "mult": 1.0,
    "weekday_sch": "0.007, 0.007, 0.004, 0.004, 0.007, 0.011, 0.025, 0.042, 0.046, 0.048, 0.042, 0.050, 0.057, 0.046, 0.057, 0.044, 0.092, 0.150, 0.117, 0.060, 0.035, 0.025, 0.016, 0.011",
    "weekend_sch": "0.007, 0.007, 0.004, 0.004, 0.007, 0.011, 0.025, 0.042, 0.046, 0.048, 0.042, 0.050, 0.057, 0.046, 0.057, 0.044, 0.092, 0.150, 0.117, 0.060, 0.035, 0.025, 0.016, 0.011",
    "monthly_sch": "1.097, 1.097, 0.991, 0.987, 0.991, 0.890, 0.896, 0.896, 0.890, 1.085, 1.085, 1.097",
    "location": "auto",
    "applicable": true
  },
  "ResidentialLighting": {
    "option_type": "Lamp Fractions",
    "hw_cfl": 0.34,
    "hw_led": 0.0,
    "hw_lfl": 0.0,
    "pg_cfl": 0.34,
    "pg_led": 0.0,
    "pg_lfl": 0.0,
    "mult": 1.0,
    "in_eff": 15.0,
    "cfl_eff": 55.0,
    "led_eff": 80.0,
    "lfl_eff": 88.0,
    "energy_use_interior": 900.0,
    "energy_use_garage": 100.0,
    "energy_use_exterior": 300.0,
    "applicable": true
  },
  "ResidentialMiscElectricLoads": {
    "option_type": "Multiplier",
    "mult": 1.0,
    "energy_use": 2000.0,
    "sens_frac": 0.93,
    "lat_frac": 0.021,
    "weekday_sch": "0.035, 0.033, 0.032, 0.031, 0.032, 0.033, 0.037, 0.042, 0.043, 0.043, 0.043, 0.044, 0.045, 0.045, 0.044, 0.046, 0.048, 0.052, 0.053, 0.05, 0.047, 0.045, 0.04, 0.036",
    "weekend_sch": "0.035, 0.033, 0.032, 0.031, 0.032, 0.033, 0.037, 0.042, 0.043, 0.043, 0.043, 0.044, 0.045, 0.045, 0.044, 0.046, 0.048, 0.052, 0.053, 0.05, 0.047, 0.045, 0.04, 0.036",
    "monthly_sch": "1.248, 1.257, 0.993, 0.989, 0.993, 0.827, 0.821, 0.821, 0.827, 0.99, 0.987, 1.248",
    "applicable": true
  },
  "ResidentialAirflow": {
    "living_ach50": 7.0,
    "garage_ach50": 7.0,
    "finished_basement_ach": 0.0,
    "unfinished_basement_ach": 0.1,
    "crawl_ach": 0.0,
    "pier_beam_ach": 100.0,
    "unfinished_attic_sla": 0.00333,
    "shelter_coef": "auto",
    "has_hvac_flue": false,
    "has_water_heater_flue": false,
    "has_fireplace_chimney": false,
    "terrain": "suburban",
    "mech_vent_type": "exhaust",
    "mech_vent_fan_power": 0.15,
    "mech_vent_total_efficiency": 0.0,
    "mech_vent_sensible_efficiency": 0.0,
    "mech_vent_frac_62_2": 1.0,
    "mech_vent_ashrae_std": "2010",
    "mech_vent_infil_credit": true,
    "is_existing_home": false,
    "mech_vent_cfis_open_time": 20.0,
    "mech_vent_cfis_airflow_frac": 1.0,
    "range_exhaust_hour": 16,
    "bathroom_exhaust_hour": 5,
    "clothes_dryer_exhaust": 100.0,
    "nat_vent_htg_offset": 1.0,
    "nat_vent_clg_offset": 1.0,
    "nat_vent_ovlp_offset": 1.0,
    "nat_vent_htg_season": true,
    "nat_vent_clg_season": true,
    "nat_vent_ovlp_season": true,
    "nat_vent_num_weekdays": 3,
    "nat_vent_num_weekends": 0,
    "nat_vent_frac_windows_open": 0.33,
    "nat_vent_frac_window_area_openable": 0.2,
    "nat_vent_max_oa_hr": 0.0115,
    "nat_vent_max_oa_rh": 0.7,
    "duct_location": "auto",
    "duct_total_leakage": 0.3,
    "duct_supply_frac": 0.6,
    "duct_return_frac": 0.067,
    "duct_ah_supply_frac": 0.067,
    "duct_ah_return_frac": 0.267,
    "duct_location_frac": "auto",
    "duct_num_returns": "auto",
    "duct_supply_area_mult": 1.0,
    "duct_return_area_mult": 1.0,
    "duct_r": 0.0,
    "applicable": true
  },
  "ProcessHVACSizing": {
    "show_debug_info": false,
    "applicable": true
  },
  "ResidentialPhotovoltaics": {
    "size": 2.5,
    "module_type": "Standard",
    "array_type": "FixedRoofMounted",
    "system_losses": 0.14,
    "inverter_efficiency": 0.96,
    "azimuth_type": "relative",
    "azimuth": 180.0,
    "tilt_type": "pitch",
    "tilt": 0.0,
    "applicable": true
  }
}