<measure>
  <schema_version>3.0</schema_version>
  <name>building_characteristics_report</name>
  <uid>90eecbe2-d8e2-47db-9079-5d9029fb3e67</uid>
  <version_id>f123b5f1-327e-45ac-81e7-3201016455fe</version_id>
  <version_modified>20181112T233910Z</version_modified>
  <xml_checksum>2EA103AF</xml_checksum>
  <class_name>BuildingCharacteristicsReport</class_name>
  <display_name>Building Characteristics Report</display_name>
  <description>Reports building characteristics for each simulation.</description>
  <modeler_description>Based on the mode specified, the Meta-Measure will use the appropriate probability distribution files (as found in its resources subdirectory).</modeler_description>
  <arguments/>
  <outputs>
    <output>
      <name>location_region</name>
      <display_name>location_region</display_name>
      <short_name>location_region</short_name>
      <type>String</type>
      <model_dependent>false</model_dependent>
    </output>
    <output>
      <name>location_heating_region</name>
      <display_name>location_heating_region</display_name>
      <short_name>location_heating_region</short_name>
      <type>String</type>
      <model_dependent>false</model_dependent>
    </output>
    <output>
      <name>location_cooling_region</name>
      <display_name>location_cooling_region</display_name>
      <short_name>location_cooling_region</short_name>
      <type>String</type>
      <model_dependent>false</model_dependent>
    </output>
    <output>
      <name>location_epw</name>
      <display_name>location_epw</display_name>
      <short_name>location_epw</short_name>
      <type>String</type>
      <model_dependent>false</model_dependent>
    </output>
    <output>
      <name>vintage</name>
      <display_name>vintage</display_name>
      <short_name>vintage</short_name>
      <type>String</type>
      <model_dependent>false</model_dependent>
    </output>
    <output>
      <name>heating_fuel</name>
      <display_name>heating_fuel</display_name>
      <short_name>heating_fuel</short_name>
      <type>String</type>
      <model_dependent>false</model_dependent>
    </output>
    <output>
      <name>usage_level</name>
      <display_name>usage_level</display_name>
      <short_name>usage_level</short_name>
      <type>String</type>
      <model_dependent>false</model_dependent>
    </output>
    <output>
      <name>geometry_foundation_type</name>
      <display_name>geometry_foundation_type</display_name>
      <short_name>geometry_foundation_type</short_name>
      <type>String</type>
      <model_dependent>false</model_dependent>
    </output>
    <output>
      <name>geometry_heated_basement</name>
      <display_name>geometry_heated_basement</display_name>
      <short_name>geometry_heated_basement</short_name>
      <type>String</type>
      <model_dependent>false</model_dependent>
    </output>
    <output>
      <name>geometry_stories</name>
      <display_name>geometry_stories</display_name>
      <short_name>geometry_stories</short_name>
      <type>String</type>
      <model_dependent>false</model_dependent>
    </output>
    <output>
      <name>geometry_garage</name>
      <display_name>geometry_garage</display_name>
      <short_name>geometry_garage</short_name>
      <type>String</type>
      <model_dependent>false</model_dependent>
    </output>
    <output>
      <name>geometry_house_size</name>
      <display_name>geometry_house_size</display_name>
      <short_name>geometry_house_size</short_name>
      <type>String</type>
      <model_dependent>false</model_dependent>
    </output>
    <output>
      <name>occupants</name>
      <display_name>occupants</display_name>
      <short_name>occupants</short_name>
      <type>String</type>
      <model_dependent>false</model_dependent>
    </output>
    <output>
      <name>orientation</name>
      <display_name>orientation</display_name>
      <short_name>orientation</short_name>
      <type>String</type>
      <model_dependent>false</model_dependent>
    </output>
    <output>
      <name>eaves</name>
      <display_name>eaves</display_name>
      <short_name>eaves</short_name>
      <type>String</type>
      <model_dependent>false</model_dependent>
    </output>
    <output>
      <name>door_area</name>
      <display_name>door_area</display_name>
      <short_name>door_area</short_name>
      <type>String</type>
      <model_dependent>false</model_dependent>
    </output>
    <output>
      <name>window_areas</name>
      <display_name>window_areas</display_name>
      <short_name>window_areas</short_name>
      <type>String</type>
      <model_dependent>false</model_dependent>
    </output>
    <output>
      <name>overhangs</name>
      <display_name>overhangs</display_name>
      <short_name>overhangs</short_name>
      <type>String</type>
      <model_dependent>false</model_dependent>
    </output>
    <output>
      <name>neighbors</name>
      <display_name>neighbors</display_name>
      <short_name>neighbors</short_name>
      <type>String</type>
      <model_dependent>false</model_dependent>
    </output>
    <output>
      <name>insulation_unfinished_attic</name>
      <display_name>insulation_unfinished_attic</display_name>
      <short_name>insulation_unfinished_attic</short_name>
      <type>String</type>
      <model_dependent>false</model_dependent>
    </output>
    <output>
      <name>roof_material</name>
      <display_name>roof_material</display_name>
      <short_name>roof_material</short_name>
      <type>String</type>
      <model_dependent>false</model_dependent>
    </output>
    <output>
      <name>insulation_slab</name>
      <display_name>insulation_slab</display_name>
      <short_name>insulation_slab</short_name>
      <type>String</type>
      <model_dependent>false</model_dependent>
    </output>
    <output>
      <name>insulation_crawlspace</name>
      <display_name>insulation_crawlspace</display_name>
      <short_name>insulation_crawlspace</short_name>
      <type>String</type>
      <model_dependent>false</model_dependent>
    </output>
    <output>
      <name>insulation_unfinished_basement</name>
      <display_name>insulation_unfinished_basement</display_name>
      <short_name>insulation_unfinished_basement</short_name>
      <type>String</type>
      <model_dependent>false</model_dependent>
    </output>
    <output>
      <name>insulation_finished_basement</name>
      <display_name>insulation_finished_basement</display_name>
      <short_name>insulation_finished_basement</short_name>
      <type>String</type>
      <model_dependent>false</model_dependent>
    </output>
    <output>
      <name>insulation_pier_beam</name>
      <display_name>insulation_pier_beam</display_name>
      <short_name>insulation_pier_beam</short_name>
      <type>String</type>
      <model_dependent>false</model_dependent>
    </output>
    <output>
      <name>insulation_interzonal_floor</name>
      <display_name>insulation_interzonal_floor</display_name>
      <short_name>insulation_interzonal_floor</short_name>
      <type>String</type>
      <model_dependent>false</model_dependent>
    </output>
    <output>
      <name>insulation_wall</name>
      <display_name>insulation_wall</display_name>
      <short_name>insulation_wall</short_name>
      <type>String</type>
      <model_dependent>false</model_dependent>
    </output>
    <output>
      <name>windows</name>
      <display_name>windows</display_name>
      <short_name>windows</short_name>
      <type>String</type>
      <model_dependent>false</model_dependent>
    </output>
    <output>
      <name>doors</name>
      <display_name>doors</display_name>
      <short_name>doors</short_name>
      <type>String</type>
      <model_dependent>false</model_dependent>
    </output>
    <output>
      <name>water_heater</name>
      <display_name>water_heater</display_name>
      <short_name>water_heater</short_name>
      <type>String</type>
      <model_dependent>false</model_dependent>
    </output>
    <output>
      <name>hot_water_fixtures</name>
      <display_name>hot_water_fixtures</display_name>
      <short_name>hot_water_fixtures</short_name>
      <type>String</type>
      <model_dependent>false</model_dependent>
    </output>
    <output>
      <name>hot_water_distribution</name>
      <display_name>hot_water_distribution</display_name>
      <short_name>hot_water_distribution</short_name>
      <type>String</type>
      <model_dependent>false</model_dependent>
    </output>
    <output>
      <name>solar_hot_water</name>
      <display_name>solar_hot_water</display_name>
      <short_name>solar_hot_water</short_name>
      <type>String</type>
      <model_dependent>false</model_dependent>
    </output>
    <output>
      <name>hvac_system_is_combined</name>
      <display_name>hvac_system_is_combined</display_name>
      <short_name>hvac_system_is_combined</short_name>
      <type>String</type>
      <model_dependent>false</model_dependent>
    </output>
    <output>
      <name>hvac_system_combined</name>
      <display_name>hvac_system_combined</display_name>
      <short_name>hvac_system_combined</short_name>
      <type>String</type>
      <model_dependent>false</model_dependent>
    </output>
    <output>
      <name>hvac_system_heating_electricity</name>
      <display_name>hvac_system_heating_electricity</display_name>
      <short_name>hvac_system_heating_electricity</short_name>
      <type>String</type>
      <model_dependent>false</model_dependent>
    </output>
    <output>
      <name>hvac_system_heating_natural_gas</name>
      <display_name>hvac_system_heating_natural_gas</display_name>
      <short_name>hvac_system_heating_natural_gas</short_name>
      <type>String</type>
      <model_dependent>false</model_dependent>
    </output>
    <output>
      <name>hvac_system_heating_propane</name>
      <display_name>hvac_system_heating_propane</display_name>
      <short_name>hvac_system_heating_propane</short_name>
      <type>String</type>
      <model_dependent>false</model_dependent>
    </output>
    <output>
      <name>hvac_system_heating_fuel_oil</name>
      <display_name>hvac_system_heating_fuel_oil</display_name>
      <short_name>hvac_system_heating_fuel_oil</short_name>
      <type>String</type>
      <model_dependent>false</model_dependent>
    </output>
    <output>
      <name>hvac_system_heating_wood</name>
      <display_name>hvac_system_heating_wood</display_name>
      <short_name>hvac_system_heating_wood</short_name>
      <type>String</type>
      <model_dependent>false</model_dependent>
    </output>
    <output>
      <name>hvac_system_heating_other_fuel</name>
      <display_name>hvac_system_heating_other_fuel</display_name>
      <short_name>hvac_system_heating_other_fuel</short_name>
      <type>String</type>
      <model_dependent>false</model_dependent>
    </output>
    <output>
      <name>hvac_system_heating_none</name>
      <display_name>hvac_system_heating_none</display_name>
      <short_name>hvac_system_heating_none</short_name>
      <type>String</type>
      <model_dependent>false</model_dependent>
    </output>
    <output>
      <name>hvac_system_cooling</name>
      <display_name>hvac_system_cooling</display_name>
      <short_name>hvac_system_cooling</short_name>
      <type>String</type>
      <model_dependent>false</model_dependent>
    </output>
    <output>
      <name>hvac_system_cooling_type</name>
      <display_name>hvac_system_cooling_type</display_name>
      <short_name>hvac_system_cooling_type</short_name>
      <type>String</type>
      <model_dependent>false</model_dependent>
    </output>
    <output>
      <name>heating_setpoint</name>
      <display_name>heating_setpoint</display_name>
      <short_name>heating_setpoint</short_name>
      <type>String</type>
      <model_dependent>false</model_dependent>
    </output>
    <output>
      <name>cooling_setpoint</name>
      <display_name>cooling_setpoint</display_name>
      <short_name>cooling_setpoint</short_name>
      <type>String</type>
      <model_dependent>false</model_dependent>
    </output>
    <output>
      <name>ceiling_fan</name>
      <display_name>ceiling_fan</display_name>
      <short_name>ceiling_fan</short_name>
      <type>String</type>
      <model_dependent>false</model_dependent>
    </output>
    <output>
      <name>dehumidifier</name>
      <display_name>dehumidifier</display_name>
      <short_name>dehumidifier</short_name>
      <type>String</type>
      <model_dependent>false</model_dependent>
    </output>
    <output>
      <name>refrigerator</name>
      <display_name>refrigerator</display_name>
      <short_name>refrigerator</short_name>
      <type>String</type>
      <model_dependent>false</model_dependent>
    </output>
    <output>
      <name>cooking_range</name>
      <display_name>cooking_range</display_name>
      <short_name>cooking_range</short_name>
      <type>String</type>
      <model_dependent>false</model_dependent>
    </output>
    <output>
      <name>dishwasher</name>
      <display_name>dishwasher</display_name>
      <short_name>dishwasher</short_name>
      <type>String</type>
      <model_dependent>false</model_dependent>
    </output>
    <output>
      <name>clothes_washer</name>
      <display_name>clothes_washer</display_name>
      <short_name>clothes_washer</short_name>
      <type>String</type>
      <model_dependent>false</model_dependent>
    </output>
    <output>
      <name>clothes_dryer</name>
      <display_name>clothes_dryer</display_name>
      <short_name>clothes_dryer</short_name>
      <type>String</type>
      <model_dependent>false</model_dependent>
    </output>
    <output>
      <name>lighting</name>
      <display_name>lighting</display_name>
      <short_name>lighting</short_name>
      <type>String</type>
      <model_dependent>false</model_dependent>
    </output>
    <output>
      <name>plug_loads</name>
      <display_name>plug_loads</display_name>
      <short_name>plug_loads</short_name>
      <type>String</type>
      <model_dependent>false</model_dependent>
    </output>
    <output>
      <name>misc_extra_refrigerator</name>
      <display_name>misc_extra_refrigerator</display_name>
      <short_name>misc_extra_refrigerator</short_name>
      <type>String</type>
      <model_dependent>false</model_dependent>
    </output>
    <output>
      <name>misc_freezer</name>
      <display_name>misc_freezer</display_name>
      <short_name>misc_freezer</short_name>
      <type>String</type>
      <model_dependent>false</model_dependent>
    </output>
    <output>
      <name>misc_gas_fireplace</name>
      <display_name>misc_gas_fireplace</display_name>
      <short_name>misc_gas_fireplace</short_name>
      <type>String</type>
      <model_dependent>false</model_dependent>
    </output>
    <output>
      <name>misc_gas_grill</name>
      <display_name>misc_gas_grill</display_name>
      <short_name>misc_gas_grill</short_name>
      <type>String</type>
      <model_dependent>false</model_dependent>
    </output>
    <output>
      <name>misc_gas_lighting</name>
      <display_name>misc_gas_lighting</display_name>
      <short_name>misc_gas_lighting</short_name>
      <type>String</type>
      <model_dependent>false</model_dependent>
    </output>
    <output>
      <name>misc_hot_tub_spa</name>
      <display_name>misc_hot_tub_spa</display_name>
      <short_name>misc_hot_tub_spa</short_name>
      <type>String</type>
      <model_dependent>false</model_dependent>
    </output>
    <output>
      <name>misc_pool</name>
      <display_name>misc_pool</display_name>
      <short_name>misc_pool</short_name>
      <type>String</type>
      <model_dependent>false</model_dependent>
    </output>
    <output>
      <name>misc_well_pump</name>
      <display_name>misc_well_pump</display_name>
      <short_name>misc_well_pump</short_name>
      <type>String</type>
      <model_dependent>false</model_dependent>
    </output>
    <output>
      <name>ducts</name>
      <display_name>ducts</display_name>
      <short_name>ducts</short_name>
      <type>String</type>
      <model_dependent>false</model_dependent>
    </output>
    <output>
      <name>infiltration</name>
      <display_name>infiltration</display_name>
      <short_name>infiltration</short_name>
      <type>String</type>
      <model_dependent>false</model_dependent>
    </output>
    <output>
      <name>natural_ventilation</name>
      <display_name>natural_ventilation</display_name>
      <short_name>natural_ventilation</short_name>
      <type>String</type>
      <model_dependent>false</model_dependent>
    </output>
    <output>
      <name>mechanical_ventilation</name>
      <display_name>mechanical_ventilation</display_name>
      <short_name>mechanical_ventilation</short_name>
      <type>String</type>
      <model_dependent>false</model_dependent>
    </output>
    <output>
      <name>bathroom_spot_vent_hour</name>
      <display_name>bathroom_spot_vent_hour</display_name>
      <short_name>bathroom_spot_vent_hour</short_name>
      <type>String</type>
      <model_dependent>false</model_dependent>
    </output>
    <output>
      <name>range_spot_vent_hour</name>
      <display_name>range_spot_vent_hour</display_name>
      <short_name>range_spot_vent_hour</short_name>
      <type>String</type>
      <model_dependent>false</model_dependent>
    </output>
    <output>
      <name>pv</name>
      <display_name>pv</display_name>
      <short_name>pv</short_name>
      <type>String</type>
      <model_dependent>false</model_dependent>
    </output>
    <output>
      <name>days_shifted</name>
      <display_name>days_shifted</display_name>
      <short_name>days_shifted</short_name>
      <type>String</type>
      <model_dependent>false</model_dependent>
    </output>
    <output>
      <name>location_city</name>
      <display_name>location_city</display_name>
      <short_name>location_city</short_name>
      <type>String</type>
      <model_dependent>false</model_dependent>
    </output>
    <output>
      <name>location_state</name>
      <display_name>location_state</display_name>
      <short_name>location_state</short_name>
      <type>String</type>
      <model_dependent>false</model_dependent>
    </output>
    <output>
      <name>location_latitude</name>
      <display_name>location_latitude</display_name>
      <short_name>location_latitude</short_name>
      <type>String</type>
      <model_dependent>false</model_dependent>
    </output>
    <output>
      <name>location_longitude</name>
      <display_name>location_longitude</display_name>
      <short_name>location_longitude</short_name>
      <type>String</type>
      <model_dependent>false</model_dependent>
    </output>
  </outputs>
  <provenances/>
  <tags>
    <tag>Whole Building.Space Types</tag>
  </tags>
  <attributes>
    <attribute>
      <name>Measure Type</name>
      <value>ReportingMeasure</value>
      <datatype>string</datatype>
    </attribute>
    <attribute>
      <name>Uses SketchUp API</name>
      <value>false</value>
      <datatype>boolean</datatype>
    </attribute>
  </attributes>
  <files>
    <file>
      <version>
        <software_program>OpenStudio</software_program>
        <identifier>1.9.0</identifier>
        <min_compatible>1.9.0</min_compatible>
      </version>
      <filename>measure.rb</filename>
      <filetype>rb</filetype>
      <usage_type>script</usage_type>
      <checksum>A9F455CC</checksum>
    </file>
  </files>
</measure>
