{
  "build_existing_model": {
    "building_id": 438,
    "workflow_json": "/mnt/openstudio/analysis_fe821d2c-df1e-4105-9ee6-6c7fef1463ae/lib/resources/measure-info.json",
    "number_of_buildings_represented": 16000000,
    "location_region": "CR09",
    "location_epw": "0909107_United_States_AL_Jefferson_01073_722280_33.57_-86.74_NSRDB_2.0.1_2012_AMY.epw",
    "location_census_division": "South Atlantic - East South Central",
    "vintage": "1990s",
    "heating_fuel": "Electricity",
    "usage_level": "Medium",
    "geometry_foundation_type": "Crawl",
    "geometry_stories": "2+",
    "geometry_garage": "None",
    "geometry_house_size": "1500-2499",
    "occupants": "Auto",
    "orientation": "South",
    "eaves": "2 ft",
    "door_area": "20 ft^2",
    "window_areas": "F15 B15 L15 R15",
    "overhangs": "None",
    "neighbors": "Left/Right at 15ft",
    "insulation_unfinished_attic": "Ceiling R-30, Vented",
    "roof_sheathing": "3/4 in. OSB",
    "roof_material": "Asphalt Shingles, Medium",
    "thermal_mass_ceiling": "1/2 in. Drywall",
    "insulation_slab": "None",
    "insulation_crawlspace": "Ceiling R-19, Vented",
    "insulation_unfinished_basement": "None",
    "insulation_finished_basement": "None",
    "insulation_pier_beam": "None",
    "insulation_interzonal_floor": "Uninsulated",
    "floor_sheathing": "3/4 in. OSB",
    "floor_covering": "80% Carpet",
    "thermal_mass_floor": "Wood Surface",
    "insulation_wall": "Wood Stud, R-11",
    "wall_sheathing": "1/2 in. OSB",
    "exterior_finish": "Vinyl, Light",
    "thermal_mass_exterior_wall": "1/2 in. Drywall",
    "thermal_mass_partition_wall": "1/2 in. Drywall",
    "uninsulated_surfaces": "Uninsulated",
    "windows": "Clear, Single, Metal",
    "doors": "Fiberglass",
    "thermal_mass_furniture": "Standard",
    "water_heater": "Electric Standard",
    "hot_water_fixtures": "100%",
    "hot_water_distribution": "Uninsulated, TrunkBranch, Copper",
    "solar_hot_water": "None",
    "hvac_system_is_combined": "Yes",
    "hvac_system_combined": "ASHP, SEER 10, 6.2 HSPF",
    "hvac_system_heating_electricity": "None",
    "hvac_system_heating_natural_gas": "None",
    "hvac_system_heating_propane": "None",
    "hvac_system_heating_fuel_oil": "None",
    "hvac_system_heating_other_fuel": "None",
    "hvac_system_heating_none": "None",
    "hvac_system_cooling": "None",
    "hvac_system_cooling_type": "None",
    "heating_setpoint": "FIXME Location Average",
    "cooling_setpoint": "FIXME Location Average",
    "ceiling_fan": "National Average",
    "dehumidifier": "None",
    "refrigerator": "EF 15.9",
    "cooking_range": "Electric, 100% Usage",
    "dishwasher": "290 Rated kWh, 100% Usage",
    "clothes_washer": "Standard, 100% Usage",
    "clothes_dryer": "Gas, 100% Usage",
    "lighting": "100% Incandescent",
    "plug_loads": "100%",
    "misc_extra_refrigerator": "EF 6.9, National Average",
    "misc_freezer": "EF 12, National Average",
    "misc_gas_fireplace": "National Average",
    "misc_gas_grill": "National Average",
    "misc_gas_lighting": "National Average",
    "misc_hot_tub_spa": "National Average",
    "misc_pool": "National Average",
    "misc_well_pump": "National Average",
    "ducts": "20% Leakage, Uninsulated",
    "infiltration": "10 ACH50",
    "natural_ventilation": "Year-Round, 3 days/wk",
    "mechanical_ventilation": "None",
    "pv": "None",
    "weight": "800.0",
    "applicable": true
  },
  "building_characteristics_report": {
    "workflow_json": "/mnt/openstudio/analysis_fe821d2c-df1e-4105-9ee6-6c7fef1463ae/lib/resources/measure-info.json",
    "location_region": "CR09",
    "location_epw": "0909107_United_States_AL_Jefferson_01073_722280_33.57_-86.74_NSRDB_2.0.1_2012_AMY.epw",
    "location_census_division": "South Atlantic - East South Central",
    "vintage": "1990s",
    "heating_fuel": "Electricity",
    "usage_level": "Medium",
    "geometry_foundation_type": "Crawl",
    "geometry_stories": "2+",
    "geometry_garage": "None",
    "geometry_house_size": "1500-2499",
    "occupants": "Auto",
    "orientation": "South",
    "eaves": "2 ft",
    "door_area": "20 ft^2",
    "window_areas": "F15 B15 L15 R15",
    "overhangs": "None",
    "neighbors": "Left/Right at 15ft",
    "insulation_unfinished_attic": "Ceiling R-30, Vented",
    "roof_sheathing": "3/4 in. OSB",
    "roof_material": "Asphalt Shingles, Medium",
    "thermal_mass_ceiling": "1/2 in. Drywall",
    "insulation_slab": "None",
    "insulation_crawlspace": "Ceiling R-19, Vented",
    "insulation_unfinished_basement": "None",
    "insulation_finished_basement": "None",
    "insulation_pier_beam": "None",
    "insulation_interzonal_floor": "Uninsulated",
    "floor_sheathing": "3/4 in. OSB",
    "floor_covering": "80% Carpet",
    "thermal_mass_floor": "Wood Surface",
    "insulation_wall": "Wood Stud, R-11",
    "wall_sheathing": "1/2 in. OSB",
    "exterior_finish": "Vinyl, Light",
    "thermal_mass_exterior_wall": "1/2 in. Drywall",
    "thermal_mass_partition_wall": "1/2 in. Drywall",
    "uninsulated_surfaces": "Uninsulated",
    "windows": "Clear, Single, Metal",
    "doors": "Fiberglass",
    "thermal_mass_furniture": "Standard",
    "water_heater": "Electric Standard",
    "hot_water_fixtures": "100%",
    "hot_water_distribution": "Uninsulated, TrunkBranch, Copper",
    "solar_hot_water": "None",
    "hvac_system_is_combined": "Yes",
    "hvac_system_combined": "ASHP, SEER 10, 6.2 HSPF",
    "hvac_system_heating_electricity": "None",
    "hvac_system_heating_natural_gas": "None",
    "hvac_system_heating_propane": "None",
    "hvac_system_heating_fuel_oil": "None",
    "hvac_system_heating_other_fuel": "None",
    "hvac_system_heating_none": "None",
    "hvac_system_cooling": "None",
    "hvac_system_cooling_type": "None",
    "heating_setpoint": "FIXME Location Average",
    "cooling_setpoint": "FIXME Location Average",
    "ceiling_fan": "National Average",
    "dehumidifier": "None",
    "refrigerator": "EF 15.9",
    "cooking_range": "Electric, 100% Usage",
    "dishwasher": "290 Rated kWh, 100% Usage",
    "clothes_washer": "Standard, 100% Usage",
    "clothes_dryer": "Gas, 100% Usage",
    "lighting": "100% Incandescent",
    "plug_loads": "100%",
    "misc_extra_refrigerator": "EF 6.9, National Average",
    "misc_freezer": "EF 12, National Average",
    "misc_gas_fireplace": "National Average",
    "misc_gas_grill": "National Average",
    "misc_gas_lighting": "National Average",
    "misc_hot_tub_spa": "National Average",
    "misc_pool": "National Average",
    "misc_well_pump": "National Average",
    "ducts": "20% Leakage, Uninsulated",
    "infiltration": "10 ACH50",
    "natural_ventilation": "Year-Round, 3 days/wk",
    "mechanical_ventilation": "None",
    "pv": "None",
    "weight": "800.0",
    "location_city": "Jefferson",
    "location_state": "Alabama",
    "location_latitude": 33.57,
    "location_longitude": -86.74,
    "applicable": true
  },
  "simulation_output_report": {
    "total_site_energy_mbtu": 63.058273014445,
    "net_site_energy_mbtu": 63.058273014445,
    "total_site_electricity_kwh": 17188.888888888887,
    "net_site_electricity_kwh": 17188.888888888887,
    "electricity_heating_kwh": 3408.3333333333335,
    "electricity_cooling_kwh": 3388.888888888889,
    "electricity_interior_lighting_kwh": 1711.111111111111,
    "electricity_exterior_lighting_kwh": 350.0,
    "electricity_interior_equipment_kwh": 4375.0,
    "electricity_fans_kwh": 1258.3333333333333,
    "electricity_pumps_kwh": 0.0,
    "electricity_water_systems_kwh": 2697.222222222222,
    "electricity_pv_kwh": 0.0,
    "total_site_natural_gas_therm": 44.07349609456925,
    "natural_gas_heating_therm": 0.0,
    "natural_gas_interior_equipment_therm": 44.07349609456925,
    "natural_gas_water_systems_therm": 0.0,
    "total_site_other_fuel_mbtu": 0.0,
    "other_fuel_heating_mbtu": 0.0,
    "other_fuel_interior_equipment_mbtu": 0.0,
    "other_fuel_water_systems_mbtu": 0.0,
    "hours_heating_setpoint_not_met": 0.0,
    "hours_cooling_setpoint_not_met": 0.0,
    "hvac_cooling_capacity_w": 12417.3632591639,
    "hvac_heating_capacity_w": 12417.3632591639,
    "weight": 800.0,
    "upgrade_name": "",
    "upgrade_cost_usd": "",
    "applicable": true
  },
  "timeseries_csv_export": {
    "reporting_frequency": "Hourly",
    "inc_output_variables": false,
    "applicable": true
  },
  "server_directory_cleanup": {
    "applicable": true
  }
}